"","baseMean","log2FoldChange","lfcSE","stat","pvalue","padj"
"AWJ11_00655",2122.86641570836,6.44725453858811,0.130523801801102,49.3952401755255,0,0
"AWJ11_00890",2508.16172086279,4.20159814548381,0.0990140761196989,42.4343518633095,0,0
"AWJ11_00895",4735.64354752723,3.86807363910247,0.0776614344343394,49.8068786299952,0,0
"AWJ11_00985",1627.31364588674,5.84008062545332,0.117400607753316,49.7448926135423,0,0
"AWJ11_01175",3875.76331403217,-4.75238025204206,0.107248100890249,-44.3120224283071,0,0
"AWJ11_02755",2259.25666030569,5.29638166642716,0.0989856773807739,53.5065456596641,0,0
"AWJ11_03170",7498.68057379617,4.623774580607,0.0971463547387455,47.5959658295121,0,0
"AWJ11_03345",2390.72802112099,9.18103551211089,0.223684860408596,41.0445100993437,0,0
"AWJ11_03780",843.504726292306,6.28676290967057,0.159890759556355,39.3191134191512,0,0
"AWJ11_03795",5273.29986539455,5.95816691392734,0.0906471855311618,65.7291991915082,0,0
"AWJ11_03860",1822.06563647778,5.11695478155295,0.107339121661954,47.6709209310276,0,0
"AWJ11_03865",747.226155882337,5.54802995340203,0.143697000319906,38.6092259480066,0,0
"AWJ11_03870",4657.45189517906,6.8020810957479,0.10203992322058,66.6609781844293,0,0
"AWJ11_03875",1455.22702686515,4.12635751897313,0.099483896281895,41.4776428466452,0,0
"AWJ11_04260",1558.1972029778,4.57532013948862,0.0969160958826968,47.2090842890163,0,0
"AWJ11_04395",2715.88122132083,-4.6506455135775,0.109796859649226,-42.356817202561,0,0
"AWJ11_04520",1042.85885217443,4.28153951676167,0.106825061761358,40.0799161373427,0,0
"AWJ11_05335",1913.83623229618,6.31905296915508,0.122468902546647,51.5972041698358,0,0
"AWJ11_05365",1863.88913663604,5.14432082884671,0.111238336814971,46.2459344156103,0,0
"AWJ11_05370",1491.09907774168,6.541453532732,0.137505277608659,47.5723815586849,0,0
"AWJ11_06405",1603.22590012158,8.3067555921025,0.206458060093933,40.2345909301052,0,0
"AWJ11_06410",2541.10590770454,9.04978601540062,0.209712584773918,43.1532805966643,0,0
"AWJ11_06415",1784.47159406905,6.49783694694887,0.13050180404718,49.7911656807422,0,0
"AWJ11_06420",1595.75714052038,7.47798985049973,0.164361459405932,45.4972222656587,0,0
"AWJ11_06425",1456.61288805336,7.90379056017347,0.194210174986261,40.6970981861924,0,0
"AWJ11_06435",1532.54151929635,6.79310475627498,0.14287687122489,47.5451673740991,0,0
"AWJ11_06440",3035.89640881341,6.48576474455057,0.108778413056166,59.6236382047764,0,0
"AWJ11_06450",5521.88132155956,6.61557533150497,0.0931584923873317,71.0141948626532,0,0
"AWJ11_06460",2254.3312910693,7.19264884389409,0.136787319584987,52.5827164807134,0,0
"AWJ11_06465",1683.84411623001,6.50382525708231,0.137949112179558,47.1465539308202,0,0
"AWJ11_06470",999.056272067738,7.12507119777462,0.185184913787883,38.4754408554895,0,0
"AWJ11_06475",11727.174336819,6.15015417101902,0.0796142737583184,77.249391104022,0,0
"AWJ11_06480",2937.92109487503,6.74781088447638,0.113486044962708,59.4593889204066,0,0
"AWJ11_06485",9862.74271445978,5.75243822821091,0.0777727328177087,73.9647177076063,0,0
"AWJ11_06490",4305.10111811406,6.92655961188938,0.11083643934077,62.4935233672878,0,0
"AWJ11_06495",2507.8856951988,6.40221487813866,0.111997447973681,57.1639353750557,0,0
"AWJ11_06510",999.761504833937,5.09266463901904,0.127805062505127,39.8471276426531,0,0
"AWJ11_06525",10674.6072308759,5.8421370800507,0.0800963718189575,72.9388478825948,0,0
"AWJ11_06530",25970.1841066501,4.33244500299333,0.0747004061545225,57.997609732287,0,0
"AWJ11_07155",2764.98117711131,6.42037210533106,0.114610549727564,56.0190324589898,0,0
"AWJ11_07375",1367.23252517962,5.41828221027114,0.118019084569516,45.9102206226624,0,0
"AWJ11_09035",3378.6968966115,8.66583144545821,0.167528955325746,51.7273651507479,0,0
"AWJ11_09040",14172.3916512743,8.88404734793734,0.115733822203692,76.7627576690708,0,0
"AWJ11_10085",5936.15602596792,-4.56058985723262,0.103169183890493,-44.2049620366619,0,0
"AWJ11_10425",2619.99398702889,6.29904796796426,0.110928440577897,56.7847878790009,0,0
"AWJ11_10515",5218.14574910412,4.7403457094945,0.112893408892881,41.9895701262096,0,0
"AWJ11_10545",1549.84778305079,4.56654336984723,0.100819518566726,45.2942390002085,0,0
"AWJ11_10550",3894.24510151799,5.65880651869484,0.0907450805205764,62.3593751444378,0,0
"AWJ11_10555",2071.37855241721,4.66433524656168,0.0951002599849942,49.046503629934,0,0
"AWJ11_10560",1876.11617017413,5.10180847554217,0.107246068829317,47.5710534776034,0,0
"AWJ11_10930",1292.97985210816,4.0770174953268,0.0959815932023557,42.4770766904371,0,0
"AWJ11_12175",2859.87411567783,-4.29852867290304,0.109382741337983,-39.298052145365,0,0
"AWJ11_12485",1395.95950779332,4.0557946435184,0.0973301003929337,41.6705071416206,0,0
"AWJ11_12850",2797.8030547805,-4.73973214129312,0.113956713015552,-41.5923907935663,0,0
"AWJ11_12865",2786.0577795533,4.67938891280688,0.0848172937585212,55.1702218433109,0,0
"AWJ11_15980",4743.53628218991,4.50828057571389,0.0793772598263777,56.795618613881,0,0
"AWJ11_16240",5910.44037994263,5.68105965148724,0.0839858780201138,67.6430345840604,0,0
"AWJ11_16380",872.485418814665,5.75697003751697,0.148037304284809,38.8886440842043,0,0
"AWJ11_16605",5092.57591802999,3.45595970417892,0.0778569522619716,44.3885819284367,0,0
"AWJ11_15990",1192.58603076355,3.62995069261787,0.0943747605020673,38.4631513055692,9.88131291682493e-324,4.74303020007597e-322
"AWJ11_06430",1137.57063809751,7.67007036146298,0.199729855225463,38.4022226061532,1.18575755001899e-322,5.6274077061318e-321
"AWJ11_13160",1201.16227241137,3.90265217584777,0.103094920304571,37.8549414880798,1.41990088600273e-313,6.62773090982455e-312
"AWJ11_04445",1941.37253745854,3.21605610372625,0.0850414882331056,37.8174955606466,5.86139523950225e-313,2.69252028938413e-311
"AWJ11_15995",4655.56625292712,3.16462439671035,0.0857389258183708,36.9100075199715,3.19319950020393e-298,1.44392489899846e-296
"AWJ11_08225",724.16949306341,5.46383615201961,0.149505100755869,36.5461521004669,2.05261769804382e-292,9.13888556636739e-291
"AWJ11_05360",2831.44831887179,3.70614293323189,0.102260730018532,36.242093446431,1.32376574725085e-287,5.80451223112721e-286
"AWJ11_16010",914.784262807079,4.13813846376736,0.115799301220831,35.7354355349336,1.11387934010273e-279,4.81129374665267e-278
"AWJ11_06565",718.626279949136,4.00520405932062,0.112803397792751,35.5060586621619,3.9633849643372e-276,1.68677001276351e-274
"AWJ11_06575",808.740379197944,4.00926524528637,0.113656364453463,35.2753254475948,1.40364928309295e-272,5.88718989169712e-271
"AWJ11_01375",1738.38105686443,-5.71374327446166,0.162658261264349,-35.1272860661887,2.5838578498937e-270,1.06824065965605e-268
"AWJ11_15975",2267.20157543131,3.22489577502038,0.0922124929148752,34.9724389080057,5.90556863360961e-268,2.40714304586848e-266
"AWJ11_12195",2012.55224023201,-3.95256810943357,0.114685656101364,-34.4643632324877,2.74395508597777e-260,1.10291750261384e-258
"AWJ11_09045",776.545899075544,7.30380662819603,0.212311691194428,34.401339780707,2.40781491102477e-259,9.5455018527475e-258
"AWJ11_11900",704.56484618089,3.73663107933399,0.108994118607232,34.2828689023046,1.41274221166379e-257,5.52496751426354e-256
"AWJ11_06345",12843.4898392432,3.61009451766635,0.105471652403286,34.2281023896605,9.23667698704032e-257,3.56412576006596e-255
"AWJ11_14545",4426.91817355981,-2.6932692574731,0.0788541484955352,-34.1550737514538,1.124242352646e-255,4.2809965375757e-254
"AWJ11_08220",1310.03468071751,8.77060678920772,0.258191638088946,33.9693680791718,6.31501040128704e-253,2.37345975341879e-251
"AWJ11_01850",954.349008399717,7.92232585031359,0.234350821989185,33.8054109777315,1.64227454419699e-250,6.09325965500781e-249
"AWJ11_07985",1070.94647900635,3.17655509923281,0.0939781877076796,33.8009827249864,1.90770713890545e-250,6.98848665821818e-249
"AWJ11_08495",838.101381870472,3.58081212241826,0.106251020566389,33.7014374387197,5.50708297429631e-249,1.99218726595169e-247
"AWJ11_06865",3250.97037441161,2.69081461392162,0.0800830258072147,33.6003115116962,1.66003823560205e-247,5.93105018991647e-246
"AWJ11_15120",1126.00494195965,3.37803508389786,0.103165835119655,32.7437380793739,3.72799858469008e-235,1.31571072001135e-233
"AWJ11_07925",2119.70798528983,2.80025106765755,0.0859835519062543,32.5672876448579,1.1919480518837e-232,4.1560212797005e-231
"AWJ11_01890",1460.38799356918,-4.00439934404961,0.124714896288509,-32.108428609731,3.3627515907881e-226,1.15854798854057e-224
"AWJ11_03800",481.44194730483,4.57783299246363,0.142715212462355,32.0766995576673,9.31860522759375e-226,3.17271100337133e-224
"AWJ11_14335",1681.03442027578,3.23730037711771,0.101157050886965,32.0027160611387,9.99557130304651e-225,3.36362597104844e-223
"AWJ11_12225",1996.15693145983,-3.35537057253363,0.105092158828122,-31.9278870084049,1.09553361136958e-223,3.64422330034894e-222
"AWJ11_01750",1815.92868411133,-3.21606028275182,0.102139890231934,-31.4868194536821,1.31613448626268e-217,4.32828773095932e-216
"AWJ11_01660",5031.6507034847,-2.48550241299774,0.0799042381383622,-31.1060147860223,1.99718438461267e-212,6.49421529108882e-211
"AWJ11_01895",1855.13806806646,-3.53151306460768,0.11399488183629,-30.9795756416445,1.01578053392858e-210,3.26629873909923e-209
"AWJ11_16370",7072.54073367454,2.97408693023318,0.0964822692329944,30.8252174609521,1.2038315963427e-208,3.82844905474262e-207
"AWJ11_15430",1194.30551564425,-4.93339518572027,0.160267226788257,-30.7823083021097,4.52068298451864e-208,1.42204962578228e-206
"AWJ11_10815",12322.8074616238,-3.62484858800601,0.118461838157855,-30.5992937841786,1.25072146682428e-205,3.89203002687039e-204
"AWJ11_11865",644.084856350565,3.25897989993557,0.107549236473467,30.3022132634068,1.07190897151259e-201,3.30011123782706e-200
"AWJ11_16290",453.895885300726,5.438607769548,0.17975679639332,30.2553665767827,4.43463782208997e-201,1.35093072180299e-199
"AWJ11_03340",380.292162488146,5.43940255480962,0.180031821850544,30.2135616853625,1.57174902425541e-200,4.7381684127033e-199
"AWJ11_06820",510.514352247207,3.96279077376962,0.132743385464392,29.8530187391719,8.02144066443836e-196,2.39320095699841e-194
"glpT",960.648711033999,2.98904416356385,0.100630603942313,29.7031325110333,6.99568446536699e-194,2.06586845334409e-192
"AWJ11_07380",435.708353953004,6.26906858329962,0.212813783170257,29.4580007455823,9.94373622332262e-191,2.90678511417128e-189
"AWJ11_15985",1139.11178248105,2.91216019430038,0.0995551758788411,29.2517206523194,4.26960741510151e-188,1.23562438593038e-186
"AWJ11_14355",1252.9586575597,3.56036378459689,0.122556644438585,29.0507609840855,1.50511284603761e-185,4.31266987765627e-184
"AWJ11_06500",581.893114214526,7.40452089588322,0.255527229849336,28.97742405085,1.2669456603343e-184,3.59464778530144e-183
"AWJ11_01015",668.506731861598,3.63392359715617,0.126412697094778,28.746507911556,1.00153031402681e-181,2.81400847455689e-180
"AWJ11_10775",1238.60945658955,-3.32890865910562,0.116447427706856,-28.5872236481324,9.68586507390007e-180,2.69527822344873e-178
"AWJ11_16030",384.744464318973,4.61816100910656,0.161910105020352,28.5229943401374,6.07633208959091e-179,1.67475286355011e-177
"AWJ11_15095",2059.73417001196,-2.86090217149184,0.100383709344153,-28.4996658340609,1.18265167719695e-178,3.22886222057356e-177
"AWJ11_07315",1335.25934883425,-4.55229296753653,0.159765727383683,-28.4935514148417,1.40806068111094e-178,3.80834356180847e-177
"AWJ11_08615",356.573136979006,4.25384901347702,0.149639088705874,28.4273918684325,9.2763129522882e-178,2.48570830406686e-176
"AWJ11_14820",1050.23583602153,-3.44052122844842,0.121331041585522,-28.35647978859,6.9636359186849e-177,1.84887727969487e-175
"AWJ11_16540",5156.10104078023,2.32298025182514,0.0824624626686667,28.1701537481224,1.35759464381115e-174,3.57170809017225e-173
"AWJ11_04120",738.483802737533,8.37591683346129,0.299658514723359,27.9515395756193,6.31428274944892e-172,1.64626434927074e-170
"AWJ11_12440",71265.5164107459,-2.15360360429431,0.0774449421607319,-27.8081892013638,3.45340797180361e-170,8.92335952714254e-169
"AWJ11_01315",1332.84639759028,-2.81937389339185,0.101497031580701,-27.7778950722332,8.02382109793121e-170,2.05495028826663e-168
"AWJ11_16245",388.978182842836,4.46433204714139,0.160865004120724,27.752040113032,1.64644854880611e-169,4.17966850898673e-168
"AWJ11_00805",3275.36840184765,-2.29925327210312,0.083976204067344,-27.379819052779,4.77010143799458e-165,1.20040639665707e-163
"AWJ11_17030",5388.09539940595,-2.6117628816803,0.0957040033516843,-27.2900065850206,5.57379055216807e-164,1.39056464292883e-162
"AWJ11_06520",1766.45645822351,2.82685749144879,0.104158089327712,27.1400666976011,3.31686275460266e-162,8.20427419813682e-161
"AWJ11_03805",939.46148134694,9.10142696029218,0.335926242432773,27.0935277172149,1.17366811876838e-161,2.87847079297939e-160
"AWJ11_15125",798.274655402232,3.02407023391229,0.112313774581913,26.9251945735895,1.11376918011699e-159,2.70861177080553e-158
"AWJ11_10785",747.076959602059,-4.42575011935622,0.164553684504512,-26.8954787167641,2.48063569839998e-159,5.98246642597462e-158
"AWJ11_02685",305.102701294956,4.34508461038126,0.162738139663381,26.6998542527826,4.7251708080652e-157,1.13013589409427e-155
"AWJ11_06670",2890.09211521379,2.17018786474534,0.0819480348609804,26.4824881820159,1.54236706435119e-154,3.6586969542888e-153
"AWJ11_11690",7856.79806579241,-2.52031442577515,0.0951710793203715,-26.4819359386595,1.5651218981223e-154,3.68249005948451e-153
"AWJ11_02820",296.739649945504,4.39180246715451,0.166834493431303,26.3243072630116,1.01069246473959e-152,2.35882580077127e-151
"AWJ11_05310",923.626854154552,2.60689322297117,0.0994489161127453,26.2133899982955,1.86998365973736e-151,4.32938616902395e-150
"AWJ11_14810",722.278904137447,-3.84021813833145,0.146554860468901,-26.203280642107,2.43820888226627e-151,5.60014008355442e-150
"AWJ11_03785",752.510406126269,2.66198755552926,0.102302388172631,26.0207762797997,2.88239510017122e-149,6.56822946448465e-148
"tppB",2994.80958623355,2.18546621352008,0.0841447445594104,25.9727000772703,1.00773458040293e-148,2.27842490287975e-147
"AWJ11_15815",466.41476858432,2.94965352510339,0.114481351209154,25.765362602285,2.16873799942079e-146,4.86537036459207e-145
"AWJ11_02735",457.828812643028,3.40686757818735,0.132330999448268,25.7450453211396,3.66272590000457e-146,8.15379134970248e-145
"AWJ11_01780",735.347052711553,-3.66755479059771,0.142909981256439,-25.6633914465122,2.99708069939214e-145,6.6210317130083e-144
"AWJ11_04385",930.744588576409,-5.89622594402498,0.230754930563101,-25.5518958127425,5.23064659926782e-144,1.14677964077887e-142
"AWJ11_08400",267.796054665383,4.87155674361199,0.191013955682905,25.5036692277034,1.79490305416173e-143,3.90560108176244e-142
"AWJ11_16490",612.668143713018,2.84941788766606,0.112806353524311,25.2593741278232,8.93483373267742e-141,1.92965737480362e-139
"AWJ11_16250",591.284040978373,2.90073117466058,0.115598641985299,25.0931250129172,5.91149832059638e-139,1.26725008443007e-137
"AWJ11_02825",698.922653634722,2.6341604684241,0.10524372386528,25.0291454129467,2.94544677450104e-138,6.26773747456324e-137
"AWJ11_08350",1347.87831790355,-2.7988300848819,0.11205805869733,-24.9766069251795,1.09788252955036e-137,2.31917667191148e-136
"gapA",12780.7141245844,-1.92805753764455,0.0775014466466604,-24.877697398796,1.29730151732078e-136,2.72057289212054e-135
"AWJ11_02725",1206.44333361104,-2.60034304346664,0.106079160676794,-24.5132316929755,1.06748622064935e-132,2.2225216709059e-131
"AWJ11_06455",995.153477613752,9.6973048223366,0.395659986504587,24.5091875678568,1.17891839374422e-132,2.4369927367827e-131
"AWJ11_12245",745.491047631961,-5.45345433037631,0.222797915138243,-24.4771335808619,2.58831016722108e-132,5.31246072619703e-131
"AWJ11_15435",605.247307606422,-4.39827446535913,0.179854447609772,-24.4546327533808,4.49256796605071e-132,9.15598006602165e-131
"dnaK",10656.6281988195,2.9020300051067,0.119870384268442,24.2097330614023,1.75706447126035e-129,3.55590530057863e-128
"fabG",2097.30424525555,1.90126865717065,0.0786811882356089,24.1642087493308,5.29421924841289e-129,1.0639910072852e-127
"AWJ11_13590",2553.9269704812,2.16227774879281,0.090238725964914,23.9617495224115,6.96991090423199e-127,1.39109807978258e-125
"gltA",15002.6253485972,-2.23291711717236,0.0935099728801244,-23.8789195248175,5.07227456057123e-126,1.00542209440364e-124
"AWJ11_09295",336.949837540327,7.23858275019863,0.304459981480659,23.7751533551167,6.03746569052903e-125,1.18860038832592e-123
"AWJ11_03725",1451.66695267772,2.06368539389134,0.0873296895993513,23.6309713610464,1.85230413806186e-123,3.62200552402096e-122
"AWJ11_02680",266.174962128053,3.80066798057106,0.161240063953074,23.5714864370009,7.55990860462637e-123,1.46834734911334e-121
"AWJ11_07395",1411.02022210045,2.10432020224792,0.0893537215237329,23.550448334589,1.24214756149089e-122,2.3965166953031e-121
"AWJ11_14365",1391.88396421711,3.14436943517161,0.133594212633262,23.5367189430834,1.71714310744269e-122,3.29100142578752e-121
"AWJ11_16505",2612.28671595458,1.99399979979099,0.0855186572240445,23.3165471081597,3.01241174028523e-120,5.73547340551675e-119
"AWJ11_16015",261.810126811999,4.17337056870886,0.179197745078382,23.2891913170191,5.70520583944158e-120,1.07914154897673e-118
"AWJ11_11480",545.255488626794,2.66038549215617,0.114652216385033,23.2039604295296,4.15276013677777e-119,7.80395314015251e-118
"AWJ11_10040",388.622723766324,3.13666015006992,0.135269945780869,23.1881526377719,5.99622805435801e-119,1.11955380576207e-117
"AWJ11_02345",1388.0941531086,1.97758308003412,0.0853244969075649,23.1772017616056,7.73280657705526e-119,1.43453475858961e-117
"AWJ11_15820",674.285432308013,2.36825049696554,0.102205830913592,23.1713834308313,8.8512413467283e-119,1.63156002913578e-117
"AWJ11_12235",540.307498525017,-4.49368810977233,0.194882975583413,-23.0583923317046,1.21171200042262e-117,2.21942691722978e-116
"AWJ11_02630",13530.6092306227,-1.87877016432835,0.0815032456937953,-23.0514766416397,1.4215870166175e-117,2.58746718622078e-116
"AWJ11_00610",3779.25175199511,2.05231604762201,0.0890679241956412,23.0421452633612,1.7633858751763e-117,3.18952420172513e-116
"AWJ11_14805",588.26477239547,-3.48586228194789,0.15129267157208,-23.0405230189033,1.83067467418722e-117,3.29066615347691e-116
"AWJ11_08905",887.431434956519,-2.56093294568469,0.111472944071076,-22.9735831149469,8.56490590181317e-117,1.53005170863255e-115
"AWJ11_01000",217.677159699127,4.62289267822984,0.201560762679894,22.9354791913127,2.05731037597736e-116,3.65267253256349e-115
"AWJ11_10540",2569.86644473029,2.06614514743174,0.090111018977654,22.9288845123825,2.39388208888038e-116,4.22432607635354e-115
"AWJ11_15800",507.217149770145,2.54581009168162,0.111321811438289,22.8689244164238,9.47394539044105e-116,1.66167260363251e-114
"AWJ11_04415",10297.1803167884,-1.79801127520573,0.0787440716643704,-22.8336081333128,2.12659425368751e-115,3.70744805432027e-114
"AWJ11_08545",530.245589423474,-3.90365025083233,0.171020933944557,-22.8255697170842,2.55585361314177e-115,4.4291259619355e-114
"AWJ11_12820",1045.14113279647,-2.31726560208292,0.101537200423849,-22.8218386208199,2.78349283155775e-115,4.79489777055246e-114
"AWJ11_06680",5985.06122949206,1.65930014024673,0.0732587677654246,22.6498505347486,1.39985187913608e-113,2.39714280368036e-112
"AWJ11_13545",545.276391424745,-3.42546610716792,0.151329586560826,-22.6357990199826,1.92543245047722e-113,3.27776559510651e-112
"AWJ11_03050",619.313560286401,2.50323392145761,0.110690416784447,22.6147302917134,3.10422394102404e-113,5.25358133644654e-112
"AWJ11_17150",484.138122502854,-4.01734467517251,0.177660110616764,-22.6125305293682,3.26286373960634e-113,5.48995794326787e-112
"AWJ11_14535",1501.22524392243,-2.1217036275666,0.0941398504407714,-22.5377841332081,1.76955827812129e-112,2.96017436814046e-111
"AWJ11_06360",637.279960401052,2.80474304364908,0.12481188044272,22.4717633746114,7.8415330229887e-112,1.30421819359364e-110
"AWJ11_03940",586.235464486286,-3.22049722435418,0.143427305214102,-22.4538641337977,1.17317093636758e-111,1.94008953705588e-110
"AWJ11_01700",5324.57979931342,-1.8544457908757,0.0830448511925782,-22.3306534269692,1.8618523606834e-110,3.06147768853281e-109
"AWJ11_14100",1541.67976133642,1.96816553601908,0.0886324688143183,22.2059202722008,3.01066049962354e-109,4.92251496379125e-108
"AWJ11_10780",515.029582737409,-3.73186329951152,0.168141235468772,-22.1948131230701,3.85449722606799e-109,6.26680616418021e-108
"AWJ11_06920",2578.50647564686,1.69326314704374,0.0763204116220018,22.186242330952,4.6637304837733e-109,7.54013185477091e-108
"AWJ11_03880",1412.16942258684,2.25792227514096,0.102064585317704,22.1224851706648,1.92052030503968e-108,3.08776986821379e-107
"AWJ11_01695",462.136356220581,2.58975863715493,0.117087976923791,22.1180577647227,2.11854790711828e-108,3.3873357144753e-107
"rpmG",318.49444074383,3.2950019275195,0.149925541629539,21.9775889531975,4.71864898157427e-107,7.50317041355821e-106
"AWJ11_01125",711.247610549761,-2.95379701113295,0.134912063868307,-21.8942393025451,2.94783874840692e-106,4.66177340868286e-105
"AWJ11_06515",2044.9444308974,1.76635862777024,0.0810459246921751,21.7945397560598,2.61406914430348e-105,4.11147614326862e-104
"AWJ11_12110",758.031527678731,2.26472015706005,0.103926781477878,21.7914970987735,2.79366900370681e-105,4.37020437660946e-104
"AWJ11_12185",514.816568070582,-3.6101097663419,0.165672218726197,-21.7906767598028,2.84416450622689e-105,4.42527531237667e-104
"AWJ11_05585",3207.842795536,2.19145704494385,0.100635198475903,21.7762480536925,3.89711344827828e-105,6.03114776434083e-104
"AWJ11_07965",745.338319010453,2.39721637064241,0.110580047513678,21.6785615899278,3.26938387341984e-104,5.03276432429628e-103
"AWJ11_06620",2129.28522501841,2.64773909885897,0.12217009029752,21.6725639836309,3.72429873320088e-104,5.70270927718696e-103
"murG",684.255505903826,2.10110083304666,0.0972590876042895,21.6031312322736,1.67843879151437e-103,2.55652729612768e-102
"astD",3273.81228649607,-2.00045023951413,0.0927299939093647,-21.5728498965436,3.23158910226861e-103,4.89644966595045e-102
"AWJ11_05855",6976.33630657407,-1.60931005407847,0.0749001626243389,-21.4860688907973,2.10170862598013e-102,3.16788789770129e-101
"AWJ11_14155",333.248524348065,3.08759825632015,0.143904957614701,21.4558157515814,4.02980114931454e-102,6.0426137441017e-101
"AWJ11_10900",715.733675209619,2.32538717258004,0.108888838685018,21.3556063290074,3.45854199038861e-101,5.15928892793022e-100
"AWJ11_13175",793.339666490058,-2.45021814608306,0.114804344025865,-21.3425560406584,4.5725333886937e-101,6.7861085266049e-100
"AWJ11_15720",835.962161260694,-2.73409888185753,0.128589189134239,-21.262276403371,2.53802115042379e-100,3.74746592312574e-99
"AWJ11_02550",1027.86099619833,-2.49543819388607,0.117468479810853,-21.2434705710349,3.78839961064396e-100,5.56529364122011e-99
"AWJ11_17035",993.20801764766,-2.6047244126201,0.123145114128154,-21.1516667231265,2.66362704969179e-99,3.8932003443475e-98
"AWJ11_00465",1562.91268363555,-2.11508097159497,0.100027636237812,-21.1449660428489,3.07010663034242e-99,4.46476813477938e-98
"AWJ11_00650",196.903474407268,4.03359219728534,0.191714559062286,21.0395716267687,2.84940209349875e-98,4.12308482929269e-97
"AWJ11_04460",1118.17048441605,-2.04844802655948,0.097576833457688,-20.9931799790136,7.57074142701791e-98,1.09003610396964e-96
"AWJ11_01195",1184.20822562725,1.84860993140393,0.0882294390879634,20.9523028879385,1.78773752814097e-97,2.56124376556434e-96
"AWJ11_11820",2993.23632386867,1.57434878821631,0.0752271512963283,20.927933081166,2.9814687128104e-97,4.25042879550408e-96
"AWJ11_00345",687.636413281258,-2.56140081336713,0.122492045461173,-20.9107522347566,4.27440806165082e-97,6.06379261294975e-96
"AWJ11_13780",1189.75506779208,-2.10466057392882,0.100741945678882,-20.8916014054116,6.38424097820509e-97,9.0126797028905e-96
"AWJ11_13710",1006.65335205818,-2.1965779246968,0.105158620328437,-20.8882345340432,6.85053475109277e-97,9.62400367459344e-96
"AWJ11_11270",840.152681479506,-2.76982341937999,0.132776716999855,-20.8607614494867,1.21718231010285e-96,1.70170319103268e-95
"AWJ11_16585",659.671611031701,2.101632987209,0.100899190072549,20.829037237047,2.36160532991526e-96,3.28581049268017e-95
"AWJ11_10615",446.756379020222,-3.74102087946275,0.179656032916794,-20.8232410497196,2.66533795085879e-96,3.6906641290839e-95
"AWJ11_16545",1164.77859192497,2.08276074657623,0.100036020505918,20.8201079575433,2.84543760791807e-96,3.921284017769e-95
"AWJ11_07875",496.44503120468,-3.0501505264454,0.146915115149435,-20.761311886411,9.68854243170743e-96,1.32884558281333e-94
"AWJ11_10565",402.745175776084,2.42162280693166,0.116671706898047,20.7558702217992,1.08500123980359e-95,1.48112905093944e-94
"AWJ11_00810",3833.27385869461,-1.94177861417284,0.0939359435528603,-20.6713057934011,6.27941994506012e-95,8.53175648873426e-94
"sdhB",4523.97262914942,-1.63970163984037,0.0797754694184731,-20.5539578995028,7.09370654055543e-94,9.59307791045206e-93
"AWJ11_00575",1054.24668411461,-1.97043746094225,0.0964366642351954,-20.4324514599202,8.60703981680627e-93,1.15854759208546e-91
"AWJ11_14105",148.777992905463,5.0276914420093,0.247806308994213,20.2887951578614,1.61504707508898e-91,2.16386399782755e-90
"rpsP",7441.5121198676,-1.54306568383905,0.0762706109741467,-20.2314582790231,5.17496693135152e-91,6.90154576006051e-90
"AWJ11_07660",2744.24267761945,1.76454141288466,0.0874326935690719,20.1817116784887,1.41751700749336e-90,1.88178633930541e-89
"AWJ11_08395",999.02409383699,2.10420268760352,0.10466356015287,20.1044440350601,6.74723085940833e-90,8.9162037018848e-89
"AWJ11_14350",873.167463336386,2.34625480670553,0.117219357427794,20.0159330181519,4.00076418177601e-89,5.26282342820899e-88
"AWJ11_06365",426.371637772808,2.37903059717018,0.119209763652359,19.9566757309237,1.31151729667339e-88,1.71743486722751e-87
"AWJ11_06900",8079.88975012618,1.49247238456533,0.0747952264907929,19.9541127768234,1.38051589364961e-88,1.79964549379368e-87
"AWJ11_13060",1858.53518722961,-1.7931306548357,0.0904638281356957,-19.8215208419657,1.9415177379746e-87,2.51961988058228e-86
"AWJ11_00510",738.266689984985,-2.24258606096653,0.113479868329432,-19.7619727091707,6.32825888041259e-87,8.17588446424733e-86
"AWJ11_13225",527.437394407685,-2.67139452409596,0.135224389516978,-19.7552714686913,7.2266086355003e-87,9.2950246182835e-86
"AWJ11_03810",206.702567817282,6.90519906726,0.349723447201499,19.7447415165202,8.90191964665075e-87,1.13991838307112e-85
"feoB",1387.11243742349,2.61363772955493,0.132501622906358,19.7253261675297,1.30711606513708e-86,1.666429027536e-85
"AWJ11_02280",612.066722643106,2.13257548056943,0.10858553600028,19.6395906777486,7.09678726524291e-86,9.00793962526885e-85
"AWJ11_14550",6918.22438618618,-1.4878914062413,0.0758314882748761,-19.621023404525,1.02273393078498e-85,1.29248558763832e-84
"AWJ11_14965",715.652004601399,-2.47403238332512,0.126220447064132,-19.6008843326951,1.51960044034183e-85,1.91205377145619e-84
"AWJ11_08180",587.06931519488,2.07166313889023,0.105717677950417,19.5961846595029,1.66661180095527e-85,2.08795435149981e-84
"AWJ11_08890",1088.04855151675,-2.11876704646302,0.109319481532381,-19.3814223847688,1.1074331960669e-83,1.38142744371449e-82
"AWJ11_09115",396.245631028451,-3.05388082288944,0.157900488163973,-19.3405407316924,2.44893751554654e-83,3.04172754076897e-82
"AWJ11_15790",2295.85762172443,1.81871226200201,0.0942336297651496,19.3000340381096,5.36738447643257e-83,6.63812421999823e-82
"AWJ11_06535",1509.53917458263,1.90729773949792,0.098933996449549,19.2784867481881,8.14238512547051e-83,1.00272606608986e-81
"AWJ11_02730",508.194776265898,-2.60937549892709,0.135402317792247,-19.271276455775,9.35988283310254e-83,1.14777546266944e-81
"AWJ11_14830",3842.45170629282,-2.11090717525795,0.109591738470445,-19.2615538791479,1.12938002633632e-82,1.37908261443769e-81
"AWJ11_14540",953.291653731894,-1.90020545023159,0.0990547286185167,-19.1833895941479,5.09481918507918e-82,6.19512887462989e-81
"AWJ11_14815",397.788225273084,-2.92469813187025,0.152859551142118,-19.1332377337094,1.33518231079827e-81,1.61674376880761e-80
"AWJ11_15785",4953.61654364903,1.80799430361575,0.0945148750776007,19.1292037589989,1.44260776974516e-81,1.73954453568437e-80
"AWJ11_15075",468.615586557635,2.07737418856446,0.108794676783575,19.0944469893226,2.8081517203173e-81,3.37211248074617e-80
"AWJ11_16055",949.026416886103,2.05583042504297,0.107891283567037,19.0546479481413,6.0119574966564e-81,7.18950619641472e-80
"AWJ11_06870",363.097592131285,2.49290084311366,0.130971680197972,19.0338922074259,8.93621635663786e-81,1.06425556115679e-79
"AWJ11_11825",870.922096317486,1.90818625452957,0.100277432156045,19.0290697867111,9.79764541446818e-81,1.1620649930111e-79
"AWJ11_00335",578.443001807835,-2.47442652423596,0.130265911186334,-18.9951960701101,1.86888233071218e-80,2.2075695775841e-79
"AWJ11_12105",702.320144581416,2.27787013768302,0.12028000341121,18.9380617981487,5.5399248967775e-80,6.51729376068052e-79
"AWJ11_00900",216.913189958545,2.9241018852062,0.155260784688551,18.833486453594,4.01440375906772e-79,4.70351598329634e-78
"AWJ11_11125",930.935441244883,-2.18465347998079,0.116201773156352,-18.8005175879828,7.47830650454548e-79,8.72670121941719e-78
"AWJ11_08260",3070.04247464575,1.6583350156274,0.0883530379170111,18.7694170424004,1.34351640242461e-78,1.56150058980595e-77
"AWJ11_11695",6555.48236661896,-1.55357834251002,0.0827729150462191,-18.7691630969204,1.34995355505658e-78,1.56270623533349e-77
"AWJ11_02440",4229.99065098296,-2.02209387859219,0.108045225366443,-18.7152543921688,3.71841895358791e-78,4.28729261023244e-77
"AWJ11_08455",151.162924457135,6.2431665552559,0.334279593420402,18.6764812394763,7.69259741932618e-78,8.83427656013094e-77
"AWJ11_15825",406.912489068976,2.122432920005,0.113670247979744,18.6718420846871,8.39081655449509e-78,9.59803284929201e-77
"AWJ11_12200",361.877798325599,-3.88638581132475,0.208222204021562,-18.6646079825488,9.60775902061366e-78,1.0946793151833e-76
"AWJ11_16525",4501.13369742347,1.45695980216247,0.0782674056360026,18.6151539114295,2.42163270749422e-77,2.74831570803461e-76
"AWJ11_12295",963.348918709179,1.65612848745052,0.089086166880428,18.5901868431873,3.85831516382216e-77,4.36170472035208e-76
"pepN",1759.69852073001,-1.76672902064566,0.095091389913217,-18.5792743408002,4.72855823409574e-77,5.32468775465878e-76
"AWJ11_16165",3205.86391989023,1.46695124495284,0.0791802580005405,18.5267297934647,1.25697778611594e-76,1.40995880349594e-75
"AWJ11_07905",417.097309842187,-2.97525705437304,0.161240963638391,-18.4522405921955,5.00272491819633e-76,5.5899173410271e-75
"AWJ11_15795",406.702416810042,2.30006855107199,0.125293498442426,18.3574453556255,2.87832836791082e-75,3.2038008833592e-74
"AWJ11_09080",6770.53268343115,-1.56652469118109,0.0856332770019268,-18.2934105294819,9.33853232896576e-75,1.03546791417728e-73
"AWJ11_15090",150.461556052626,3.57494991669344,0.19607955671737,18.2321399361709,2.86873224940858e-74,3.16874470602612e-73
"AWJ11_11275",1073.91788914956,-2.57455829589876,0.141257410310012,-18.2260052074328,3.20924325217307e-74,3.53138782197296e-73
"truA",305.768268795118,2.89593916516018,0.159504611689408,18.1558334551432,1.15462233136043e-73,1.2657109950595e-72
"AWJ11_06550",3919.03425748845,1.69675889408199,0.0934689127956176,18.1531895828529,1.21156907494827e-73,1.32312486901898e-72
"AWJ11_11795",4385.95343477453,-1.49219535346506,0.0822776203477381,-18.1361024681857,1.65349628030566e-73,1.79895422376112e-72
"AWJ11_05010",2535.31128317247,-1.68011702883362,0.0926829505016948,-18.1275738389759,1.9309252208627e-73,2.09292044538452e-72
"AWJ11_12605",406.799230984867,2.1382559534294,0.118010197488488,18.1192473102842,2.24647215439312e-73,2.42585463239317e-72
"AWJ11_01165",618.199596688092,-2.08302679680779,0.115018523832464,-18.1103593351792,2.6401947319348e-73,2.84041767814844e-72
"AWJ11_01235",823.746605621199,1.8435505636637,0.102144337329552,18.0484852304223,8.10841548044669e-73,8.69102014830101e-72
"AWJ11_01525",1816.58141196113,-1.50789596183782,0.0840025499786203,-17.950597478548,4.74768585212442e-72,5.07003795426128e-71
"AWJ11_04455",433.717846061158,2.12818750705306,0.118578072999579,17.9475636027633,5.01423358164884e-72,5.33499705341608e-71
"AWJ11_04030",742.115911963592,-2.37928556299904,0.13287292046424,-17.9064745072671,1.0497777385509e-71,1.11284130965799e-70
"AWJ11_12675",2396.96410984064,-1.81367204725098,0.101376317964261,-17.8904904387074,1.39871867501121e-71,1.47733279032206e-70
"AWJ11_00585",5179.82047967695,1.30013499063262,0.0730441796200613,17.799296225863,7.15625195982462e-71,7.53097933517544e-70
"AWJ11_06245",3105.55168325061,1.49973205357913,0.0843029941959702,17.7897839558683,8.48062441782152e-71,8.89236487868677e-70
"murC",867.496159464422,1.91095504457846,0.107446061365391,17.7852498294924,9.19526106139385e-71,9.60689007641654e-70
"AWJ11_08255",1087.67421752453,2.16017446065108,0.121820050135379,17.7325034610515,2.35318800449543e-70,2.44968564208984e-69
"AWJ11_14855",311.933171900297,-3.13403590621388,0.176991821768889,-17.7072357066657,3.68742850762398e-70,3.82488103980781e-69
"AWJ11_10575",292.317723347457,2.45097909745947,0.138774667304032,17.6615742993625,8.28950217390034e-70,8.56779260402414e-69
"AWJ11_00685",317.522683951361,2.26720580447051,0.128761854438621,17.6077442683249,2.14837613756861e-69,2.21259805769522e-68
"AWJ11_04125",270.352856746776,8.29801511549741,0.473389880249025,17.5289237512476,8.61853699789254e-69,8.84469718861738e-68
"AWJ11_08895",533.047059949861,-2.12415976635232,0.121248656824149,-17.5190375051582,1.02545578282042e-68,1.04864630229056e-67
"AWJ11_09645",3869.09864552833,-1.45365449386862,0.0833831028551843,-17.4334420775064,4.59923352752973e-68,4.6866837424898e-67
"AWJ11_16130",298.198107311104,2.22851185817465,0.128323602300737,17.3663442906782,1.48383515262584e-67,1.50674348480673e-66
"AWJ11_06875",1166.05393477756,1.75008193408485,0.100776798733494,17.3659210857945,1.49481686073771e-67,1.5125874108304e-66
"AWJ11_01380",287.399418821276,-4.85664412875164,0.280084098853292,-17.3399494960103,2.34943272251284e-67,2.36907954667323e-66
"AWJ11_13015",14102.7327936085,-1.36127172758226,0.0790264572433491,-17.2255188334009,1.70888488619572e-66,1.71719196550361e-65
"AWJ11_13600",306.633711728587,2.44181145137705,0.141777589891785,17.2228308665765,1.79014044574003e-66,1.79261814877912e-65
"AWJ11_14530",20331.3714664384,-1.28945706764276,0.0749671220046009,-17.2003010541557,2.64155492766501e-66,2.63608964160778e-65
"AWJ11_03830",1428.60279666846,1.40978757086915,0.0819740777314833,17.1979680636004,2.75007420192876e-66,2.73495351903156e-65
"AWJ11_02380",1522.00802115569,-1.5149637703155,0.0881237739305111,-17.1913174248542,3.08443181376351e-66,3.05696769487384e-65
"AWJ11_05125",1712.09164352463,1.40682238590602,0.0819754393647375,17.1615107745452,5.1554921717396e-66,5.09214824061925e-65
"AWJ11_16050",681.222021110214,1.77355945370457,0.10381939014503,17.0831234052425,1.98218201474785e-65,1.95116828254431e-64
"AWJ11_13965",1667.23421155064,1.74080455648367,0.101991513887958,17.0681313584188,2.56271931872245e-65,2.51407108758738e-64
"AWJ11_07795",884.017717817581,-1.83987107778275,0.107991025108814,-17.0372591234211,4.34628693907288e-65,4.24937648705301e-64
"AWJ11_01530",212.355538491408,2.56021392856885,0.150969596005029,16.9584737345629,1.66616371668858e-64,1.62352787747365e-63
"AWJ11_04885",1986.56595615064,-1.46480986897357,0.0863996542051708,-16.9538857817084,1.80144061833368e-64,1.74945273471734e-63
"AWJ11_05055",2224.72282896393,1.58297676843852,0.093416851873409,16.9453020166387,2.08460832438417e-64,2.01767775610962e-63
"AWJ11_16100",384.233797293146,2.02108933194024,0.119584634490285,16.9009115640558,4.43004798529793e-64,4.27351962315074e-63
"AWJ11_00995",201.668558527808,2.75417855561924,0.163690453546975,16.8255295036424,1.58637088290498e-63,1.52523499505881e-62
"AWJ11_11720",457.227933982218,1.99932337448007,0.119015160585357,16.7988965829791,2.48626206954177e-63,2.3825306057132e-62
"AWJ11_16040",392.490620923973,2.06531749241068,0.123071564184263,16.7814353063595,3.33672857283951e-63,3.18696121775496e-62
"AWJ11_00120",371.752337421814,-2.73332374558859,0.163012898660024,-16.7675304718625,4.21673193127968e-63,4.01421783194848e-62
"AWJ11_14670",2061.02335034109,-1.60175427492336,0.0957573749084867,-16.7272158040477,8.30298879937394e-63,7.87831133947153e-62
"AWJ11_05180",8863.98587130051,-1.3383059455068,0.0803295095166036,-16.6602031253556,2.55156421545292e-62,2.41314602598717e-61
"AWJ11_08230",494.212328634156,1.88086512409319,0.11342289791435,16.5827637864931,9.28582593748969e-62,8.75347891306031e-61
"AWJ11_12230",243.798490339339,-4.40458547047331,0.266719380208401,-16.5139311100371,2.9127590374708e-61,2.73685865403912e-60
"AWJ11_14735",556.806758574926,1.94596530048826,0.117917461494875,16.5027747020558,3.50414168632107e-61,3.28187250492336e-60
"AWJ11_13105",243.692528915759,-3.50002483613382,0.213253933247705,-16.4124749439832,1.55725878271535e-60,1.4537764248962e-59
"AWJ11_03330",181.505202686335,2.62231121689833,0.159947644188982,16.3948098779123,2.08291332671436e-60,1.93824796383002e-59
"AWJ11_01615",1037.90807217262,1.51211917498323,0.0923112379479268,16.3806618630359,2.62867127292156e-60,2.43826111020352e-59
"AWJ11_16460",1243.51397056332,1.40578607327061,0.0859464251373478,16.3565392164255,3.90709987742501e-60,3.6125070432166e-59
"AWJ11_10845",198.031320939244,2.55564386064672,0.156323231669465,16.3484584687351,4.46123809737301e-60,4.11172708719665e-59
"AWJ11_07870",424.425536427817,-2.18227050471058,0.133486597170361,-16.3482368340357,4.47749234970342e-60,4.11360725715609e-59
"AWJ11_02445",404.158970181997,1.88049827597943,0.115075764606626,16.341392841557,5.00953243373344e-60,4.58784394405841e-59
"AWJ11_06905",3618.92871779284,1.20237030276909,0.0739760167484754,16.2535150663389,2.10916842237583e-59,1.92553104553806e-58
"AWJ11_16935",578.891636364598,-2.00411057282723,0.123477005662213,-16.230637940069,3.06259875199602e-59,2.78715748059009e-58
"AWJ11_00835",1093.80432551813,-1.60114081257835,0.0987185671564652,-16.2192468823074,3.68687756889672e-59,3.34477231485489e-58
"AWJ11_13325",248.136710551123,-4.01157277411329,0.247464538911345,-16.2106974670437,4.237323250649e-59,3.83212921480569e-58
"AWJ11_14685",1443.04433304248,1.46699117609818,0.0905616969746698,16.1988039657484,5.14173951773379e-59,4.63557450601919e-58
"AWJ11_01805",2156.53108314144,1.24230680339294,0.0767788580794495,16.1803240432075,6.94280770725683e-59,6.23990233068362e-58
"AWJ11_16805",349.553487805171,1.98530325666457,0.122916126570647,16.1516906857906,1.10491249408077e-58,9.8997422844265e-58
"AWJ11_07705",1316.05190574234,1.36142707989008,0.0844061906718674,16.1294695217639,1.58374924157168e-58,1.41462046453964e-57
"AWJ11_12290",244.677087337182,2.24382355246265,0.139131476439319,16.1273610392632,1.63874581075016e-58,1.45924011578798e-57
"AWJ11_04145",185.614293860122,2.69958707531208,0.167471838677165,16.1196479159464,1.85664026309261e-58,1.64819537465951e-57
"AWJ11_15725",2990.30413401047,-1.66472268319164,0.103335674755326,-16.1098544828134,2.17535184796085e-58,1.92521964770602e-57
"AWJ11_10835",724.218663514471,-1.7682970357079,0.10981315029049,-16.1027803230324,2.43894355708709e-58,2.15192154091769e-57
"AWJ11_01570",706.328461393516,-1.72497293255372,0.107389480452954,-16.0627737957017,4.65270934169902e-58,4.09268718385318e-57
"AWJ11_10975",1359.58255400278,1.54444248954701,0.0963699301290988,16.0261866692032,8.38742958287503e-58,7.35552157964859e-57
"AWJ11_12770",807.255805650765,1.62938818187432,0.101721653026926,16.0181056185059,9.55161637917561e-58,8.35117154118859e-57
"AWJ11_16600",891.816532826143,1.60069748962626,0.099961465463605,16.0131454876385,1.03445243337048e-57,9.01718476558484e-57
"AWJ11_05895",1144.10277607206,-1.47408062634877,0.0921285779945395,-16.0002537587863,1.27255348047168e-57,1.10593686861413e-56
"AWJ11_13715",442.929419621987,-2.19328234254405,0.137088834064718,-15.9989860407494,1.29873034577618e-57,1.12530707205876e-56
"AWJ11_12220",294.49586302342,-2.78619776831651,0.175324895306895,-15.891626590961,7.24236273636022e-57,6.25653664448552e-56
"AWJ11_00340",386.477629085012,-2.30909006244741,0.145338368606546,-15.887683923978,7.71249173301441e-57,6.64284258194753e-56
"AWJ11_16000",971.018977544602,1.47944990407543,0.0932761231222604,15.860971216999,1.18054022206917e-56,1.01379329456029e-55
"AWJ11_00460",1041.10205434868,-1.6427975745962,0.104053418571672,-15.7880211640008,3.76197405047822e-56,3.22105115446271e-55
"AWJ11_01385",224.771419265599,-4.55783084604856,0.288922673271958,-15.7752619219273,4.60483914478351e-56,3.9310927684376e-55
"AWJ11_15865",940.35542450263,1.66165771667799,0.105394529288381,15.7660718055996,5.32610468101643e-56,4.53345498437104e-55
"AWJ11_17040",410.359421882172,-2.37418628114369,0.150747508255377,-15.7494230493127,6.93107718573565e-56,5.88226902507888e-55
"AWJ11_13815",221.977887703236,2.31408695150954,0.146983432264322,15.743862528316,7.56797182455913e-56,6.4040089065129e-55
"AWJ11_02130",684.663331804133,1.56686914689865,0.0996353386821167,15.72603824731,1.00293229575663e-55,8.46205849539272e-55
"AWJ11_01920",790.124272606581,1.65933814995634,0.105592313115392,15.7145733529201,1.20187539894189e-55,1.0111126175982e-54
"ggt",2691.6784176186,1.30249042315959,0.0830126356301497,15.6902670692524,1.76312230308882e-55,1.47897853482291e-54
"AWJ11_06570",95.2195569701015,4.29362299714816,0.274061869697643,15.6666193727901,2.55829649130121e-55,2.1398005912791e-54
"AWJ11_08175",1167.96382027433,1.66913424902713,0.106593104666725,15.658932669668,2.88701632111837e-55,2.40778825167625e-54
"AWJ11_01460",258.660916566473,2.12363614526186,0.135670026823514,15.6529499918533,3.17169798100894e-55,2.63761320604594e-54
"AWJ11_16280",688.041871596897,2.07236844039147,0.13242841974581,15.648970548537,3.37637085625049e-55,2.79977571862147e-54
"AWJ11_06375",769.657364324191,1.53799642367779,0.0983091673589273,15.6444863179703,3.62280742410182e-55,2.99554419581447e-54
"AWJ11_13130",943.740799552407,1.49749826939162,0.0957264281360531,15.643519752594,3.67822941294995e-55,3.03270539062027e-54
"AWJ11_04115",112.263179331605,6.53911742279329,0.41906021279397,15.6042430733176,6.8112753553649e-55,5.5999519540983e-54
"AWJ11_15830",295.762500183079,2.01795517279129,0.129349095441824,15.6008448756325,7.18370992528181e-55,5.88942111154832e-54
"AWJ11_02095",155.4660203407,3.35871693345396,0.215441904621651,15.5898962151879,8.5271974611676e-55,6.97110436514662e-54
"AWJ11_11815",2699.21523696824,1.28633590041029,0.0826574893738489,15.5622425766208,1.31412587049245e-54,1.07129021667751e-53
"AWJ11_05960",301.60308447518,2.04654415736724,0.131508877443252,15.5620228622996,1.31864531752619e-54,1.07195492947214e-53
"AWJ11_16580",727.653332646341,1.52758331612772,0.098247167457183,15.5483700514161,1.63206760809578e-54,1.32302623468605e-53
"AWJ11_00045",1495.14367627979,-1.35036176267678,0.0869269958266338,-15.5344349570061,2.02852303920995e-54,1.63981722778592e-53
"AWJ11_02655",150.846387942756,2.7217767504546,0.175387083375552,15.5186841474895,2.5931414084413e-54,2.09040424401925e-53
"AWJ11_04345",168.854590339173,2.72228005116786,0.17551973508523,15.5098231537665,2.97697667083351e-54,2.3931584681645e-53
"AWJ11_12210",226.430187319315,-4.90940107264106,0.31690156634115,-15.4918801106714,3.93609378335634e-54,3.15541701081254e-53
"AWJ11_09110",305.22141593185,-2.67985501917999,0.173063546920298,-15.4848035121698,4.3940297679556e-54,3.51279617360871e-53
"AWJ11_11255",2196.06849083811,-1.42005158429425,0.0917226035010291,-15.482024387569,4.58805005213812e-54,3.65780078536852e-53
"AWJ11_10495",128.936268532237,2.93791668451186,0.190082522521346,15.4560063994412,6.87296731901216e-54,5.46438665418165e-53
"AWJ11_15850",683.013118361299,1.58230602608075,0.102791168203753,15.3934044503152,1.81240121332663e-53,1.43701071544309e-52
"AWJ11_03695",1808.8672672996,-1.3701362391898,0.0890539225612462,-15.3854675884434,2.04890990821396e-53,1.62009433725989e-52
"AWJ11_14970",531.65378902502,-2.59785908575334,0.169007288500224,-15.3712843322132,2.55062389089442e-53,2.01130941151184e-52
"AWJ11_05980",174.629005703123,2.41753504243523,0.157385811878053,15.3605653113663,3.00939017068507e-53,2.36662368314201e-52
"AWJ11_09830",448.81314141924,1.67823861502619,0.109425962016429,15.3367499275376,4.34406417066816e-53,3.40697065309313e-52
"AWJ11_10185",8602.39763093041,-1.07373959508685,0.0705718589075709,-15.2148407553377,2.81904572692926e-52,2.20495090100899e-51
"AWJ11_08620",111.60352217959,3.24595814448358,0.214043127739798,15.1649724929713,6.03241731644413e-52,4.70561070452542e-51
"AWJ11_05605",547.690539090942,1.65093546926724,0.108880581660096,15.1628090527762,6.23448164057027e-52,4.85015856661569e-51
"trmD",10723.6564696274,-1.06760916404942,0.07050167014372,-15.1430336596716,8.42365940483119e-52,6.53567568835964e-51
"AWJ11_15950",392.219931709702,2.1846721053875,0.144381234028463,15.1312746430525,1.00725367228258e-51,7.79409659782294e-51
"AWJ11_10790",922.532514239308,1.44240859538157,0.0953310472834718,15.130522914455,1.01882609485061e-51,7.86262058266041e-51
"rpmE",8338.14685082556,-1.53055929123261,0.101545454774157,-15.0726518940376,2.45075116854119e-51,1.88629624514846e-50
"AWJ11_14125",2750.08221999567,1.24067174016224,0.0827276836694811,14.9970564281608,7.67482792411068e-51,5.89149920752687e-50
"AWJ11_12805",1705.49446792,-1.37023198043573,0.0913908141958784,-14.9931039841587,8.1455712646447e-51,6.23631831742904e-50
"AWJ11_00505",355.917474821452,-2.18654963985034,0.146041489754348,-14.9721126751601,1.11715209688181e-50,8.53044371603156e-50
"AWJ11_12875",194.312223486503,2.37563486445443,0.158870626735312,14.9532667760692,1.48292506859543e-50,1.12936451276715e-49
"AWJ11_01665",344.350396720471,-2.32170063927002,0.15547469386733,-14.932980934191,2.01072634874494e-50,1.52730762552962e-49
"AWJ11_14110",5071.98898788879,1.2132976229843,0.0813615092570925,14.9124276831005,2.7362033646483e-50,2.07292474798224e-49
"AWJ11_09530",3299.57307865228,1.22884358340983,0.0824621021565104,14.9019192001378,3.20246820371425e-50,2.41982845471254e-49
"AWJ11_11065",250.286431316483,2.11444656629822,0.142580381266407,14.8298563064399,9.39338152698426e-50,7.07928284872199e-49
"AWJ11_03045",491.602438851278,1.90602847904318,0.128574573417012,14.8243033469866,1.02032949667307e-49,7.66969756719966e-49
"AWJ11_14655",3748.15606132695,-1.15858980218286,0.078246755848555,-14.8068733280813,1.32250488399834e-49,9.91536045153162e-49
"AWJ11_11670",2003.17290423928,1.18400748682424,0.080028070799274,14.7949022761522,1.58013669570083e-49,1.18163193730186e-48
"AWJ11_00735",113274.818377832,-1.05496050652353,0.0713288457284352,-14.7900964294305,1.69710494244079e-49,1.26583033593393e-48
"AWJ11_01155",1224.77778392383,-1.43019872524858,0.0967528239068325,-14.7819843131998,1.91441793878478e-49,1.42424820432986e-48
"AWJ11_00455",3052.29950736119,-1.35165797568273,0.0915090185634903,-14.7707624549042,2.26140124249409e-49,1.6780756912251e-48
"AWJ11_02390",2020.73706964959,-1.35974067806965,0.0921827930476415,-14.7504825262445,3.05472814041758e-49,2.26096758014539e-48
"AWJ11_00860",1504.42070860886,1.38300635583212,0.094124736217671,14.6933357946821,7.11244681774086e-49,5.2508727271791e-48
"AWJ11_01395",999.892728559801,-2.11328042289736,0.144195372322076,-14.6556743733573,1.23920135159126e-48,9.12531478754482e-48
"AWJ11_00660",1969.15580090446,1.15280062372231,0.078783134833088,14.6325812772576,1.74056179113676e-48,1.27847355927659e-47
"rpmF",540.703553944968,1.60447926855382,0.109725136336336,14.6227138295429,2.01217029692704e-48,1.47423312387515e-47
"AWJ11_04635",573.960108261902,1.6083116889569,0.110012433320905,14.6193629247838,2.11368883578232e-48,1.54470088150354e-47
"AWJ11_00880",111.840204248613,3.06355243893279,0.209996343856768,14.5885989378098,3.31944833810129e-48,2.41976914117509e-47
"AWJ11_02055",7558.22033333867,-1.11315347242303,0.076342122223439,-14.5811177368771,3.704021389749e-48,2.69332610601347e-47
"AWJ11_00925",159.065606000063,2.6857797394714,0.184234213084132,14.5780726310857,3.87297304812286e-48,2.80911879731017e-47
"AWJ11_09380",736.726470268673,1.76655790669472,0.121421239346128,14.5490024332473,5.92609251331715e-48,4.28752793338496e-47
"AWJ11_14730",1087.6222072978,1.4961011837898,0.102877769638937,14.54251184722,6.51571952246685e-48,4.70236715661323e-47
"AWJ11_04630",3455.99743512097,-1.13619060470162,0.0784117524316738,-14.4900549913314,1.40030670585739e-47,1.00808149421674e-46
"AWJ11_15070",1190.46309282335,1.22476107981361,0.0846279027484708,14.4723080690517,1.81285289402423e-47,1.30183530404619e-46
"AWJ11_08705",406.019294626854,-2.02190516855568,0.139990519157842,-14.4431578703979,2.76860883289896e-47,1.9832559312895e-46
"rnhB",430.899465761889,1.56541280568938,0.109105246779805,14.3477316801151,1.10079074407681e-46,7.86589731693401e-46
"AWJ11_09900",185.91181717738,-3.61394753319696,0.252224974618355,-14.3282699846249,1.45705174561263e-46,1.03859796842437e-45
"AWJ11_10915",2834.24785011288,1.45741475312377,0.101989513452158,14.289849061859,2.53157536080243e-46,1.8000931435288e-45
"AWJ11_13260",285.683151204569,-2.21903212358576,0.155748332831856,-14.2475497698033,4.64287467979183e-46,3.29325473610724e-45
"AWJ11_16915",288.522665084461,1.85235035646251,0.130126534385699,14.2349933870681,5.55681874368842e-46,3.9318908176612e-45
"AWJ11_03790",119.940755516808,2.75415346191019,0.193603179229464,14.2257656763265,6.34065326601163e-46,4.47557330532626e-45
"AWJ11_12135",252.087878796442,1.91716502404784,0.134853155082844,14.2166864606918,7.21910976654388e-46,5.08323690130851e-45
"AWJ11_15650",374.576977079293,-2.08952366775824,0.147067841806673,-14.2078896520764,8.18552538910073e-46,5.74973555244114e-45
"AWJ11_10710",394.224920062659,-1.90351311142064,0.134036062931397,-14.2014997291803,8.96725667007536e-46,6.28359341481794e-45
"AWJ11_05860",744.910678752249,1.47792083928738,0.104145667258342,14.1909008621672,1.04310068822207e-45,7.29162655003543e-45
"AWJ11_13050",96.5251104440191,3.33896034943511,0.235470079765685,14.179977145112,1.21886247442156e-45,8.49973012283371e-45
"AWJ11_08150",1376.24516020589,1.22403726721591,0.0865248269603863,14.146659522085,1.95841530132068e-45,1.36241679856299e-44
"AWJ11_05795",80.8649963006348,4.63887315863524,0.328036859112383,14.1413168361242,2.11293201547866e-45,1.46638495270869e-44
"AWJ11_13530",323.841935663823,-2.12051143247815,0.150900574591148,-14.0523748052218,7.44934477011722e-45,5.15751286237303e-44
"AWJ11_02340",224.011925455189,2.6753292511948,0.19044738105823,14.0476032609595,7.96854947357155e-45,5.50381436193701e-44
"AWJ11_02100",15825.6092791565,-1.13629853387691,0.0809264639959487,-14.0411242227733,8.73163999953972e-45,6.0165157520638e-44
"AWJ11_05025",3738.31792360045,-1.29436450485693,0.0923708252979319,-14.0126982808923,1.30356486568173e-44,8.9608473189618e-44
"AWJ11_01545",1461.29154480893,1.31384940626125,0.0939170333208784,13.9894687875449,1.80757000240801e-44,1.23959895425801e-43
"AWJ11_10510",889.850854947308,1.52669504918481,0.109227224500267,13.9772392475384,2.14654429415704e-44,1.46858136815378e-43
"AWJ11_12240",172.309032017059,-4.37506466343209,0.314124905378351,-13.9277866495893,4.29459003517566e-44,2.93126027400905e-43
"AWJ11_13025",915.886214170131,-1.55592991684253,0.112021525039388,-13.8895619952992,7.32820735460241e-44,4.99007813746338e-43
"AWJ11_00595",15815.6117756453,-1.15079313503285,0.0828569962548973,-13.8889072383532,7.39549965745456e-44,5.02407887527547e-43
"AWJ11_02075",6272.04573196351,1.07391396995787,0.0775423348757044,13.8493891327787,1.28298513692283e-43,8.69545430036221e-43
"AWJ11_12090",552.756163475582,1.5126262675219,0.109278935703234,13.8418832301744,1.42425674778032e-43,9.63037156092581e-43
"AWJ11_16105",447.898663666597,1.48810491961716,0.107911961272625,13.7899904891698,2.92798530887644e-43,1.97519568389008e-42
"AWJ11_16095",827.835036549714,1.4404939677327,0.104695638574605,13.7588727414488,4.50496334025594e-43,3.03194509458155e-42
"AWJ11_00815",532.811585997829,-1.56575579001139,0.114023957021113,-13.7318141811328,6.54732921768637e-43,4.3962809178618e-42
"AWJ11_01180",712.470732035722,-1.46599739892065,0.106851824524696,-13.7199098418935,7.71612929892341e-43,5.16909217386212e-42
"AWJ11_09670",1178.01574374288,-1.43593882211535,0.104692333520472,-13.7157972683317,8.1663759180092e-43,5.4580812717595e-42
"AWJ11_08885",350.063948644682,-1.94133658515721,0.14177428221525,-13.693150512374,1.11565019689378e-42,7.43938172767418e-42
"AWJ11_05965",1628.33915555967,-1.32866416645447,0.0971018789642295,-13.6831972833804,1.27940928958337e-42,8.51174823920523e-42
"AWJ11_09385",735.163843230913,1.50469977599787,0.109999094874546,13.6792014308298,1.3516898663944e-42,8.97199649849864e-42
"AWJ11_04585",206.969034757714,-2.57475987648182,0.188582318159197,-13.6532412031772,1.93095278569752e-42,1.27875912169534e-41
"AWJ11_12860",370.7085383295,1.72536014976489,0.126429976899334,13.6467647315846,2.11041986139654e-42,1.39441896778118e-41
"AWJ11_02435",132.233643016613,2.43982022742786,0.178856303079968,13.6412314545996,2.27683025571846e-42,1.50094459226634e-41
"AWJ11_04180",6471.62766115168,1.19347726886213,0.0882783061867456,13.5194853686638,1.2001239751773e-41,7.89354269127981e-41
"AWJ11_14130",1647.04791789206,1.18820581334072,0.0879595143052849,13.5085535967918,1.39230039214515e-41,9.13677400196839e-41
"AWJ11_02815",158.436389723318,2.26764364003897,0.168200161585022,13.4818160617088,2.00119679146696e-41,1.31028586301027e-40
"AWJ11_01490",310.482843358535,1.79091314577121,0.133103201408056,13.4550719053015,2.87459543911903e-41,1.87789598212426e-40
"AWJ11_08910",308.961770297087,-2.00693787289527,0.149322216154307,-13.4403166828259,3.5093157906859e-41,2.28737835546059e-40
"AWJ11_14710",360.744663245775,-1.81488944730012,0.13540816714905,-13.403101788553,5.79880206039256e-41,3.77117599163507e-40
"AWJ11_14240",4797.35756630186,1.28767360903521,0.096245305865886,13.3790796075762,8.01335064046241e-41,5.19969433934937e-40
"tdh",744.229789688797,1.47827011545447,0.110908274077585,13.3287631400734,1.57487017376078e-40,1.01961393352655e-39
"AWJ11_03985",1777.59418017413,1.17689618205281,0.0883102227719449,13.3268396920712,1.615995071056e-40,1.04390395884734e-39
"AWJ11_14665",1337.70249427312,-1.19058301994795,0.0894310167623568,-13.3128646307541,1.94864516521223e-40,1.25598643833501e-39
"AWJ11_02740",70.8501624075985,3.49388009403335,0.262555243910627,13.3072188618052,2.1016006721245e-40,1.35156274336185e-39
"AWJ11_04910",205.366406585443,-2.7211385837102,0.204505040301176,-13.3059731911877,2.13692418671082e-40,1.37123250473195e-39
"AWJ11_02525",7000.95470015473,-1.04145155530936,0.07836922574981,-13.2890371870477,2.68004533537691e-40,1.71594053110194e-39
"AWJ11_10920",304.274089483624,1.65989304854697,0.125220113893314,13.2558020987041,4.17627694861752e-40,2.66802328682099e-39
"AWJ11_12660",155.457029189687,-3.35742884528835,0.253369921902488,-13.2510947632549,4.4466892909586e-40,2.83451956124101e-39
"AWJ11_05110",1808.61920848649,1.28417695151326,0.0969366579388339,13.2475884646607,4.65935811200049e-40,2.96355656618229e-39
"AWJ11_12570",683.214078212294,-1.51108165898009,0.114196505468599,-13.2322933418973,5.71175665987736e-40,3.62496135387831e-39
"AWJ11_12180",172.34765775275,-2.95586025562957,0.223779622091811,-13.2087999255663,7.80589870005707e-40,4.94316648533154e-39
"AWJ11_11530",1736.32648057965,-1.24565367620382,0.094640504741884,-13.1619508961953,1.45285414976559e-39,9.18026181096423e-39
"AWJ11_08425",371.68336542707,1.61084299173084,0.12242689967237,13.1575903338373,1.5391674233273e-39,9.70446737060828e-39
"AWJ11_00580",185.561263456451,-2.62964630371558,0.200135401441345,-13.1393360933511,1.9593828436475e-39,1.23270738032954e-38
"AWJ11_16385",386.317714591991,1.56916831013752,0.119809208975803,13.0972261944775,3.41512055066937e-39,2.14389563419461e-38
"AWJ11_14510",1000.55488395563,-1.28303291835632,0.0982240549579344,-13.0623086056241,5.40630566803439e-39,3.37991834997045e-38
"AWJ11_15925",195.945810506772,2.01321786410896,0.154124382145834,13.0622931691887,5.4074021977758e-39,3.37991834997045e-38
"AWJ11_12785",788.089809841243,-1.32835488983564,0.102327662543586,-12.9813860379136,1.56031134398615e-38,9.73176946012051e-38
"AWJ11_05295",460.618498709562,-1.84638516170898,0.142652419718638,-12.9432446035667,2.56560711225697e-38,1.59674558771434e-37
"AWJ11_14800",158.14138063218,-4.97464442907123,0.384406891471355,-12.9410906501449,2.63856831868502e-38,1.63863019619623e-37
"AWJ11_11565",473.796664377247,-1.55290614638201,0.12008895825138,-12.9312983391141,2.9971441604977e-38,1.85733087804718e-37
"AWJ11_14660",1991.75720952756,-1.06604994124998,0.0829102147734049,-12.8578842083996,7.76737295705702e-38,4.80315755079552e-37
"AWJ11_16550",234.126747502046,1.95597797117461,0.152291327370792,12.8436596157067,9.33548650335023e-38,5.76053260995641e-37
"AWJ11_11260",4840.61693863212,-1.29419760060478,0.100842112723708,-12.8339001003547,1.05896209368424e-37,6.52050276408976e-37
"AWJ11_11905",82.0999165284899,2.92197443249098,0.228118173198214,12.8090383660579,1.45931828703505e-37,8.96659686343828e-37
"AWJ11_11915",585.195819428331,1.34801351144852,0.105360645917539,12.7942791135085,1.76482506576793e-37,1.08207706362974e-36
"AWJ11_09105",224.469034910587,-2.26191210901237,0.17722251011193,-12.7631196939023,2.63435357242863e-37,1.61180110752821e-36
"AWJ11_10430",57.7579846139673,5.36556465724092,0.420800476991366,12.7508521273635,3.08356121154322e-37,1.88266374392533e-36
"AWJ11_08870",211.003738342351,-2.39303385913748,0.187752560517951,-12.745678953916,3.29509534191649e-37,2.00758019358028e-36
"AWJ11_08335",5580.6958707918,0.931115254944199,0.0731288271791509,12.732533678725,3.89975489128087e-37,2.37098543179976e-36
"AWJ11_04790",4827.58558676811,-1.14493686018785,0.090192359415734,-12.6943886112388,6.35240752945025e-37,3.85406024952391e-36
"AWJ11_09425",324.295018300944,1.52694169361188,0.120400265409527,12.6822120235215,7.42076524209343e-37,4.49282314029673e-36
"AWJ11_15270",142.617029522908,2.16671561273264,0.170957667117767,12.6739891182538,8.24142911562294e-37,4.97926844689202e-36
"AWJ11_09790",345.674485244259,1.60270703718721,0.126756543012862,12.6439787571721,1.20783720305664e-36,7.28225180342898e-36
"AWJ11_04135",183.707793998734,-2.69593828972793,0.213401622607599,-12.6331667809537,1.3858648106833e-36,8.3382385906808e-36
"AWJ11_13055",5731.63909921071,3.81689951357288,0.302282937076963,12.6269102400612,1.50055352161995e-36,9.00954749287994e-36
"ansA",306.576289278522,-1.92727517877114,0.152677694864612,-12.6231613627659,1.57374336495402e-36,9.42942711837875e-36
"AWJ11_00520",198.709983378498,-2.28781033433561,0.18188734437755,-12.5781721766563,2.78396897388664e-36,1.66462938231982e-35
"AWJ11_04990",1230.73309173528,1.17837486076421,0.0937405704950938,12.5705962161377,3.06404438337073e-36,1.82831844236596e-35
"AWJ11_03365",196.897791857128,2.00317835703207,0.159545954357576,12.555494528821,3.70856949428445e-36,2.20835393342782e-35
"AWJ11_13315",155.933466547107,-2.80670706551574,0.224061071003743,-12.5265270443559,5.34525417714822e-36,3.17642003874065e-35
"AWJ11_14630",644.068120267356,-1.30510719122992,0.104579472262268,-12.479573313938,9.65023969472624e-36,5.72290854027413e-35
"AWJ11_15045",1639.52473106809,1.16188550293696,0.0932397110902,12.4612730922445,1.2141671480411e-35,7.18568451212873e-35
"AWJ11_13700",5521.48589015307,-1.02970478986907,0.0826442763860229,-12.4594809815918,1.24176129420852e-35,7.33399425599889e-35
"AWJ11_11590",687.665342698015,-1.36466461904031,0.109614858035783,-12.4496317697627,1.40491845760354e-35,8.28072101080378e-35
"hslU",5622.23624406769,1.05504343134977,0.0847786365307708,12.4446850589162,1.49472792769894e-35,8.79215980235921e-35
"AWJ11_16755",595.363807507156,1.74820697867933,0.140761274530809,12.419658634852,2.04431915077467e-35,1.20005266173263e-34
"AWJ11_06925",580.989607520767,1.38788443415601,0.111833709798831,12.4102512261515,2.29930194720261e-35,1.34699996664056e-34
"AWJ11_05830",768.255971525454,-1.39301270212482,0.112311575965685,-12.4031088527369,2.51377889537763e-35,1.46967194408543e-34
"AWJ11_02105",13767.8363610443,-0.930614075090828,0.0750377974909452,-12.4019375062698,2.55080262112188e-35,1.4883110454691e-34
"AWJ11_04325",1868.02302253514,1.1345240010633,0.0914884595997093,12.4007334479911,2.58942504640174e-35,1.50780605317639e-34
"AWJ11_07465",903.693135408199,-1.26545585465523,0.102050030983016,-12.4003475791775,2.60192503218511e-35,1.5120423781413e-34
"AWJ11_09030",541.253752422934,1.25730636124961,0.10142888975528,12.3959393056864,2.74905454766505e-35,1.59434145509873e-34
"AWJ11_05570",362.801347884066,-1.75634445239031,0.141779504168696,-12.3878586167188,3.04054263656488e-35,1.75986607804375e-34
"AWJ11_12870",69.9574135794913,3.16107895021293,0.256233648881624,12.336705050293,5.74595553647621e-35,3.3191208228667e-34
"AWJ11_04430",546.03876248334,-1.38118838762734,0.112392821309936,-12.2889377767157,1.0386179642566e-34,5.98757049513664e-34
"AWJ11_09785",308.737344070924,1.52187388642937,0.124102078217545,12.2630813946693,1.42958376458353e-34,8.22508034732553e-34
"AWJ11_14115",1334.39262721249,1.15623090889815,0.0943918391199559,12.2492677299018,1.6951963300491e-34,9.73392495865494e-34
"AWJ11_02490",368.901118948893,1.58952855263508,0.129996700252776,12.2274530779956,2.21783960927176e-34,1.2709758077688e-33
"AWJ11_03180",66.0799700363625,3.20340983612822,0.262049205584078,12.2244592537046,2.30107784196657e-34,1.3160710028955e-33
"AWJ11_02135",536.323033343204,-1.49119901134096,0.122199241589132,-12.2030136353448,2.99529236040694e-34,1.70973887396798e-33
"AWJ11_08015",847.104795638504,-1.28351628525542,0.105199580635132,-12.2007737816664,3.07884177327874e-34,1.75397009682454e-33
"AWJ11_07620",624.256940612763,-1.35974829257608,0.111552652246844,-12.189295952975,3.54470498608815e-34,2.01539808049884e-33
"AWJ11_00790",410.122921236566,1.38558314780428,0.113782821507656,12.1774370633888,4.09963033830435e-34,2.32633925471623e-33
"AWJ11_01330",126.83809722703,-3.45537436319189,0.28413726637517,-12.1609333660213,5.01820258855146e-34,2.84201140729314e-33
"AWJ11_09835",406.600613879887,1.4074840023909,0.11580331150961,12.1540911399075,5.45652257385028e-34,3.08421412670365e-33
"AWJ11_06540",554.800572757347,1.41147947585362,0.116388961737688,12.1272623690445,7.57392888818439e-34,4.27269984452351e-33
"AWJ11_00555",152.506671470983,-2.80645876320145,0.231490140681072,-12.1234483461996,7.93488397511811e-34,4.4676175533058e-33
"AWJ11_05085",5325.80192383727,-1.15431068777568,0.0952414763322057,-12.1198319495742,8.29290063348711e-34,4.66012707442945e-33
"AWJ11_09150",138.028789306096,-4.97413019949724,0.410445848253166,-12.1188464219259,8.39321796385605e-34,4.70735906732547e-33
"AWJ11_07695",824.753348238095,1.27327734627605,0.105145699100954,12.1096474431496,9.38968770429135e-34,5.25604568979094e-33
"AWJ11_14845",2563.01194574437,1.00149148511259,0.0828630750831993,12.0861008851896,1.25083439445849e-33,6.98825238911752e-33
"AWJ11_05280",200.956962016293,-2.13488000361773,0.176861062481769,-12.0709441278958,1.50398806384892e-33,8.38639972404387e-33
"AWJ11_03855",50.2926706574248,4.47766792634414,0.371119880089557,12.0652871661405,1.61099448989253e-33,8.96580394951726e-33
"AWJ11_00990",111.435396182499,8.02244662522633,0.66559120589813,12.0531139145702,1.86758732080566e-33,1.03738919508859e-32
"AWJ11_06970",375.470769009108,-1.69836243661658,0.140956055277975,-12.0488788741093,1.96605814765851e-33,1.08999468952562e-32
"AWJ11_12040",3706.57055676858,-0.936605266729531,0.0777498005484981,-12.0464008926338,2.02604854609482e-33,1.12110602149109e-32
"AWJ11_00515",267.606432034364,-1.82279836744042,0.151366612711954,-12.0422749428182,2.1299951366691e-33,1.17637517662602e-32
"AWJ11_12205",512.53889615223,-3.5954821694291,0.298599930120607,-12.041135334415,2.15962781894688e-33,1.19046912533948e-32
"AWJ11_16815",189.814471599769,-2.35953916430794,0.197003661542497,-11.9771335508855,4.68234893069727e-33,2.57618209228858e-32
"AWJ11_17055",140.024530282649,2.22115757335519,0.185556199902753,11.970268708452,5.08636310818867e-33,2.79315651519886e-32
"AWJ11_02760",97.8084441885504,2.48024550701099,0.207265846019718,11.9664940203174,5.32307474664283e-33,2.91760952969401e-32
"AWJ11_02840",564.058269743046,1.25946054319899,0.105310625707681,11.9594821010273,5.79220367059712e-33,3.16874053359321e-32
"AWJ11_11845",781.170146106481,1.21015493170048,0.101213304120999,11.9564808422197,6.00534199666559e-33,3.27914334685853e-32
"AWJ11_14680",451.438740818674,1.35530012720582,0.11343136796985,11.9481952079257,6.63504830954119e-33,3.61616380561435e-32
"AWJ11_11360",269.927148020847,-1.87979310772545,0.157332018916829,-11.9479373662596,6.65566216672652e-33,3.62058013355386e-32
"AWJ11_00350",126.931344688711,-4.14136834630202,0.346991353886849,-11.9350764793191,7.76874556654237e-33,4.21815190798755e-32
"AWJ11_10945",1305.54655388914,-1.23655808841959,0.103918991970104,-11.8992502234369,1.19415200411978e-32,6.47167771521093e-32
"AWJ11_06445",64.1330471589679,6.544550810505,0.550584292937316,11.8865556000343,1.39022424700321e-32,7.52020368378932e-32
"AWJ11_03160",1341.15390139601,-1.1007108179839,0.0926197452348431,-11.884191812372,1.43011623428782e-32,7.72156041423312e-32
"AWJ11_11595",189.360948123873,-2.16110303762624,0.18191329490623,-11.8798520951435,1.50633654411087e-32,8.1179477814839e-32
"clpS",381.198359127148,1.3695164778721,0.115363129122719,11.8713534236338,1.66747958314195e-32,8.96967641935468e-32
"AWJ11_01500",294.021546689078,1.65339080048493,0.140151071261583,11.7972041569271,4.03495666474684e-32,2.16644983075647e-31
"AWJ11_09185",1627.82064349803,1.00474818380833,0.0853704167701517,11.769278185832,5.62033358218645e-32,3.01208247904585e-31
"AWJ11_04480",320.854238514091,-1.62783370241405,0.13840746218907,-11.7611700747057,6.18708655579714e-32,3.30969103372956e-31
"AWJ11_13540",170.862192015931,-2.58094931014805,0.219896977344153,-11.737084071459,8.2274421059283e-32,4.39302905065618e-31
"AWJ11_15840",287.6931510704,1.61531125252227,0.137651517861573,11.7347870740276,8.45388042912317e-32,4.50562246075183e-31
"AWJ11_01610",889.569538492639,1.29481080677094,0.110554296623431,11.711989911901,1.1065175288303e-31,5.88651053021118e-31
"AWJ11_15055",692.477569474643,1.30286933929992,0.111440049849034,11.6912128185953,1.41353481384993e-31,7.50599954363612e-31
"AWJ11_01510",114.534821546837,-3.66081872249043,0.313370864802854,-11.6820647152169,1.57424505254948e-31,8.34407542505165e-31
"AWJ11_09850",794.257003281954,-1.16285480967465,0.0995927028245489,-11.6761045407436,1.68858063352434e-31,8.93373373568452e-31
"AWJ11_05065",1199.68468727409,-1.12994598120158,0.0968895709816319,-11.6622044019143,1.98827112969429e-31,1.05001033746994e-30
"AWJ11_13180",778.8285554782,-1.13997190471224,0.0978640180126625,-11.6485295398841,2.33452306378271e-31,1.23062108316706e-30
"AWJ11_06505",75.5831554699127,7.20797251868284,0.622913534230953,11.5713853088483,5.75459354788812e-31,3.02796249592513e-30
"AWJ11_13275",501.162909594173,1.40112456467497,0.121487383052786,11.5330870537082,8.98625521218162e-31,4.71982261053605e-30
"AWJ11_13040",210.019496720902,-2.02208030817659,0.175549453061693,-11.5185793684357,1.06349931930007e-30,5.57566490951886e-30
"AWJ11_12430",2389.78696114409,-1.0284445533885,0.0893553642844878,-11.5096005888819,1.18023746031557e-30,6.17650490081962e-30
"AWJ11_11520",304.160109557365,-1.70044179109723,0.147843751821937,-11.5016141713263,1.29471198057404e-30,6.76335103209616e-30
"AWJ11_16745",638.011520758637,-1.35733942313826,0.118045945200222,-11.4983993803093,1.34384357931142e-30,7.00735733067973e-30
"AWJ11_10745",208.722245725659,1.62315941999452,0.141195091982383,11.4958629029191,1.38391088266924e-30,7.20330592526042e-30
"AWJ11_11560",45.9968855328454,4.76912484698555,0.415122436927822,11.4884776700585,1.50744937477199e-30,7.83224145527852e-30
"AWJ11_06095",59.9558362983453,3.0976385292284,0.270328395575191,11.458798187432,2.12442159604293e-30,1.10180575249968e-29
"AWJ11_06895",2690.38781219375,0.859978771918122,0.0750964835200611,11.4516516833759,2.30707176354472e-30,1.19439457669024e-29
"AWJ11_13110",115.088763853948,2.16723482818399,0.189274999005348,11.4501906726876,2.34628849764752e-30,1.21252837717713e-29
"AWJ11_03020",88.4118906735037,2.41945733783911,0.211547812530664,11.4369291220556,2.7339183504113e-30,1.41033149841182e-29
"AWJ11_08700",1274.94923044753,-1.01953674125458,0.0892785128067917,-11.4197325784421,3.33257802482373e-30,1.71609978716012e-29
"AWJ11_07385",12378.8335260306,0.881847597964306,0.0772800420465663,11.4110651936879,3.68192562120773e-30,1.89262748628333e-29
"AWJ11_03895",7167.69040882278,0.986805370537286,0.0866341484845124,11.3904896371631,4.66361647267839e-30,2.39299753048427e-29
"AWJ11_04830",109.344866002601,-3.52599776031472,0.309587502402895,-11.3893414073479,4.72547822982849e-30,2.42044849506613e-29
"AWJ11_05000",1526.20353250241,0.978272594853614,0.0859418245651439,11.3829628333302,5.08425271758102e-30,2.59961614216952e-29
"AWJ11_03395",521.251499132732,-1.30587405690411,0.114917172651955,-11.3636110841254,6.34658720939555e-30,3.23363087746315e-29
"AWJ11_13320",111.889793966067,-3.3634108763138,0.295979462702542,-11.3636630244647,6.34281380219909e-30,3.23363087746315e-29
"AWJ11_08365",268.227915585322,1.56933409244863,0.13831879997107,11.345775793145,7.78328708146798e-30,3.95867009029321e-29
"AWJ11_15405",138.128542280608,-2.65777304934308,0.234313073358394,-11.3428286832202,8.04996350222129e-30,4.0871218202506e-29
"AWJ11_13575",621.244472070533,1.11853157901567,0.098722865899482,11.3300152788771,9.31884841435621e-30,4.7230730842639e-29
"sucC",9138.89540036568,-0.930427884275053,0.0824387292575108,-11.286295806049,1.53364695330388e-29,7.75939559940809e-29
"AWJ11_06725",46.2210925493349,3.96563862799414,0.352240796318519,11.2583172348047,2.1074443606244e-29,1.06438812908325e-28
"AWJ11_13230",2594.80238929622,0.889460623628564,0.0791286370824427,11.2406918206092,2.57357536181818e-29,1.29754827475641e-28
"AWJ11_10675",582.832220608507,-1.22627409440744,0.109331157046913,-11.2161448532119,3.39761090747017e-29,1.71003234195107e-28
"AWJ11_13220",276.313587523575,-1.70168056880548,0.151797460263828,-11.2102044780454,3.63353001690577e-29,1.82559650502175e-28
"AWJ11_05105",325.889233565753,1.56119292010052,0.139280363924771,11.2089951239916,3.68351419255529e-29,1.84750261234922e-28
"AWJ11_16875",607.54443026636,-1.62794311071512,0.145246059397754,-11.2081740287151,3.7178393869733e-29,1.86149259271639e-28
"AWJ11_12480",627.745611231714,-1.19965042296637,0.107293317534602,-11.1810357861241,5.04971390653984e-29,2.52398480924461e-28
"AWJ11_06805",191.737290386171,-1.99219447757812,0.17820767824511,-11.1790608418006,5.16334947400648e-29,2.57633334099565e-28
"AWJ11_03055",203.240396446919,1.77131034685163,0.158473689590806,11.1773149942134,5.26591374969058e-29,2.62298698650681e-28
"AWJ11_04870",195.181926289889,-6.73294231863603,0.602646356527162,-11.1722940754767,5.57228303731035e-29,2.77082252748731e-28
"AWJ11_02905",52.9479307049883,6.26217923070676,0.560957237254297,11.1633807620668,6.16034692984214e-29,3.05798353601426e-28
"AWJ11_13475",151.288679635954,-2.37652896248157,0.212977473689364,-11.1585930723726,6.50122602400873e-29,3.22166919751392e-28
"AWJ11_16110",1384.85290003279,0.919525736944514,0.0824176074252122,11.1569088896316,6.62553471164927e-29,3.27765768470308e-28
"AWJ11_12545",91.3574606566872,2.30892688405721,0.207032712949631,11.1524736895997,6.96429113720417e-29,3.43936152748616e-28
"AWJ11_04570",15536.1045924712,-0.940629581398233,0.0844692018392052,-11.1357697352084,8.40160206992283e-29,4.14211863549517e-28
"AWJ11_00085",7910.47576463661,-0.798258012193814,0.07179153221204,-11.1191109535888,1.01276148850601e-28,4.98457780227279e-28
"dapD",1050.40416906142,-1.11858289158423,0.100736682616488,-11.1040274756988,1.19915622616283e-28,5.89194926742824e-28
"AWJ11_05575",171.464292802249,-2.15366653073971,0.194405334431857,-11.0782275447005,1.60008747372062e-28,7.848564659233e-28
"AWJ11_11710",1237.39987711249,-1.02507128895591,0.0925436650712806,-11.0766229991687,1.62901430372982e-28,7.97693298645365e-28
"AWJ11_16740",334.537068543978,-1.45777590637709,0.13161823627372,-11.0757897055042,1.64424102756807e-28,8.03789448273987e-28
"AWJ11_16810",1769.29269161155,-0.920488292998737,0.0831497666396933,-11.070245055376,1.7492161711774e-28,8.53664687923677e-28
"AWJ11_15685",106.431967951966,-3.28555374716125,0.29701308444232,-11.0619831894958,1.91808905034538e-28,9.34503318467937e-28
"AWJ11_02025",272.441747023556,1.43560584877147,0.129819255951123,11.0584969714507,1.99411044939135e-28,9.69908511014883e-28
"AWJ11_06555",423.508097932274,1.34324481167446,0.121537811483338,11.0520733858912,2.14209544979072e-28,1.04013829390845e-27
"AWJ11_07350",175.990012450441,1.7390541411698,0.157395479045777,11.0489459526599,2.21803755281266e-28,1.07520949377552e-27
"AWJ11_09525",2111.40036171781,1.00398151328038,0.0909937435864283,11.0335224567035,2.63344301316037e-28,1.27444549834216e-27
"AWJ11_00565",165.769918217691,-2.338586085549,0.2124637921847,-11.0069864681508,3.53635056877535e-28,1.70854733656692e-27
"AWJ11_01150",904.820619746848,-1.30342141754575,0.118589959113209,-10.9909930595513,4.22254319107159e-28,2.03667333249353e-27
"AWJ11_10180",356.172632828615,-1.77940219651346,0.161926980815466,-10.9889172734054,4.32078141866973e-28,2.08058925551251e-27
"AWJ11_02845",166.401044841729,1.76690292291994,0.161043692722948,10.9715748133001,5.2352520865203e-28,2.51674743162621e-27
"AWJ11_12685",2009.75137904749,-0.896475847063773,0.0819166048424726,-10.9437622419498,7.11833251912026e-28,3.41632741464909e-27
"AWJ11_06580",638.063030492148,1.11270213366006,0.101695042883304,10.9415572491266,7.29362193395043e-28,3.49465925113453e-27
"AWJ11_14615",2648.2488926799,-0.880383618985729,0.0805009382860563,-10.9363150011659,7.72773965786974e-28,3.69654191237604e-27
"AWJ11_04855",98.4481087854073,-4.10213457914305,0.375205400630914,-10.9330371371128,8.0121067466239e-28,3.82624371695207e-27
"AWJ11_13640",3228.91729125799,-0.879728561869029,0.0804718146954534,-10.9321327622395,8.09237523559499e-28,3.85820987344512e-27
"AWJ11_15220",304.923122914588,-1.51280641647405,0.138730504680668,-10.9046414842666,1.09524154562493e-27,5.213205646445e-27
"AWJ11_01270",1636.72212431818,-0.927011001564854,0.0851596199299682,-10.8855699723318,1.35051123219814e-27,6.41770033822893e-27
"AWJ11_16160",407.982925966589,1.33041943370694,0.122240130667292,10.8836551993552,1.37919202326034e-27,6.54324871363186e-27
"AWJ11_02165",422.631776457127,-1.50017664338821,0.138050556787547,-10.8668641278782,1.65801980288218e-27,7.85320672592638e-27
"AWJ11_13385",139.192054388343,-2.32960593504836,0.214409498529888,-10.8652179638563,1.68819568854901e-27,7.98306915467457e-27
"AWJ11_16760",806.134723268605,3.25652910060214,0.299943422901973,10.8571445544463,1.84426036209895e-27,8.70683440116535e-27
"AWJ11_10730",1341.65926130513,-1.08879839167692,0.100287778499717,-10.8567405516915,1.85243529550409e-27,8.73118525275053e-27
"argS",4211.93313920907,0.820557641398373,0.0757156828083889,10.8373537814475,2.28999236045051e-27,1.07759965709655e-26
"AWJ11_05505",267.018226695123,1.38715910566115,0.128220611029512,10.8185345126914,2.81238265303302e-27,1.32127198017493e-26
"AWJ11_04390",99.9687230069132,-3.39235338429742,0.313679027881966,-10.8147280588166,2.93160831491373e-27,1.37505258725451e-26
"AWJ11_00560",155.214142092461,-2.46584444946309,0.228231000771386,-10.8041608770452,3.28950822763404e-27,1.54042666840986e-26
"AWJ11_05580",320.029981306351,-1.48030748205666,0.137528821286687,-10.7636164420465,5.11236663554031e-27,2.39017593590528e-26
"AWJ11_06780",1901.93427190954,0.898801355631681,0.0835769526062587,10.7541771697042,5.66372269044589e-27,2.64367959131458e-26
"AWJ11_07310",107.883827702705,-4.17024831267181,0.387895061945951,-10.7509703571656,5.86414194914776e-27,2.73282235118094e-26
"AWJ11_05900",327.541201801995,-1.58204327986078,0.147330330004446,-10.7380692068839,6.74400256290628e-27,3.13780440788597e-26
"AWJ11_14740",96.2762045560171,-4.15304619596379,0.387055312382254,-10.7298519439058,7.3714185966358e-27,3.42421916832488e-26
"AWJ11_15440",137.133787366854,-5.77268317987366,0.538141172407889,-10.7270795766175,7.5958916085826e-27,3.52283819154456e-26
"AWJ11_11970",135.039703901356,-2.43455401842675,0.227362989071038,-10.7077850637603,9.35738048406198e-27,4.33284145934006e-26
"hflB",6641.88883964302,0.877417257019743,0.0822705235241383,10.6650258128272,1.4835785026078e-26,6.85858815742328e-26
"eno",4161.26819471353,-0.864224994852521,0.0811676289815106,-10.6474096348113,1.79284569302568e-26,8.27511233750609e-26
"AWJ11_08240",1405.10058747996,1.00960095502963,0.0948460066889278,10.6446332352282,1.8471023624084e-26,8.51196534523869e-26
"AWJ11_04960",524.917556449947,1.11015726299633,0.104295470950875,10.6443477638568,1.85277253138362e-26,8.52452099495104e-26
"AWJ11_13565",359.191117989457,1.39600142399475,0.131319772889311,10.6305500937123,2.14841487997793e-26,9.86906771850178e-26
"AWJ11_11715",1051.08010927499,1.08449929831358,0.102136819015078,10.6181033320949,2.45498440116291e-26,1.12594688699928e-25
"cpsB",953.978249210941,-1.00466224364269,0.0952409833806164,-10.5486336656952,5.15411412487066e-26,2.36012757553413e-25
"AWJ11_16125",55.5154005270963,2.90523325480538,0.27558647045285,10.5420024794085,5.53084838580915e-26,2.52863747686125e-25
"AWJ11_10715",133.858246995095,-2.39817359644543,0.227513821484748,-10.5407820096161,5.60310244686688e-26,2.55763067527331e-25
"AWJ11_10965",544.489188047881,-1.27247673589179,0.12101418069491,-10.515104333928,7.35992998002752e-26,3.3542736003464e-25
"AWJ11_01680",229.71089562353,-1.93540560297199,0.184384811971405,-10.4965565345596,8.95888072238091e-26,4.07657245449219e-25
"AWJ11_13930",1102.28535476743,0.924233930340388,0.0881060231731338,10.4900198312686,9.60082391811037e-26,4.36181859011168e-25
"AWJ11_10670",669.771684677455,-1.12229434917116,0.107118778098814,-10.4771018591706,1.10065000519583e-25,4.99260362858421e-25
"AWJ11_08570",672.301057042987,1.00464237713337,0.0959077083994946,10.4750952128752,1.12424415444592e-25,5.09164723468936e-25
"AWJ11_01205",455.386685772357,1.27339979615855,0.121809237892443,10.4540494480637,1.40399516529158e-25,6.34869063805287e-25
"recR",914.922020709778,1.00999988152769,0.0966393275994184,10.4512304319238,1.44636424728679e-25,6.53007508837436e-25
"AWJ11_17045",404.423189507046,-1.49520944769334,0.143383277093656,-10.428060217348,1.84618672563308e-25,8.32221866663885e-25
"ubiE",565.889921320941,1.10880420108884,0.106615973113647,10.3999819980718,2.47980039937074e-25,1.11610301023e-24
"AWJ11_02625",5854.97714691103,-0.828347191777417,0.0797028004223609,-10.3929496502989,2.6696678917635e-25,1.19969237247882e-24
"AWJ11_13690",4944.86631774652,0.943735778671815,0.0908949934500912,10.3827036325164,2.97236162526969e-25,1.33364566566364e-24
"AWJ11_06775",1471.16595375105,0.962003302534154,0.0927686679739227,10.3699160885287,3.39823030705549e-25,1.52236509421341e-24
"AWJ11_05155",110.290598136094,2.01744341413241,0.194553788344276,10.3695920357121,3.40977340896881e-25,1.52517530843211e-24
"AWJ11_06595",468.376387605864,-1.19712254987166,0.115453784938626,-10.3688462921163,3.43648538385986e-25,1.53475134273e-24
"AWJ11_12680",738.921152815935,-1.04353565379008,0.100846411452881,-10.3477718121646,4.28338469829311e-25,1.9100331767119e-24
"AWJ11_03385",281.969523528634,-1.46796222935754,0.141924666440163,-10.3432494588701,4.49047680782742e-25,1.99929844336193e-24
"AWJ11_08585",479.850403141916,1.0755889805134,0.104111647705805,10.3311109200074,5.09668535454845e-25,2.2657154248945e-24
"AWJ11_11010",62.7796035115087,2.65125097949936,0.256693775963203,10.328458372436,5.23958778148961e-25,2.32566979135444e-24
"AWJ11_00820",673.673193277046,-1.0596819173677,0.102746674049411,-10.3135398510135,6.12045463850773e-25,2.7124955166679e-24
"AWJ11_07810",150.014786988068,-2.09323699990118,0.203321505858507,-10.2952070469018,7.40600779784987e-25,3.27721507140329e-24
"AWJ11_04805",1436.82163604125,0.882675307191376,0.0857659696903322,10.2916729138419,7.68297671905138e-25,3.39458543892133e-24
"AWJ11_16735",109.660003940921,1.96151508771745,0.190937793799171,10.2730583018079,9.32022645226557e-25,4.11169746232569e-24
"AWJ11_07525",587.024426125931,1.2745945420554,0.124076008044399,10.2726914102467,9.35574903780351e-25,4.12108641025926e-24
"AWJ11_06370",560.723888644419,1.05026396444755,0.102541247787777,10.2423559992289,1.28078836262449e-24,5.63313301129981e-24
"AWJ11_00760",1031.45905538315,0.915837660608907,0.0894189441614409,10.2420987990578,1.28419845539484e-24,5.63956043992816e-24
"AWJ11_12080",1258.79502173918,1.07480945443929,0.105046932448937,10.2317071939417,1.4297637351244e-24,6.26929734765155e-24
"AWJ11_06130",543.284941233704,1.04056582604924,0.101780912258198,10.2235851788155,1.55481711285078e-24,6.80732333523472e-24
"AWJ11_09945",16620.3646572719,0.975537683648057,0.0955417581622008,10.210589614563,1.77781202429525e-24,7.77188519382246e-24
"AWJ11_12925",167.414115714697,-2.01776695533787,0.197793610575566,-10.2013758152566,1.95483445609973e-24,8.5328671432166e-24
"AWJ11_02995",703.671934332393,1.02957882463199,0.101047404758956,10.1890674687588,2.21882308750799e-24,9.670593396458e-24
"ribH",1021.57493651526,-0.956075187890064,0.093868426462842,-10.1852691465807,2.30720550342533e-24,1.00406807923502e-23
"AWJ11_10855",380.168505677231,1.17193811275585,0.115142052827835,10.1781936657685,2.48124342478399e-24,1.07818595665539e-23
"AWJ11_16005",60.6682501000232,2.63992620787146,0.25973629924918,10.163870877897,2.87432985268103e-24,1.24712302753507e-23
"AWJ11_12100",522.159906416589,1.28143406955674,0.126531823724438,10.127365842347,4.17751713889794e-24,1.80984050897764e-23
"AWJ11_08855",262.442337495305,1.38881196861179,0.137300402469653,10.1151339954649,4.73368834340679e-24,2.04772706514488e-23
"AWJ11_08835",1552.54870371009,0.916748190110296,0.0907361002554918,10.1034559291059,5.33290063733686e-24,2.30349469320192e-23
"AWJ11_15350",503.942648482536,-1.30887715822726,0.129673823383284,-10.0936112168031,5.89597007545999e-24,2.5429116838124e-23
"AWJ11_14940",87.3171656628143,-3.77957722666595,0.375480271998361,-10.0659808478099,7.81048645348426e-24,3.36362318398563e-23
"AWJ11_16260",16327.7279707551,0.765698103603641,0.0761050292566024,10.0610710104577,8.21002703820879e-24,3.53043361791623e-23
"AWJ11_03390",311.260209858834,-1.36881172797549,0.136083694040944,-10.0586020803025,8.41852006368929e-24,3.6147176653289e-23
"AWJ11_13970",1319.6351688107,0.917519033496328,0.0912828858579629,10.051380659941,9.05892091644251e-24,3.88392846402735e-23
"AWJ11_09025",735.70775794922,0.935482724878967,0.0930798453691302,10.0503253004889,9.15646594743099e-24,3.91994267039427e-23
"AWJ11_13685",4014.36938914739,-0.758725027002764,0.0757011933358949,-10.0226296781903,1.21233582497303e-23,5.1824222710073e-23
"AWJ11_07600",129.90935184834,1.74231332665775,0.173964752905504,10.0153237800082,1.30533786608111e-23,5.57175189445243e-23
"AWJ11_14220",10869.3035020037,-0.78664937727103,0.0786397476954301,-10.0032032187807,1.47545687140485e-23,6.28861883040596e-23
"AWJ11_02470",447.547115964171,-1.18194426568649,0.118300684244336,-9.9910179999071,1.66859221575298e-23,7.10133216527814e-23
"rplL",6014.02524450259,0.86607326667684,0.086729601357511,9.98590161975691,1.75696428972901e-23,7.46645323711565e-23
"AWJ11_11770",116.536137706617,-2.4860309758283,0.249120042324411,-9.97924917093151,1.87883088423374e-23,7.97263428001824e-23
"AWJ11_04890",758.483930710142,-1.03476392912809,0.103866532576135,-9.96243836646421,2.22536575675658e-23,9.42929502204032e-23
"AWJ11_11790",253.807366913184,1.36303449029668,0.136935080374781,9.95387366455811,2.42553826042994e-23,1.02574714631695e-22
"AWJ11_12845",314.05430555978,-1.56118630178769,0.156843616423249,-9.95377649017459,2.42790876028717e-23,1.02574714631695e-22
"AWJ11_13810",41.0826706958177,3.48032896651629,0.350463978986353,9.93063246209339,3.06306464024802e-23,1.2922024881746e-22
"AWJ11_02585",429.264719095361,-1.19649522559123,0.120618154210647,-9.91969437288579,3.41801165132392e-23,1.43984362720981e-22
"AWJ11_08320",390.201126410696,1.12079172116354,0.113089129536065,9.91069367817631,3.74040091899437e-23,1.57336050284443e-22
"AWJ11_06750",625.883289525633,1.01299103976916,0.102553589198415,9.87767515195669,5.2025891859819e-23,2.18523847666642e-22
"AWJ11_00525",149.38929878167,-1.98136275329258,0.20072788294188,-9.8708895059999,5.56687350435645e-23,2.33148074118778e-22
"AWJ11_09075",10755.3764847374,0.880562009326759,0.0892071237091634,9.87098308648087,5.56168191084315e-23,2.33148074118778e-22
"AWJ11_06355",392.300730381797,1.37556705133817,0.139588210406041,9.85446440882687,6.55653190335816e-23,2.74199470062406e-22
"AWJ11_00785",273.251592379812,1.27901729180963,0.130062281093964,9.83388328308335,8.0455213655581e-23,3.35984687329367e-22
"gyrB",3945.75347504731,0.852974863086494,0.086814952872474,9.82520677445351,8.76938800957821e-23,3.65686007200567e-22
"tgt",2165.55601473287,0.79321811757392,0.0807565164805225,9.82234192537559,9.02227504243893e-23,3.75690129105299e-22
"AWJ11_00475",504.436017321758,-1.12272323797445,0.114444367855228,-9.81020961551115,1.01756961548748e-22,4.23110124600686e-22
"AWJ11_16020",93.5858413285489,2.20606476710205,0.225112227332259,9.79984425211146,1.12759375374317e-22,4.68185986130953e-22
"AWJ11_14470",598.586600579084,1.07657587376971,0.109915762939528,9.79455398369027,1.18820649742945e-22,4.92646075008715e-22
"AWJ11_02400",83.8372684436496,-3.15928161179513,0.322934710695105,-9.78303510636837,1.33156417160676e-22,5.51294236427747e-22
"AWJ11_09775",3923.0350743424,1.06199572931376,0.108587524044974,9.78008973548296,1.37088946719899e-22,5.66764874010555e-22
"AWJ11_09700",342.58738937072,1.25589287404258,0.128511528577848,9.77260863628897,1.47601753097258e-22,6.09357308792389e-22
"AWJ11_11445",12695.2247438343,-0.761131887728601,0.0779740964711242,-9.76134283275046,1.64956379618624e-22,6.80033849880765e-22
"AWJ11_15455",79.3592635074115,-3.35266409167714,0.343754446443632,-9.75307847320283,1.78957481681601e-22,7.36704056879878e-22
"AWJ11_02375",129.035565782379,-2.14967976189479,0.220502128950027,-9.74902043862794,1.86256765017994e-22,7.65663463014311e-22
"AWJ11_12750",97.9028937637081,-2.6627054860094,0.273283122353528,-9.74339528573168,1.96864503680783e-22,8.08121806598847e-22
"AWJ11_03165",625.952975944283,-1.05076118418971,0.10786393950799,-9.74154280830683,2.00487065116638e-22,8.21826581370467e-22
"AWJ11_05700",147.192182462539,-1.92832530730095,0.198116869206378,-9.73327165438,2.17483221902096e-22,8.90235423174915e-22
"AWJ11_10905",334.593085377971,1.27424940479737,0.131020357577292,9.72558332429876,2.34557109269638e-22,9.58768748907249e-22
"glyA",3410.69310249275,-0.788597873831435,0.0810964950273889,-9.7241918231497,2.37786091912956e-22,9.70596544423265e-22
"AWJ11_05715",375.790403061898,-1.19863375971374,0.123576565191412,-9.69952318918346,3.02910868694889e-22,1.23468176620142e-21
"rho",5896.24636070802,-0.798982553058002,0.0824076174059354,-9.69549391438242,3.15109318665958e-22,1.28259686106791e-21
"AWJ11_17005",595.59850950165,-1.13767821131775,0.117695225954634,-9.66630721076381,4.19233029806362e-22,1.70401739924103e-21
"AWJ11_12650",80.8119698816933,-4.51007315459823,0.467834099546539,-9.64032583125032,5.40162467957732e-22,2.19246869883545e-21
"AWJ11_13850",2174.8453875374,-0.766265304096223,0.0794866542317962,-9.64017559302052,5.40953628590841e-22,2.19260476350405e-21
"AWJ11_04580",249.083571302063,-1.42580783065365,0.148235366844697,-9.61854017029176,6.67720431723473e-22,2.70263346770312e-21
"AWJ11_00390",444.855395024334,-1.14669368498195,0.119257548769472,-9.61527129153511,6.89274087666102e-22,2.78209094798563e-21
"AWJ11_04375",77.7196745612613,-4.32629153327267,0.449939055126841,-9.61528341222359,6.89192910816055e-22,2.78209094798563e-21
"AWJ11_03755",2913.1601960409,0.744701435353948,0.0774546725537016,9.61467411585304,6.9328533792752e-22,2.79438407794184e-21
"AWJ11_00540",129.733072689396,-2.16766712122516,0.22559599112781,-9.6086242950881,7.35247293123649e-22,2.95939591974943e-21
"AWJ11_09100",274.216463442989,-1.55474306904008,0.161831926852865,-9.60714674338417,7.45871746800864e-22,2.99799004894681e-21
"AWJ11_11875",532.029432266141,1.2509804802639,0.130421396189848,9.59183475112403,8.65323303733629e-22,3.47329492511113e-21
"AWJ11_00075",9958.27136833504,-0.794384889230888,0.0829441448124162,-9.57734739477324,9.95692886761012e-22,3.99104600316671e-21
"AWJ11_11395",876.696381398211,0.915781599093404,0.0956353376714672,9.57576583500293,1.01105183592607e-21,4.04700416759341e-21
"AWJ11_02410",107.100731169979,1.77956552668962,0.186319681027975,9.55114090401661,1.28275747236412e-21,5.12748636052729e-21
"AWJ11_02605",463.05149793348,-1.20422180164363,0.126226472165271,-9.54016840514183,1.42600560044199e-21,5.69222097610914e-21
"AWJ11_05865",390.803413526045,1.08711218068533,0.11404453601082,9.53234778895665,1.53765670765467e-21,6.12944698616063e-21
"AWJ11_08075",448.449822525788,-1.21654321849688,0.127891749558478,-9.51228849942835,1.86513426092995e-21,7.42461974020807e-21
"AWJ11_07095",3920.33920593591,-0.800228432413289,0.0841376563509607,-9.51094274691135,1.88942365553461e-21,7.51097810318291e-21
"AWJ11_00015",579.106433342432,-1.2015137023587,0.126497462107502,-9.49832259352063,2.13298340792066e-21,8.46756376203345e-21
"AWJ11_16135",61.26383000163,2.48983606319915,0.262403394312073,9.48858176826026,2.3419880825465e-21,9.2845390560131e-21
"AWJ11_04130",962.823198364209,0.880809019479579,0.0930474916650145,9.46623067122142,2.90124267079181e-21,1.14859046364863e-20
"AWJ11_02365",82.4822800983062,-2.82375799161425,0.298422134970137,-9.4622940483179,3.01260008862756e-21,1.19104708421969e-20
"AWJ11_04205",3901.59824236826,0.794334986667035,0.0842015504181498,9.43373349685749,3.95746118279513e-21,1.56246830327546e-20
"AWJ11_14315",174.12598610776,1.45873135348002,0.154752494161671,9.42622192541901,4.25126350690126e-21,1.67617937179458e-20
"AWJ11_14985",1344.41478899015,0.781143981519752,0.0833071296402629,9.37667622078555,6.80851924552784e-21,2.68079655735477e-20
"AWJ11_04045",94.3557784873886,-2.48742394437312,0.265879456831385,-9.35545744683311,8.32387321602309e-21,3.27300123466995e-20
"AWJ11_15160",1715.58239082234,-0.79559072860465,0.0850705287684076,-9.35213099204464,8.58992991418474e-21,3.3730335375374e-20
"AWJ11_07530",395.048871975263,1.04268333875395,0.11174459223954,9.33095121523925,1.04924965505479e-20,4.11453726521484e-20
"AWJ11_04195",10736.2796016699,0.886651115269835,0.0950389943187974,9.3293402526511,1.06531945908817e-20,4.17190056102998e-20
"AWJ11_15690",124.371538023531,-2.05754618079245,0.221149611903178,-9.30386521181537,1.35430751943145e-20,5.29644048815487e-20
"AWJ11_14325",38.475632560526,3.45621165174559,0.371885212664928,9.2937592946447,1.48932991115368e-20,5.81662721036269e-20
"AWJ11_13580",873.838451659796,0.964137042672754,0.103940344866938,9.27586919118869,1.7617666538568e-20,6.87136481975955e-20
"AWJ11_06915",383.348864550923,1.3768924686211,0.148539799106375,9.26951885558337,1.86987497900533e-20,7.28320079305708e-20
"AWJ11_05050",4214.50493223766,-0.688959247353912,0.0744289311631343,-9.25660541656634,2.11034806039504e-20,8.20880011664414e-20
"AWJ11_16940",257.5579550773,-1.38526207828189,0.149715527202524,-9.25262799501094,2.19039673455571e-20,8.5087357715493e-20
"AWJ11_11475",732.340054621835,0.87289371922915,0.0944625600826753,9.24063161600932,2.45046408082634e-20,9.5062239274952e-20
"AWJ11_00530",111.675245405105,-2.45317702007784,0.266113610455955,-9.21853270065594,3.01193390637767e-20,1.16687238621914e-19
"AWJ11_02315",32.15146643551,3.599797322323,0.390748823992169,9.21256086082334,3.18435488559672e-20,1.23202179664665e-19
"AWJ11_01535",738.995823072716,1.01536424967152,0.110248360500227,9.20979001469532,3.26763531593355e-20,1.26255495384669e-19
"rplD",3265.64790614985,0.839273424965942,0.0912272077298057,9.19981490008638,3.5856688810961e-20,1.38359009891895e-19
"fumC",3036.67721177178,-0.765307204418436,0.083223273301928,-9.19583157516476,3.72105170512094e-20,1.43391792737949e-19
"AWJ11_12700",1954.03777388,-0.836423532647619,0.0910275783512377,-9.18868268054113,3.97681451687569e-20,1.53043899093594e-19
"AWJ11_03670",311.455080724924,-1.32936395432289,0.144895050272052,-9.1746678152698,4.52968875302192e-20,1.74089233084269e-19
"AWJ11_04940",72.2495189064475,-3.13401137733038,0.343502910760775,-9.12368215567463,7.26143045843812e-20,2.78707954200529e-19
"AWJ11_07015",129.893967526954,1.87493404261015,0.20552523971631,9.12264617814416,7.33119999190703e-20,2.81013149358661e-19
"AWJ11_06830",345.004621848328,1.06374542737167,0.116854495656068,9.10316219670778,8.77392534539816e-20,3.35869576052676e-19
"AWJ11_07020",33.8683796468329,3.31693893111344,0.364453123469979,9.10114008499276,8.93885006507658e-20,3.41730939079678e-19
"AWJ11_06675",337.288184112571,1.1077060274583,0.121814772189507,9.09336369923219,9.60213999022223e-20,3.66604131025107e-19
"rph",1458.13184651173,-0.784263957650136,0.086296435304311,-9.08802263829961,1.00856542032502e-19,3.84557091755021e-19
"AWJ11_13570",243.474665555521,1.26362507392748,0.139090063047516,9.08494141307417,1.0375454568154e-19,3.95086388424178e-19
"AWJ11_14255",2626.40525957284,0.727010258835503,0.0800495655029944,9.08200131090416,1.06596488812187e-19,4.05374820791679e-19
"AWJ11_09840",593.15872388197,-1.0241310426246,0.112809929221583,-9.07837678554863,1.1020606971648e-19,4.18551661101699e-19
"AWJ11_05525",2481.5718256683,0.941284341503478,0.103950617738694,9.05511060905511,1.36429444980658e-19,5.17466335221526e-19
"AWJ11_07085",6747.58711253798,-0.729782442608533,0.0806366902208447,-9.05025293833158,1.42637547592177e-19,5.40305055931624e-19
"AWJ11_12745",221.958005748505,-1.51059328400968,0.166956167731823,-9.04784354200143,1.45819513100447e-19,5.51636171127704e-19
"rplI",5484.66136497331,-0.726190691599958,0.0803693809481086,-9.03566362006485,1.63010313303563e-19,6.15864029635132e-19
"AWJ11_04615",69.4655080483027,-3.5081267335088,0.388295086088416,-9.03469258096658,1.64464044208444e-19,6.20546211133294e-19
"AWJ11_00435",233.758384898852,1.30332177378029,0.144311718517317,9.03129549818158,1.6965130345242e-19,6.39284989832426e-19
"AWJ11_14610",2033.91509023229,-0.756805653797924,0.0838279230073338,-9.02808547137347,1.74701358084689e-19,6.57458686992314e-19
"AWJ11_15265",4471.34008971123,0.648724232180856,0.0719369865899686,9.01795116715827,1.91639715999402e-19,7.20266672860089e-19
"AWJ11_02085",94.4811691612661,2.1334003496248,0.236647968026642,9.01507994095528,1.96726931977324e-19,7.38427679821499e-19
"AWJ11_00500",95.4998224708428,-2.48712963809743,0.276116718457623,-9.00753004740326,2.10749323060085e-19,7.90036970124206e-19
"AWJ11_00825",926.668790682447,-0.8427932454228,0.0936982345980515,-8.99476120375405,2.36746311525551e-19,8.86343888169399e-19
"AWJ11_14075",15581.3212046811,-0.638727240582409,0.07101765013091,-8.99392248835346,2.38560732144478e-19,8.91982892540204e-19
"AWJ11_04780",5166.61649925012,0.825446649722186,0.0918305606737305,8.98880115362638,2.49941773962342e-19,9.33330959802603e-19
"AWJ11_11570",65.358675884007,-4.10352571656115,0.457634943223916,-8.96681028693507,3.05225200540737e-19,1.13830119892383e-18
"hemE",1462.28419462678,-0.810461376310093,0.0905071302711029,-8.95466880766693,3.40757009976124e-19,1.26917733188019e-18
"AWJ11_13670",83.3072363533057,-2.52636658908366,0.282219695514739,-8.95177278281673,3.49818429021476e-19,1.30125261386652e-18
"AWJ11_07205",459.931158991278,0.987252376635956,0.110292286848578,8.95123679855662,3.51521395598863e-19,1.30590875335444e-18
"AWJ11_12345",123.211828555004,-1.93884060469533,0.216773366546697,-8.94409048298683,3.7502522012977e-19,1.3914397269943e-18
"AWJ11_14635",1308.10234532512,-0.894511706107186,0.100061656096757,-8.9396052494096,3.90563015179228e-19,1.44723350310971e-18
"AWJ11_13895",404.986607495486,1.3622021811642,0.152519053969744,8.93135739901994,4.20813225802065e-19,1.55733181006544e-18
"AWJ11_08215",42.6000086608344,3.03151204930715,0.339542758960278,8.92821881576864,4.32922678021081e-19,1.60009991084675e-18
"AWJ11_11110",3252.53579598103,-0.760970465355959,0.0854654785966018,-8.90383436507447,5.39499368108324e-19,1.9914683307468e-18
"AWJ11_04140",271.282566668906,-1.32714692514071,0.149249084716402,-8.89216123276409,5.99316465096088e-19,2.20945458597208e-18
"AWJ11_03095",143.098436546782,-1.70957591283307,0.192419061204265,-8.88464948396276,6.41226156680924e-19,2.36095228681246e-18
"AWJ11_14120",5238.44946716337,0.716884758113579,0.0807055657320513,8.88271771111415,6.52463848419415e-19,2.39927621007089e-18
"AWJ11_14040",102.054397176013,-2.09330269934551,0.23574595356885,-8.87948517315338,6.71705174937108e-19,2.46689692419796e-18
"AWJ11_07040",63.160859752063,2.32688967967011,0.262077038569408,8.87864763877,6.76781255972677e-19,2.48238904281993e-18
"AWJ11_08540",151.832371650961,-1.64813753713748,0.185670268467391,-8.8766906556552,6.88790204166946e-19,2.52323905172043e-18
"clpA",1828.81733692637,0.827274916635827,0.0932013341212063,8.87621324776289,6.91751590164482e-19,2.53088382039951e-18
"AWJ11_12010",1198.77764480672,0.769551600565237,0.0867320032380747,8.87275252311259,7.13597940722187e-19,2.6075157076389e-18
"AWJ11_05670",197.476810830989,1.2742047292158,0.143756687147387,8.8636205695908,7.74570470156314e-19,2.82674267418963e-18
"AWJ11_05595",206.913655239471,1.30545994524411,0.147539827723589,8.84818672616219,8.8952730190212e-19,3.24218137494299e-18
"AWJ11_07845",478.974036938561,-1.00292145512739,0.113351960924929,-8.84785271418118,8.92192919516154e-19,3.24780667808774e-18
"AWJ11_01170",113.992440410932,-6.53430221219568,0.739693007484122,-8.83380286968029,1.01175887839233e-18,3.67842989204449e-18
"AWJ11_11760",76.5685827606342,-4.77544772673624,0.540607549263922,-8.83348324165722,1.01465542280442e-18,3.68433223788706e-18
"AWJ11_07940",30.349638153587,3.81696583484666,0.432154607700613,8.83240804756377,1.02445932851555e-18,3.71526979539347e-18
"AWJ11_10910",124.662786369974,1.77537443972435,0.20117510566593,8.82502054042674,1.09439722073903e-18,3.96393686710734e-18
"AWJ11_10045",545.676841474963,0.990453594466605,0.112421635930155,8.81016884580789,1.24957500823445e-18,4.52033759228811e-18
"AWJ11_16925",163.467062053089,-1.5716908794375,0.178443813019769,-8.80776336730361,1.27667587473357e-18,4.61260921532951e-18
"AWJ11_05090",1805.69831465459,0.850458954771941,0.0966216479208173,8.80195042283798,1.34458584254685e-18,4.85190951163415e-18
"AWJ11_01845",27.5126388798734,5.49693001482476,0.624700170736145,8.79930928840181,1.37660800210512e-18,4.96127466761173e-18
"AWJ11_04155",866.741185752932,-0.924883484795101,0.105111233055749,-8.79909271261772,1.37926701934575e-18,4.96467506714753e-18
"AWJ11_14620",221.412891385489,-1.42266955391701,0.161700934947286,-8.79815292583677,1.39086416632287e-18,5.00019987247003e-18
"AWJ11_15540",485.503061556133,1.0304914298928,0.117305326813212,8.78469424950903,1.56790415970313e-18,5.62967076697378e-18
"AWJ11_16140",59.6259656659908,2.28924498723166,0.260770484380415,8.77877338254308,1.65267147047625e-18,5.92668058929155e-18
"AWJ11_09340",101.46745596941,-2.10722223931648,0.24015189782606,-8.77453919120273,1.71605104810028e-18,6.14635115495324e-18
"AWJ11_12635",155.517777435925,-1.65165877900391,0.188377072285361,-8.7678333619174,1.8213712691492e-18,6.51551106664746e-18
"AWJ11_14370",943.545740471981,0.778163061761571,0.0887585546726561,8.76718942339087,1.83181457942863e-18,6.54477949736599e-18
"AWJ11_00545",201.131636592324,-1.43727467977594,0.163972815009211,-8.7653229573158,1.86241991555018e-18,6.64592260863407e-18
"AWJ11_05290",549.394117475781,-1.08463483399601,0.123754648971842,-8.76439667525376,1.87779552949503e-18,6.69253726891456e-18
"AWJ11_00550",104.769983076736,-2.11837493989268,0.241732895176441,-8.76328783613201,1.89636636367518e-18,6.75041113957685e-18
"AWJ11_05510",64.2048767348208,2.117381580024,0.241709552492624,8.76002441024177,1.95208097653815e-18,6.94019944238501e-18
"AWJ11_14170",1848.77755681029,0.809977245438224,0.0925920379101264,8.74780665508649,2.1753957543874e-18,7.72465682600876e-18
"AWJ11_15335",878.782861031212,-0.87753253351604,0.100442463439339,-8.73666877003684,2.40085116667455e-18,8.51478342690703e-18
"aceF",8152.22259805977,-0.641926807616896,0.0736155423596043,-8.71999019556428,2.78225880997059e-18,9.8553941200182e-18
"AWJ11_15085",30.5139091094404,3.53674960752167,0.405700954867612,8.71762702327328,2.84093012289404e-18,1.00509190411435e-17
"AWJ11_12390",333.187056931801,1.04561930012204,0.119959753213316,8.71641756600382,2.87142863107642e-18,1.01464157000429e-17
"AWJ11_02240",856.253791058851,-0.903866613047053,0.103786963714676,-8.70886458854217,3.06933676534505e-18,1.08325129254983e-17
"AWJ11_10015",1051.96238948662,0.923937080428073,0.106202647199652,8.6997556538412,3.32599547086613e-18,1.17240327560129e-17
"AWJ11_12445",478.582268000522,-1.12190066259327,0.128970572755428,-8.69888873581086,3.3514992969743e-18,1.17995607852112e-17
"AWJ11_10270",81.3200277047679,-2.45710655254931,0.282585384046267,-8.69509426625905,3.46541960347894e-18,1.21858132836793e-17
"AWJ11_03835",37.3052571658622,2.83714293880676,0.326605499245723,8.68675801650305,3.72929340667779e-18,1.30977853385019e-17
"AWJ11_09715",132.719476920828,1.52468550397646,0.175835319099497,8.67109925232774,4.27968454127981e-18,1.50126146211682e-17
"AWJ11_09145",65.6543808157602,-3.06478127799606,0.353574274643409,-8.66799848797537,4.3978256647444e-18,1.5408362559044e-17
"AWJ11_03305",65.3724445965511,-3.25500221099102,0.375717020142017,-8.66344093158373,4.57733765501421e-18,1.601791435745e-17
"AWJ11_03950",103.425171544142,-2.22130232289096,0.256907920675785,-8.64629754134448,5.31972944415808e-18,1.85933538784946e-17
"AWJ11_13705",84.0224820021586,1.80959841089396,0.209440098331196,8.64017170213684,5.61286025421468e-18,1.95942310925178e-17
"AWJ11_14705",240.639142119671,-1.29243379602111,0.149712676343299,-8.63276128373719,5.98883382590806e-18,2.08815483038288e-17
"AWJ11_00020",3227.94604929222,-0.702705088318842,0.0814153818792134,-8.63110965150743,6.07596003503671e-18,2.11598415660605e-17
"AWJ11_16785",178.263770296381,-1.45589152223499,0.168778263596565,-8.62606055549333,6.35014066397162e-18,2.20881094729974e-17
"AWJ11_14890",298.158904979196,1.08543571534107,0.127120788279027,8.53861693304296,1.35837885713525e-17,4.71926580137985e-17
"rplW",1367.96845395995,0.793244144346552,0.0930362950058916,8.52617942595757,1.51260582035397e-17,5.24877847014914e-17
"AWJ11_15945",887.524228308676,3.45937880411871,0.40613326194313,8.51784162559706,1.62554285225343e-17,5.63391738254064e-17
"AWJ11_02835",336.503692663289,1.02766483932827,0.120743671490168,8.51112796758004,1.72249405467019e-17,5.96279640456404e-17
"AWJ11_14375",1120.68382494676,0.757600198153088,0.0890619669073765,8.50643910594277,1.7935673609642e-17,6.20141450732423e-17
"AWJ11_01650",451.794084826538,-1.04884064972831,0.123639804952866,-8.48303384276729,2.19396812243893e-17,7.57678251353016e-17
"AWJ11_11375",73.5152957557083,2.03755460131169,0.240594823878717,8.46882143374295,2.47888348727836e-17,8.55052301809724e-17
"AWJ11_05560",216.401971287425,-1.36966382876501,0.161773155578949,-8.46657051266199,2.52723860716967e-17,8.70693872517741e-17
"AWJ11_00470",150.330432624825,-1.87038506529635,0.220977555500151,-8.46414044658516,2.58048709281471e-17,8.87982122069653e-17
"AWJ11_15180",58.4866357374061,-3.65896984796057,0.432387792571059,-8.46224132786833,2.62287045102481e-17,9.01494903238217e-17
"AWJ11_09160",64.0170482238106,-3.04503693527589,0.360501888754913,-8.44666014314853,2.99754714263169e-17,1.02905117802801e-16
"AWJ11_08050",30.0848111116819,3.23058052118942,0.383576181730448,8.42226570642401,3.69272408773291e-17,1.26620183766576e-16
"AWJ11_00670",1232.10272675674,0.825714424305556,0.0981102570212116,8.41618857574734,3.8893105985487e-17,1.33203134582248e-16
"AWJ11_13250",283.845664574743,-1.22113839190679,0.145201793014265,-8.40994017055165,4.10219917855243e-17,1.40328184665848e-16
"AWJ11_03550",194.175920732507,1.47003636419275,0.174832362986716,8.40826228668223,4.16129765041072e-17,1.42181763875899e-16
"AWJ11_02485",236.456065631719,-1.34302332578612,0.159954909852305,-8.39626196548896,4.60916710707124e-17,1.57298698205945e-16
"AWJ11_11095",812.583845345893,-0.789723070468362,0.0942683410421925,-8.37739438010157,5.41122875679327e-17,1.84453427822847e-16
"AWJ11_11485",408.456848477932,0.99238100834788,0.118482488704516,8.37576100230967,5.48681589538723e-17,1.86809943544125e-16
"AWJ11_05775",189.729619918331,-1.45497220555425,0.173734290821393,-8.37469792909236,5.53656976081268e-17,1.88282407612126e-16
"AWJ11_09175",159.31378048841,-1.49492962714301,0.178957511132701,-8.35354502686664,6.62441434176796e-17,2.250123838624e-16
"AWJ11_11660",700.05219619277,-0.866591789558118,0.103842323464096,-8.34526578999116,7.10539012889525e-17,2.41066811641534e-16
"rpoB",25580.2456565239,0.69627224460564,0.0834404416658781,8.34454169590489,7.14905804060495e-17,2.42264332195676e-16
"AWJ11_03590",196.225123034589,-1.59183448168389,0.190781723411264,-8.34374725849611,7.19727266703552e-17,2.43612948519308e-16
"AWJ11_03250",189.834930216914,-1.44610658345254,0.173463382583378,-8.33666772730805,7.64133972127543e-17,2.58341555530036e-16
"AWJ11_11700",673.531949332143,-1.03147697572908,0.123730681330348,-8.33646889064755,7.65419427550317e-17,2.58474191753864e-16
"AWJ11_06115",49.5817265735786,2.29587138801612,0.276131820346358,8.31440355239162,9.22148614029244e-17,3.11037073310097e-16
"AWJ11_02565",87.6358153918557,-6.15930160473914,0.741100078784092,-8.31102543511341,9.48785845724887e-17,3.19649154543402e-16
"AWJ11_03690",5034.77706909296,-0.737848354930853,0.0888009587077665,-8.30901338981063,9.65010339560569e-17,3.24737200312591e-16
"AWJ11_05160",85.3514654491984,1.7788948246851,0.214170286573713,8.30598330489155,9.89961551713105e-17,3.32746658612976e-16
"AWJ11_12270",1244.32215572414,-0.743583379841931,0.089556129649966,-8.30298699539896,1.01525992551066e-16,3.4085408636054e-16
"AWJ11_14625",902.871752150149,-0.856500673173974,0.103273557371023,-8.29351379944134,1.09951176243053e-16,3.6871228742456e-16
"AWJ11_16300",997.719086427405,0.811979126327785,0.0979836469470327,8.28688410390276,1.16253816443235e-16,3.89396463873522e-16
"AWJ11_11385",44.4059373047515,2.40449914200656,0.290426295250258,8.27920605444702,1.23999213612654e-16,4.14859796757249e-16
"AWJ11_16980",573.354462049566,0.925420435649024,0.111908773676941,8.26941807369395,1.34614440259036e-16,4.49854722990359e-16
"AWJ11_01605",1397.70162558237,0.758393602717628,0.0917248188852837,8.26813954973428,1.3606557287862e-16,4.54179663103489e-16
"AWJ11_02660",88.0717707316101,1.75054048458435,0.211896828026587,8.26128687667143,1.44110271245515e-16,4.8047825459046e-16
"AWJ11_02900",30.686273554293,3.22375274670136,0.390432885846739,8.25686786016998,1.49544824942958e-16,4.98023847393465e-16
"AWJ11_02920",1053.09303999447,0.71374388397684,0.086544629282869,8.24711931741004,1.62258388583237e-16,5.39742271907917e-16
"AWJ11_04905",90.6395876170598,-2.15596442624612,0.26151314010385,-8.24419157442706,1.66280568063322e-16,5.52486755425092e-16
"AWJ11_07265",374.203053130646,1.0040736984175,0.12202042160526,8.22873487247658,1.89201023886586e-16,6.2792174670617e-16
"AWJ11_08565",281.087084433489,-1.14408796193781,0.139203027166642,-8.21884398080079,2.0547414382339e-16,6.81147963602395e-16
"AWJ11_09290",34.3133405255585,2.85062275113358,0.346930418632272,8.21669879041391,2.09181588352443e-16,6.92644755940469e-16
"AWJ11_01040",7664.05592206591,-0.705230101361874,0.0858759732770294,-8.21219340463083,2.17184075951763e-16,7.18320818062174e-16
"AWJ11_05355",86.2856437737401,1.69545464431047,0.206679110437169,8.20331885851568,2.33839895117841e-16,7.72525863551407e-16
"AWJ11_11265",370.663089684625,-1.23977614568701,0.151152418105353,-8.20215886207581,2.36107996961681e-16,7.79129467739001e-16
"AWJ11_10570",264.316425705225,1.26217982032088,0.153947552697738,8.1987650872181,2.42869000726606e-16,8.00527207406376e-16
"AWJ11_08450",562.961547138209,1.01621805599509,0.124006262828675,8.19489300632401,2.50816165560487e-16,8.25781550775937e-16
"AWJ11_10125",45.4144871565298,2.36087291480083,0.288514753199134,8.18284988418374,2.77208408888105e-16,9.11637653775198e-16
"AWJ11_08435",1414.13440355087,-0.721417491170117,0.0882577966170654,-8.1739803034084,2.98378551248619e-16,9.80144752909767e-16
"AWJ11_04280",70.2577513316574,-2.51624732979071,0.308325893002726,-8.16099908212528,3.32264695571343e-16,1.0902199875096e-15
"AWJ11_07605",358.341577036049,0.952955796387927,0.116808892960426,8.15824696421689,3.39921942895519e-16,1.11408165655678e-15
"AWJ11_03380",792.506046266583,-0.806400507638786,0.0988510856025091,-8.15773041564166,3.4137840472582e-16,1.11758948334448e-15
"AWJ11_15275",983.167503050924,0.788989625255402,0.0968234763180977,8.14874300384863,3.67726497160247e-16,1.20248642122232e-15
"AWJ11_15245",87.8077479499807,1.77373480631619,0.217832806883637,8.14264312015999,3.86740930359417e-16,1.26323730525977e-15
"AWJ11_14875",102.80440219188,-1.95356153420136,0.240156130699791,-8.13454783981101,4.13478674194651e-16,1.34904992459901e-15
"AWJ11_03585",77.9812782852483,1.76895582604672,0.217829031090548,8.1208451288175,4.62948485181394e-16,1.50875328391324e-15
"AWJ11_15230",480.985056032074,0.914236434177913,0.112686158491883,8.11312095836306,4.93359166504426e-16,1.60605334967808e-15
"AWJ11_14515",1216.9000498258,0.676830939362212,0.0834847568520436,8.10723975110487,5.17826227340343e-16,1.68380797968871e-15
"AWJ11_16960",237.927455132026,-1.26913333287157,0.156561189724961,-8.10630869055816,5.21807741847685e-16,1.69485028609113e-15
"prfC",1674.98816618658,0.65601121911295,0.0809336634406785,8.10554213443932,5.25108413111492e-16,1.70365890980343e-15
"AWJ11_09665",237.806326448473,1.15225857165349,0.142313358385746,8.09662975228399,5.65027068033874e-16,1.83111795620384e-15
"AWJ11_10760",600.60444725227,0.836234576986235,0.10334693230655,8.09152781144753,5.89209353789838e-16,1.9073510848633e-15
"AWJ11_13675",60.8816357975076,-2.84641047681735,0.35208074420653,-8.08453891232306,6.23998218560536e-16,2.01771044079798e-15
"AWJ11_07830",23.5411077023756,3.99183122886237,0.495828262246201,8.05083439733464,8.22314734123488e-16,2.65600317026046e-15
"AWJ11_12665",60.7214142906254,-5.01556997370795,0.623244807503098,-8.04751184980072,8.44941922639467e-16,2.72604450849344e-15
"AWJ11_12825",291.00704363427,-1.14006590869591,0.142037788383565,-8.02649718550405,1.00295133292466e-15,3.23222846044985e-15
"AWJ11_04555",386.391249320357,1.05586032081804,0.131678386915168,8.01847854878623,1.07062975616803e-15,3.44649890361543e-15
"AWJ11_16590",26.5483881565443,3.49286075703991,0.435640531592093,8.01775891759861,1.07691909505966e-15,3.46289317900296e-15
"AWJ11_13310",51.996563122484,-3.47818804635501,0.435504503525015,-7.98657193714927,1.38742816645722e-15,4.45640079215005e-15
"AWJ11_04470",163.227722860047,-1.40088535591488,0.175438816255438,-7.98503652621093,1.40480702867194e-15,4.5072190033e-15
"AWJ11_07435",787.009538886878,0.808427555827237,0.101341280844835,7.97727785841814,1.49595806563739e-15,4.79435508522106e-15
"AWJ11_00605",1288.52069818345,-1.06901001268469,0.134073311142945,-7.97332447130321,1.54461937208999e-15,4.94483237038545e-15
"AWJ11_02580",273.980041102257,-1.19162837740846,0.149493495419778,-7.97110519131533,1.57261577501714e-15,5.02889508607691e-15
"AWJ11_04865",55.7809280391296,-4.63592205081608,0.581808510988025,-7.96812346891141,1.61101867727863e-15,5.1460133024772e-15
"AWJ11_02540",241.978888319559,-1.15252609632367,0.144791896654697,-7.959879820293,1.72206458945937e-15,5.49465812777885e-15
"AWJ11_07865",175.790496499086,-1.44878083423767,0.182259907278048,-7.94898261430293,1.88049438588242e-15,5.99355809773539e-15
"AWJ11_15710",382.199461520757,-0.994366529083899,0.125199929293048,-7.94222915858396,1.98579623672871e-15,6.32221596159832e-15
"AWJ11_15620",71.6275177444827,-2.27729698392957,0.287120295270493,-7.93150822648796,2.16500254415833e-15,6.88518391515848e-15
"AWJ11_15325",463.177869194745,-0.893844775034566,0.112732066471562,-7.92893098664209,2.21040334139356e-15,7.02185210756639e-15
"AWJ11_04190",6314.77818139476,0.632058481144835,0.0798448209989552,7.91608614355972,2.45103829055523e-15,7.77774650533643e-15
"AWJ11_16060",28.8483367182911,3.00394253812959,0.379516713177243,7.91517852529112,2.46898556270223e-15,7.82611634004409e-15
"AWJ11_09305",127.475806976157,1.48611231598767,0.187846765006503,7.91130108594751,2.5471266891174e-15,8.06497225197567e-15
"AWJ11_09275",51.0439460144297,-3.59448500065635,0.454458165210286,-7.9093858925235,2.58661663149135e-15,8.1810585044109e-15
"AWJ11_03155",267.183936055261,1.04699746247206,0.132451295332032,7.90477329683654,2.68421653227635e-15,8.48048323625301e-15
"greA",1816.39541568764,0.782386848333414,0.0990079795885739,7.90226052066319,2.73890208939603e-15,8.64381968016589e-15
"AWJ11_03140",57.5673494827032,-2.84095946795852,0.359867117899486,-7.89446805960202,2.91556047644436e-15,9.19132028194988e-15
"AWJ11_07010",50.3923574083394,2.24292997799553,0.284204835180029,7.89194869459118,2.97504040393582e-15,9.36862560281858e-15
"AWJ11_07030",49.5274797974954,2.32610858432834,0.29490114587026,7.88775702265904,3.07666041755359e-15,9.67810353086967e-15
"AWJ11_02780",2089.89534987891,-0.634040705789292,0.0804302736703215,-7.88311013820721,3.19331364853266e-15,1.00341473386032e-14
"AWJ11_03315",96.6411422887428,1.5541759894936,0.197492987794763,7.86952492262014,3.55990492927751e-15,1.11739315242181e-14
"guaA",2374.83045928003,0.746529885665954,0.0948783003228765,7.86828898837214,3.59524324274538e-15,1.12726261587271e-14
"AWJ11_10955",607.9981761875,0.79214156991633,0.100697835641446,7.86652031665215,3.64641530993877e-15,1.14206990335095e-14
"AWJ11_13185",613.408956809555,-0.89331489072273,0.113566093278183,-7.86603523055543,3.66057492281465e-15,1.14526527855412e-14
"AWJ11_01105",2583.66801611142,0.752144144191515,0.0956336127283524,7.86485130837818,3.6953611831196e-15,1.15490013649548e-14
"AWJ11_03675",440.940944322503,-0.9244088366344,0.117710933377078,-7.85321133826307,4.05517483300642e-15,1.2659844624294e-14
"AWJ11_04920",140.881704602528,-1.50776315518676,0.192087220085865,-7.84936735776996,4.18141151601474e-15,1.3039875999296e-14
"AWJ11_02935",222.896730717178,-1.16818691122552,0.148891621716899,-7.84588748349248,4.29902265034034e-15,1.33922191066576e-14
"AWJ11_07060",74.1476712484732,1.84744560268387,0.235477015547001,7.84554534289623,4.31076050186871e-15,1.34143450456001e-14
"AWJ11_14790",77.8191472103248,-2.14302667156576,0.273415916082515,-7.83797337869317,4.57876053977914e-15,1.42330107434166e-14
"AWJ11_09930",170.514235097136,-1.40204184040812,0.179183370121474,-7.82462032864785,5.09191291313583e-15,1.58111544749089e-14
"AWJ11_11765",48.7796527131768,-3.92760317891041,0.502416225493654,-7.81742901525783,5.3913112908017e-15,1.67228883982638e-14
"AWJ11_12060",67.0828425816002,-2.46395563045754,0.315227589832148,-7.81643393514365,5.43408170684916e-15,1.68375079867468e-14
"AWJ11_08760",307.466895261013,1.00622266824233,0.128760947594764,7.81465721585952,5.51128060532606e-15,1.70584449965921e-14
"AWJ11_09400",323.347021079731,-1.09671662086854,0.140400022940068,-7.81137066720203,5.65693790697801e-15,1.74719085408691e-14
"AWJ11_15920",150.049360118458,1.2971830023284,0.166062296878026,7.81142394580506,5.65454669429299e-15,1.74719085408691e-14
"AWJ11_00620",483.908280610046,0.868932458148008,0.111538767847338,7.79040754096642,6.6793402011305e-15,2.06076871450657e-14
"AWJ11_06170",6039.23327268293,0.76778179097635,0.0986604051303897,7.78206606755414,7.13495876796795e-15,2.19899581198075e-14
"AWJ11_01320",286.357567251137,-1.15182144178172,0.148124632154356,-7.77602904411906,7.48365322576897e-15,2.30400983355057e-14
"AWJ11_08045",1085.91126912612,0.692397829019612,0.089161352783582,7.76567209226001,8.1213412312047e-15,2.49767922668506e-14
"AWJ11_07895",1373.76445977118,0.732561437470248,0.0943822808208619,7.76164160368887,8.38370420428945e-15,2.5756305697679e-14
"AWJ11_03040",174.186391540248,-1.39869320145724,0.180391554029859,-7.75365126698628,8.92873171051167e-15,2.74016432345925e-14
"AWJ11_13860",1067.87890447877,-0.777506753055951,0.100442388016524,-7.74082305697516,9.87752838453574e-15,3.02813211280153e-14
"AWJ11_11315",300.707456898495,-1.19157249523179,0.154540164690447,-7.71043888570053,1.25385787096288e-14,3.83985680271595e-14
"rplT",6762.86875135297,-0.582417630734779,0.0755482435167528,-7.70921471662843,1.26594270464596e-14,3.8727676397943e-14
"AWJ11_12170",123.48166467899,1.32820475310167,0.172596100111321,7.69545054752108,1.40996456628599e-14,4.30880407057197e-14
"AWJ11_12895",27.9468256057061,3.19588395116022,0.41538125953792,7.69385685506225,1.42764771158362e-14,4.35824100983439e-14
"AWJ11_11880",1073.80693753216,0.737473487203232,0.0958681561462612,7.69258027741877,1.44196948115561e-14,4.39732315960415e-14
"AWJ11_01770",49.2993879440683,-4.09778735659692,0.533613653562445,-7.67931504233406,1.59941456083213e-14,4.87232183057704e-14
"AWJ11_06615",33.0078283846769,2.83147806198543,0.368945973195784,7.6745059377105,1.66057431485957e-14,5.05331447655477e-14
"AWJ11_15780",3280.31523675957,0.628058657615757,0.0819270788065006,7.66606922601423,1.77347497194177e-14,5.39121488319272e-14
"AWJ11_03975",663.200948634127,0.750522498994652,0.0980001650004421,7.65837995263852,1.88293129305685e-14,5.71794665488616e-14
"AWJ11_13135",47.7914281246322,-4.25266431693803,0.555568903791371,-7.65461185447305,1.93896983408957e-14,5.8819483226994e-14
"AWJ11_08440",1530.76341066622,-0.822542672085391,0.107523503804735,-7.64988716866171,2.01155737200832e-14,6.09575605716448e-14
"AWJ11_07890",525.309054908825,0.847703127957285,0.111183870083064,7.62433550229881,2.45294639855796e-14,7.42555112701542e-14
"AWJ11_10530",27.3354683392299,3.42271499430824,0.44902993702785,7.62246503420987,2.48876549477121e-14,7.52611007509705e-14
"AWJ11_05150",39.1325418252519,2.47429749674657,0.324748255922359,7.61912481937433,2.55401405310607e-14,7.71536186815132e-14
"AWJ11_02045",8013.9152028885,-0.654095031703072,0.0858809569947843,-7.61629882329789,2.61052945075542e-14,7.87786468246736e-14
"AWJ11_04810",845.158642049267,0.703414004634789,0.0923657520512131,7.61552836428781,2.62614961407761e-14,7.91674685743812e-14
"AWJ11_05540",714.812392981688,0.78219695514169,0.102744189294231,7.61305296693417,2.67696017658514e-14,8.05433697500963e-14
"uvrD",2886.61203361157,-0.628970050002735,0.0826175302155309,-7.61303379999246,2.67735734967494e-14,8.05433697500963e-14
"AWJ11_05870",829.439229997854,0.702312142961555,0.0924932158843629,7.59312060075413,3.12291634653628e-14,9.38496355854204e-14
"AWJ11_02395",77.4946398882246,-2.06074408595774,0.271413807227221,-7.59262805017333,3.13481436819681e-14,9.41094686883979e-14
"AWJ11_03415",2147.12518422949,-0.842675994642945,0.111343705765044,-7.56824096030314,3.78311785931449e-14,1.13454332485556e-13
"AWJ11_03635",1149.22702783777,-0.736404391784279,0.0973349030889892,-7.56567652932285,3.85851125312925e-14,1.15595564871181e-13
"AWJ11_16070",77.6409124481858,1.71716197366119,0.227022414646038,7.56384331625802,3.91331078646245e-14,1.1711604359899e-13
"AWJ11_08405",19.4564690862966,4.49132189689586,0.594890742820252,7.54982650360879,4.35838444145984e-14,1.30301286917198e-13
"AWJ11_02765",583.754665763258,-0.819209517599958,0.108598341423002,-7.54348093042276,4.57589776208678e-14,1.36663035330022e-13
"AWJ11_00950",1536.69552742135,-0.622686004138718,0.0825665240533151,-7.54162793309108,4.64140422279621e-14,1.38476534234765e-13
"AWJ11_12190",58.0878210459512,-2.57893646648915,0.342133570443295,-7.5378059602502,4.77944303066272e-14,1.42448075496786e-13
"ileS",3208.1856724069,0.576854130003165,0.076701800478729,7.52073779758454,5.44679875154302e-14,1.62171148014048e-13
"AWJ11_05250",1340.73774317316,0.653978384161408,0.086988344397291,7.5180001262534,5.56204489062879e-14,1.654322498816e-13
"AWJ11_10820",450.116121721365,-0.862360855370673,0.114742130533001,-7.5156426969312,5.66320277316014e-14,1.68268057756935e-13
"AWJ11_08480",557.166044995958,-0.788191648490186,0.104981946088873,-7.50787804812593,6.00934455355817e-14,1.78369673210229e-13
"AWJ11_08160",148.02109546636,1.22476816681734,0.163137277540656,7.50759228841554,6.02247262065101e-14,1.78393405979161e-13
"AWJ11_14005",683.039171528691,0.769326452088614,0.102472016601063,7.50767358354727,6.01873497963042e-14,1.78393405979161e-13
"AWJ11_02230",1705.60557485977,-0.714163587346229,0.0953753738150121,-7.48792438529682,6.99713167605199e-14,2.07052137735117e-13
"AWJ11_02465",106.732874237994,1.41667939423279,0.189218068389762,7.48701963976629,7.04551628186875e-14,2.08270930742882e-13
"AWJ11_08830",1785.05720734182,0.707511482197989,0.0947455312071023,7.46749185089748,8.17377866306231e-14,2.41376688274513e-13
"AWJ11_16120",31.8408933650567,2.57011742605268,0.344826535789818,7.4533632400589,9.09903129333512e-14,2.68426060784015e-13
"AWJ11_08580",151.399621664055,1.19463178794087,0.160303652170217,7.45230549502612,9.17230279563561e-14,2.70312059985432e-13
"AWJ11_08485",76.2604652224024,1.67359810018542,0.224596664597558,7.45157147896318,9.22348967311641e-14,2.71544039816876e-13
"AWJ11_08290",127.832168045032,1.49116369738187,0.200158507413274,7.44991415380119,9.34009872289568e-14,2.746976189437e-13
"AWJ11_04900",165.754508303106,-1.30599119289718,0.17558810546667,-7.43781128810622,1.02367151624543e-13,3.00761966295864e-13
"AWJ11_16920",680.687439307967,-0.750452849052342,0.100906775515097,-7.43709077236408,1.02926828320697e-13,3.02099636065006e-13
"AWJ11_03375",3511.30298353985,-0.677189346283868,0.0910990984847343,-7.43354607836593,1.05724338993685e-13,3.09996187485029e-13
"AWJ11_13980",1243.7180904386,0.645804015807203,0.0870280554953202,7.42064167849792,1.16554253000329e-13,3.41404866581937e-13
"AWJ11_05550",1493.31662127164,0.68809595251556,0.0928552787459031,7.41041286837901,1.25906821491801e-13,3.68427038824341e-13
"AWJ11_13165",399.490904731706,-0.913247492592978,0.123240874178923,-7.41026464375051,1.26047629660181e-13,3.6846650528946e-13
"AWJ11_00140",484.910029558201,-0.873772447880413,0.117925811172787,-7.409509751857,1.26767154790183e-13,3.70195909145097e-13
"AWJ11_10830",529.4057854499,-0.833338152770207,0.112725988292306,-7.39260010397344,1.43985022617411e-13,4.20053080095553e-13
"AWJ11_07580",146.190600573747,1.2053866024094,0.163459114224208,7.3742391675758,1.65286234758602e-13,4.81710335741586e-13
"AWJ11_05530",5769.18260965763,0.649395025957462,0.0880651382661106,7.37403061805404,1.65545142989677e-13,4.81979520937751e-13
"AWJ11_01715",3259.29662197264,-0.65441877918734,0.0887535083616103,-7.37344124494806,1.66278988978258e-13,4.83629541812138e-13
"AWJ11_05935",127.687417510518,-1.53042250864883,0.208063892143749,-7.35554109307677,1.90155244924088e-13,5.52519356235251e-13
"AWJ11_14450",18.3094397071598,5.09709846760366,0.694009000037466,7.34442704248575,2.0664237148307e-13,5.99822490543636e-13
"AWJ11_01725",43.3690957026933,-3.7012974759583,0.504517692741097,-7.33630857591687,2.19565472481176e-13,6.36695869098722e-13
"AWJ11_10735",1341.01725259577,0.710894830876317,0.0969474466977336,7.33278549452439,2.25417586482957e-13,6.53011506788465e-13
"AWJ11_13955",70.5997098083382,1.65971949980701,0.22642054214495,7.33025141660727,2.29721360325171e-13,6.64813616781044e-13
"AWJ11_10805",612.427050865547,-0.797382222927067,0.108908195547071,-7.32159980175623,2.45031984778525e-13,7.08414149799253e-13
"AWJ11_06340",233.314106361946,1.00547907768454,0.137339925304969,7.32109818358964,2.45949798070676e-13,7.10357999617302e-13
"AWJ11_03990",1349.2188441521,0.788615089167899,0.107828265437014,7.31362121028048,2.60037521783171e-13,7.5029769495563e-13
"AWJ11_01190",263.08836679549,0.96098349983973,0.131587499995199,7.30299990405464,2.81421383558655e-13,8.11188729102337e-13
"AWJ11_02615",881.468481137843,-0.711599200614403,0.0974640055345937,-7.30114873394803,2.85321125893269e-13,8.21611281925494e-13
"AWJ11_06190",87.0736480854162,-1.75678280907009,0.240872940598839,-7.29340043220512,3.02228096228651e-13,8.69431521357569e-13
"AWJ11_00395",1066.58279346329,-0.756852118412099,0.104304065413929,-7.2562091938463,3.98089256281638e-13,1.14406187455716e-12
"AWJ11_03705",992.578320579985,-0.658548115385799,0.0908735819192745,-7.24685988465608,4.26544814250056e-13,1.22462370281713e-12
"AWJ11_00640",508.454156997417,0.763350153671363,0.105421440762767,7.24093835322506,4.45590923601806e-13,1.27803779276871e-12
"AWJ11_13890",552.40145871132,0.737813505604284,0.101972982851129,7.23538220590664,4.64219908375839e-13,1.33015090578186e-12
"AWJ11_11495",431.807854862832,-0.877549830747725,0.12130944465626,-7.23397780967785,4.69048447943135e-13,1.34265698155038e-12
"AWJ11_12775",78.6609510574442,1.59369330490361,0.220673388062851,7.22195512061335,5.1245387045825e-13,1.46545602876104e-12
"AWJ11_05610",89.412386359789,1.49242395746517,0.206959407011432,7.21119169704005,5.54643064052141e-13,1.58453803293869e-12
"sucA",17232.4997026956,-0.564381236350542,0.0783781416262373,-7.20074786975574,5.98831894396339e-13,1.70909221142308e-12
"AWJ11_11040",93.5946243622292,1.41568336109251,0.19783520015422,7.15587195801824,8.31427216627364e-13,2.37059149253162e-12
"AWJ11_08880",121.305412990858,-1.52167932004981,0.212883920354146,-7.14792980850033,8.80963351542194e-13,2.50935820803456e-12
"AWJ11_10260",41.3540198318862,-4.19715834278658,0.588535280871137,-7.13153226187908,9.92576815457404e-13,2.82450079049531e-12
"AWJ11_14085",3351.42432614345,-0.619139109112433,0.0868921101695381,-7.12537775759399,1.03795616687323e-12,2.95073197144512e-12
"AWJ11_09855",93.3541483796413,1.51956622079002,0.213320277518215,7.12340260601933,1.05294664581067e-12,2.99040980664973e-12
"AWJ11_02010",1191.35246088023,-1.96235605305753,0.275681640500078,-7.11819637135748,1.09348506314166e-12,3.10249585561957e-12
"AWJ11_01230",406.844777085494,0.906617750899661,0.127499397710893,7.11076104810654,1.15404796049696e-12,3.27112125139883e-12
"AWJ11_02370",49.2599685132199,-2.60476824953155,0.366481678681536,-7.10749923134637,1.18164394798856e-12,3.3460641736584e-12
"AWJ11_13945",404.041144429636,0.835357401382935,0.117742037722641,7.09481012508672,1.29529198791132e-12,3.66429620040602e-12
"AWJ11_07595",50.4783927146075,1.8583492638424,0.262047809991683,7.09164203242676,1.32529962762415e-12,3.74552453353934e-12
"AWJ11_06735",61.0713041771399,-2.13710612805596,0.301397290095091,-7.09066139042492,1.33472558798273e-12,3.76848375768001e-12
"fliA",60.1093356553765,1.71770769868069,0.243474545769999,7.05497855329543,1.72627345953155e-12,4.86923527474104e-12
"purT",1335.03492927329,0.608189572231372,0.0862349141799345,7.05270687650187,1.75470246542158e-12,4.94460461044795e-12
"AWJ11_13020",159.41830096593,-1.41233983275669,0.200431602151265,-7.0464927566203,1.83483672156246e-12,5.16538664611065e-12
"AWJ11_06175",59.046154621856,1.82455550460805,0.259120136113324,7.0413497460116,1.9038644769514e-12,5.35450320339878e-12
"AWJ11_08750",494.327454849275,0.765820688696298,0.10878210519268,7.03995098587068,1.92307467268262e-12,5.40327971140144e-12
"AWJ11_01390",537.823921918626,-0.935991053368797,0.133059383230648,-7.03438593087665,2.00140456419526e-12,5.61790961084489e-12
"AWJ11_03190",982.154619923396,0.704140555676821,0.100110429053194,7.03363837650395,2.0121622361041e-12,5.64263324736943e-12
"AWJ11_13765",1032.13641399291,-0.682495304213391,0.0970411540023835,-7.03305016546513,2.02066673375549e-12,5.66099663842052e-12
"AWJ11_01010",135.961534180578,1.31688298557897,0.187310964617322,7.03046395745909,2.05847895225843e-12,5.76135211589546e-12
"AWJ11_05070",1531.37434167666,0.577435429469388,0.0822153836208822,7.02344748681222,2.1645952851809e-12,6.05250121286331e-12
"AWJ11_16355",2030.88070278237,-0.555619883615038,0.0791176485249532,-7.02270471852812,2.17613807234589e-12,6.07890307081949e-12
"AWJ11_10035",73.0897256099097,1.52603141366236,0.217692337500086,7.01003733611779,2.38254536760181e-12,6.64907067872675e-12
"AWJ11_13190",318.261806149477,-0.938607074581273,0.133983781647714,-7.0053782856284,2.46319389638903e-12,6.86751747220603e-12
"AWJ11_16595",35.4183899919991,2.224543047787,0.317745521630419,7.00102093138057,2.54103973496566e-12,7.07773724060694e-12
"AWJ11_16145",539.025963371891,0.736645484959774,0.105290549786405,6.99631150615272,2.62788913202874e-12,7.31260687316459e-12
"AWJ11_11980",333.580401225759,-0.964585573552011,0.138073247969314,-6.98604246469513,2.82748526343261e-12,7.86046335482611e-12
"AWJ11_15770",2733.79287789588,0.611027846094589,0.0874989159863399,6.98326189766718,2.88404045396454e-12,8.00999335294951e-12
"AWJ11_13235",65.1133155586764,1.62490057382446,0.232946732685189,6.97541689078076,3.04965120832798e-12,8.46183182828491e-12
"AWJ11_03630",1450.08818596547,-0.630067471123386,0.0904104217328213,-6.96896949541223,3.19270911586735e-12,8.8502875300001e-12
"AWJ11_09705",85.9850916850798,1.40747080364728,0.202042238975349,6.96622058231598,3.25568551358476e-12,9.01622380508544e-12
"AWJ11_07690",627.217616688844,0.753918064615563,0.108254971704866,6.9642812033701,3.30084701567784e-12,9.13255378907424e-12
"AWJ11_16905",167.729403607837,-1.19814505871356,0.17227680695775,-6.95476703957834,3.53145109060642e-12,9.7612411234145e-12
"AWJ11_02225",1355.98415636656,-0.656980070611512,0.0945229840131658,-6.95047958409781,3.64046483743480e-12,1.00529630148247e-11
"AWJ11_12600",262.070447526894,1.00921205073421,0.145228057564659,6.94915340504972,3.67484777659568e-12,1.01382359060705e-11
"AWJ11_14895",1527.23117928355,-0.646431158396435,0.0931621160042424,-6.93877711372505,3.95508552501398e-12,1.09009690565623e-11
"AWJ11_15845",241.936664709622,0.955206297861686,0.137974875047165,6.92304521047879,4.42036614457725e-12,1.2171778898579e-11
"AWJ11_04785",1489.50313355342,0.598219851833595,0.086521269441268,6.91413632389751,4.70722345506968e-12,1.29493390484521e-11
"AWJ11_02810",526.350020802657,-0.784583048622857,0.113643338705354,-6.90390706187419,5.05914053338895e-12,1.39042285884403e-11
"AWJ11_06765",172.374182620645,1.04674380124284,0.151755300301502,6.89757655359123,5.28971396581442e-12,1.45241292382039e-11
"AWJ11_15715",79.0977498690443,-1.77499151965886,0.257602402672064,-6.89043076169782,5.56236948765949e-12,1.52582912770489e-11
"AWJ11_10970",320.701605846614,-0.953050028070285,0.138375442318194,-6.88742172819039,5.6812612856572e-12,1.55696687127764e-11
"AWJ11_13100",221.878623158205,0.931819214700684,0.135612439622065,6.87119277035018,6.36672881666695e-12,1.74317059559453e-11
"AWJ11_12145",1551.83374862433,0.616207486792311,0.0896985670067653,6.86975842931621,6.43107140654189e-12,1.75912293483291e-11
"AWJ11_15375",174.534025554726,-1.146092120031,0.16689167961418,-6.8672813568689,6.54369330828178e-12,1.78823875676747e-11
"AWJ11_00710",1083.33534919603,0.647579259302918,0.0943235490218558,6.8655098967159,6.6254171269115e-12,1.80886388351716e-11
"AWJ11_16275",807.889767427769,0.659907603715319,0.0961716229107974,6.86177048636692,6.80122754189981e-12,1.85511333706485e-11
"AWJ11_10725",4620.75638239984,0.555990034891462,0.0811289231804987,6.85316670177508,7.2232827510502e-12,1.96837855758374e-11
"AWJ11_07235",410.510668383358,-0.82249768670447,0.120112022355462,-6.84775487561395,7.50179607243367e-12,2.04235163063246e-11
"AWJ11_13045",40.5348833823144,-4.68935644666668,0.685291656501996,-6.84286230858703,7.76262578723174e-12,2.11137584851961e-11
"AWJ11_13790",343.831860900177,-0.889182081184787,0.130046405357102,-6.83742144769885,8.06312738855149e-12,2.19105076642892e-11
"AWJ11_09615",25.7804921772216,2.63810155072167,0.38599078691114,6.83462310547064,8.22209040622453e-12,2.23215099771236e-11
"AWJ11_06150",1095.39986741644,0.638043287797491,0.0933886094277351,6.83213179537933,8.36619315865173e-12,2.26914367395859e-11
"AWJ11_17100",168.424064051503,1.0917768815925,0.159809633773142,6.83173383115522,8.38944034053332e-12,2.27331838441043e-11
"AWJ11_00365",523.491872517108,-0.889449405890293,0.130330313600292,-6.82457811479017,8.81840804414271e-12,2.38732206545828e-11
"AWJ11_05255",2516.02689419614,0.711343057209151,0.104292284822099,6.82066807168481,9.06181000588208e-12,2.45092319224511e-11
"AWJ11_10475",22.1595674620668,2.93650533137803,0.431966757187326,6.79798915661604,1.06089438128838e-11,2.86669312740297e-11
"AWJ11_14715",75.296942459752,-1.81357051149971,0.266853101980424,-6.79613801766019,1.07460835814928e-11,2.9010415937351e-11
"AWJ11_15565",165.345449420626,1.05680436544332,0.15578549718047,6.78371468827467,1.17124527862527e-11,3.15897841224748e-11
"AWJ11_01905",645.142564644307,-0.685279076183418,0.101049186611957,-6.78163871635091,1.18820312379621e-11,3.20173169484751e-11
"AWJ11_02330",662.842708981974,0.662504025058326,0.0978025937169953,6.77389013808129,1.25364884730837e-11,3.37493931545155e-11
"AWJ11_03410",31.3395866191108,2.35924612648532,0.348361190466339,6.77241377929349,1.26651286124571e-11,3.40640169186346e-11
"AWJ11_14480",29.8491161638328,2.4290927776446,0.358701753167097,6.77190104647477,1.2710106539153e-11,3.4153248211986e-11
"AWJ11_05120",2608.18776688455,0.610975008061412,0.0903876531786206,6.75949630923625,1.38472287297078e-11,3.71742856621283e-11
"AWJ11_05925",276.409073009171,-0.92968902404447,0.137558110922964,-6.75851840219818,1.39409945743304e-11,3.73913237239224e-11
"AWJ11_17050",522.702374720493,-0.867082122180081,0.128352702481989,-6.75546447728091,1.42378389696712e-11,3.81521351650264e-11
"AWJ11_13195",375.747851371113,-0.830329366180474,0.123123555129983,-6.74387094576571,1.54221535809358e-11,4.12874305857801e-11
"AWJ11_03995",3003.96649392632,-0.504236124025938,0.0748479481855675,-6.73680623516634,1.61905855675914e-11,4.33045791428924e-11
"AWJ11_10825",549.495733898187,-0.727438429084682,0.107983534720692,-6.73656804221368,1.62171368714912e-11,4.33355439576135e-11
"AWJ11_09195",1112.90438841884,0.647324884367502,0.0961238236995832,6.73428146585796,1.64742000222501e-11,4.39818587309887e-11
"AWJ11_09000",35.7273871352291,-3.60073066915275,0.537534902679523,-6.69859882810159,2.10427392382066e-11,5.61269007883593e-11
"AWJ11_06840",2729.30739170382,0.618644553534933,0.0924383808767693,6.69250745920848,2.19378562144108e-11,5.84605486965974e-11
"AWJ11_03700",1815.78954608957,-0.667482168533493,0.0998641877337112,-6.68389924036974,2.3266680967443e-11,6.19445949583993e-11
"AWJ11_07035",56.2537533559887,1.91351395210858,0.286425181180923,6.68067641336286,2.37841875688636e-11,6.32641900958559e-11
"AWJ11_16945",64.8316261172877,-1.92371721830299,0.288291620156717,-6.67281698044935,2.50939265575729e-11,6.668670657265e-11
"AWJ11_13030",69.748524793456,-1.79760044563689,0.269476895970813,-6.67070339800702,2.54580271560504e-11,6.75922298987245e-11
"AWJ11_07850",663.298508576046,0.798473753536482,0.119839342901229,6.66286825516545,2.68534368923431e-11,7.12317565228606e-11
"aceE",9796.25079872722,-0.530108852848698,0.0796723601408079,-6.65361051074447,2.85988893617562e-11,7.57922947004783e-11
"AWJ11_14145",6239.89717634728,-0.519882250615051,0.0781446366623316,-6.65282062621262,2.87528541119377e-11,7.61306128087352e-11
"AWJ11_00040",642.692300089536,-0.707121111223076,0.106317568316047,-6.65102788206216,2.9105313323718e-11,7.69933974029616e-11
"AWJ11_10005",850.920220151139,0.66648176963548,0.100287858142111,6.6456875436611,3.01804896815654e-11,7.97646914506396e-11
"AWJ11_12075",614.809032529491,0.697294640506701,0.104929043321337,6.645392147256,3.02410835024865e-11,7.98519120950694e-11
"AWJ11_06000",39.2893061527753,-2.90635691737361,0.438033044192954,-6.63501750816168,3.24464019849732e-11,8.55969802593549e-11
"AWJ11_12215",39.950163643631,-3.99604164221963,0.602952003201541,-6.62746225404598,3.41506922213405e-11,9.00110230314749e-11
"AWJ11_15700",310.932889883497,-0.882367493471827,0.133317601500067,-6.61853711395628,3.62770836248732e-11,9.55285532396569e-11
"AWJ11_07480",1740.88154094563,-0.590017715287045,0.0891599659479859,-6.61751840092951,3.65278761506872e-11,9.61015214364442e-11
"AWJ11_03440",405.3710045976,-0.801333400760714,0.12112652969665,-6.61567208081978,3.69867448344145e-11,9.72203810633929e-11
"AWJ11_09690",1395.93660940706,-0.614859330568694,0.0930972056843724,-6.60448749292489,3.98894884311328e-11,1.04755153829127e-10
"AWJ11_15965",20.5996627869383,2.92715880317119,0.443814454597331,6.59545621565431,4.23950144111167e-11,1.11234063196529e-10
"AWJ11_14425",485.166746183256,-0.748280734262497,0.113599604562107,-6.58700122370054,4.48798585063364e-11,1.17647020396139e-10
"AWJ11_06650",950.127777772965,0.58346875549238,0.08859709829916,6.58564181777398,4.52924529875162e-11,1.18621139317531e-10
"AWJ11_15040",8248.75401364391,-0.493784980183449,0.0750688276050784,-6.57776331317108,4.77577633679093e-11,1.24964708125433e-10
"AWJ11_11050",38.278310230522,-2.88180488844454,0.438130728080248,-6.57750005591187,4.78423678329604e-11,1.25073001362771e-10
"AWJ11_07215",90.5156172099753,1.35767937485778,0.206472972903314,6.57557914610719,4.84641554779929e-11,1.26584175048115e-10
"AWJ11_01405",1212.74945600124,0.549489760463994,0.0836909629591274,6.56570005930451,5.17889692370601e-11,1.35146327296711e-10
"AWJ11_03710",2527.33276951375,-0.527189750755402,0.0803265817205418,-6.56307961154763,5.27076880025255e-11,1.37419864035413e-10
"AWJ11_08285",58.9792685621548,1.62582899203767,0.247864023153774,6.55935851984866,5.40397365557881e-11,1.40765974430649e-10
"AWJ11_11330",123.984503643072,-1.41012401168883,0.21544947720275,-6.5450333414447,5.94821137288616e-11,1.54803270801552e-10
"AWJ11_12520",723.800709142621,-0.706551443772041,0.107988956662053,-6.54281202089177,6.03726984134177e-11,1.56979864517907e-10
"AWJ11_17065",49.1751745015795,1.81081605276102,0.276777011276022,6.54250887533121,6.04952442164962e-11,1.57157304095637e-10
"AWJ11_01585",818.139519565607,-0.797613194996599,0.121978847561962,-6.53894680052158,6.19535559722946e-11,1.60801426891319e-10
"AWJ11_14165",7938.65848599226,0.463131693245683,0.070993479267003,6.52358072920849,6.86484356891346e-11,1.7801843448419e-10
"AWJ11_05240",393.024185457486,0.866857390179935,0.132923460370367,6.52147775693315,6.96180469880156e-11,1.80371197836452e-10
"AWJ11_12385",3812.87675045146,-0.467351507713013,0.0718188105028379,-6.50736909231525,7.64783456792465e-11,1.97968096955044e-10
"AWJ11_14090",7628.27631604571,-0.484768628066609,0.074742999498085,-6.48580644771996,8.82584105093504e-11,2.28257229681912e-10
"AWJ11_00425",140.813108942272,-1.2133385932741,0.187671457481523,-6.46522710249404,1.01146786601124e-10,2.61356071806832e-10
"AWJ11_00840",605.481990541515,-0.707291199441512,0.109403182297563,-6.4649965804264,1.01301100002653e-10,2.61521305448418e-10
"AWJ11_11180",2721.08780432011,0.529207992326605,0.0819072553331853,6.46106367712937,1.03969554442303e-10,2.68171025451003e-10
"AWJ11_05400",879.636464371886,-0.66164133525143,0.102445999351486,-6.45843995314428,1.05787821873432e-10,2.72617948799389e-10
"AWJ11_04330",44.3943684208946,1.94990466652361,0.302380241936233,6.44851877238331,1.1294857515586e-10,2.90812434609483e-10
"AWJ11_02515",53.1855724598103,1.75521406358339,0.272444680259579,6.44246039934074,1.17552042442423e-10,3.02396098514109e-10
"AWJ11_00665",2697.00960632673,0.485695237581626,0.0757068414944275,6.41547352913114,1.40385807567486e-10,3.608139672294e-10
"AWJ11_05245",706.549993985464,0.691278481569873,0.107809863982474,6.41201515366209,1.43608558136081e-10,3.68769447423087e-10
"AWJ11_11975",87.3056896891907,-1.52931383831195,0.239151924353631,-6.39473774858935,1.6082313603791e-10,4.1260829405471e-10
"AWJ11_01945",1326.41011293264,0.574583886145793,0.0899495112599036,6.38784889542722,1.6823545051015e-10,4.31243041431687e-10
"AWJ11_05555",580.969990197254,-0.706531246709339,0.110688770698643,-6.3830435756931,1.73602479636781e-10,4.44606704485704e-10
"AWJ11_05305",259.960296285665,-1.99382193834642,0.312770809690555,-6.37470593985111,1.83314337121614e-10,4.69064271998189e-10
"AWJ11_10810",10508.0067434658,-0.485837610619255,0.0762435946090665,-6.37217609046836,1.86364727671721e-10,4.76448340885124e-10
"AWJ11_03560",851.92385820013,0.615530981200175,0.0966418300856026,6.36919831355589,1.90018785984375e-10,4.8536131212602e-10
"AWJ11_04950",119.437724893543,-1.3675554724726,0.214979830973991,-6.36131987952883,2.0002738029119e-10,5.10475519014731e-10
"AWJ11_16075",35.8731821427645,2.08067138252506,0.327102190799694,6.36092157450329,2.00546827092116e-10,5.11350235774964e-10
"AWJ11_01045",940.592418303045,-0.657415917306155,0.103658133386176,-6.34215469476929,2.26573633091045e-10,5.77204308244263e-10
"AWJ11_11310",365.755967104218,2.0431070940375,0.322263349013401,6.33986800016944,2.29962101223999e-10,5.85321302499782e-10
"AWJ11_07260",638.509361133471,-0.71644468143653,0.113139180854695,-6.33241884928144,2.41347233232651e-10,6.13760011401839e-10
"AWJ11_10850",448.114415419272,0.726569458305959,0.114930721620298,6.3218036749683,2.5852771212671e-10,6.56873747932131e-10
"AWJ11_15910",15.3007273965081,3.43362861912286,0.543294249929709,6.32001649118705,2.61535390882039e-10,6.63932825625105e-10
"AWJ11_14555",351.206589230291,-0.875857686096823,0.138814539594107,-6.30955293773854,2.79842637144519e-10,7.09784918401611e-10
"AWJ11_03030",395.641554477977,-0.753079494177753,0.119430668668657,-6.30557881465991,2.87118849754357e-10,7.27602409097293e-10
"AWJ11_16295",434.580049080564,0.702763869481388,0.111533198078162,6.3009389275191,2.95847956735791e-10,7.49067355024829e-10
"AWJ11_09845",344.382717392884,0.754745715879729,0.119820596550765,6.2989647657109,2.99640087391866e-10,7.58005605692361e-10
"AWJ11_16475",256.182893107675,0.825367595601409,0.131035829698914,6.29879321936517,2.99971840060737e-10,7.5818210055526e-10
"AWJ11_15380",198.984267482321,-1.16589098561731,0.185228676762009,-6.2943330697941,3.0872430267141e-10,7.79623151772305e-10
"AWJ11_11165",130.804879682011,-1.20190313046519,0.191091181359126,-6.28968391904176,3.18113016956838e-10,8.02632145660932e-10
"AWJ11_15410",111.218110092112,1.17900220994856,0.18768773515118,6.28172218604953,3.34842815138661e-10,8.44107236072547e-10
"AWJ11_00980",51.9623076752411,-2.14848960761938,0.342110841065198,-6.2800979966897,3.38359686436241e-10,8.52230576628792e-10
"AWJ11_05485",2570.99803416865,0.596911338158788,0.0951038058029194,6.27641904673877,3.46459641291964e-10,8.71873219042561e-10
"AWJ11_16535",113.675101932481,1.19727811934895,0.190859484494753,6.27308683410945,3.53959367709788e-10,8.89972554432778e-10
"AWJ11_03825",36.1881979870917,1.9629475802033,0.31368294938477,6.25774395469455,3.90586384523731e-10,9.81212670843471e-10
"AWJ11_10220",80.9330831919609,-1.53886927933555,0.246195017706106,-6.25061097366547,4.08850105869116e-10,1.0262031278276e-09
"AWJ11_09680",1061.99519775347,-0.691900321591208,0.110705372927692,-6.24992539470628,4.10648793744333e-10,1.02982461793423e-09
"AWJ11_03610",814.901975425284,-0.609782300849716,0.0976509921834582,-6.24450696521454,4.25138985872239e-10,1.06524002174395e-09
"AWJ11_12515",302.58446294985,-0.840617875428641,0.134813101679819,-6.23543160830993,4.5053415665834e-10,1.12789433336439e-09
"AWJ11_17085",30.4558630610149,2.18104662884292,0.349803759551293,6.23505771247464,4.51611565224316e-10,1.12961440774345e-09
"AWJ11_01820",1462.90275130429,-1.68960994631351,0.271060305794468,-6.23333594109743,4.56605518097994e-10,1.14111948996165e-09
"AWJ11_08850",221.340896228377,0.881470292917393,0.141437017749467,6.23224603391153,4.59794581128164e-10,1.1480979445944e-09
"AWJ11_12475",612.415984614635,0.720244256152308,0.115629753886124,6.22888341405303,4.69771200598949e-10,1.17199815045979e-09
"AWJ11_01565",147.792875456804,-1.09213223218682,0.175354877344949,-6.22812577969208,4.72048035434503e-10,1.17651867226276e-09
"AWJ11_07005",17.4576269957677,3.15247366517514,0.506176699988688,6.22801022892913,4.72396232608612e-10,1.17651867226276e-09
"AWJ11_15635",33.1939693837237,-3.29012411934921,0.528821861938059,-6.2216113896868,4.9207461481683e-10,1.22447457891651e-09
"AWJ11_09965",480.627026363924,0.676046203845919,0.108738187288557,6.21719214476057,5.06129848432935e-10,1.25836750976367e-09
"AWJ11_03025",1415.29352687101,-0.533078478124721,0.0857863917822082,-6.21402144384489,5.16454754182496e-10,1.28293567262158e-09
"AWJ11_06910",2635.0260627778,0.480557982364045,0.0774278409738175,6.20652695877891,5.4168332209351e-10,1.34445243065062e-09
"AWJ11_13905",1038.9174987968,-0.590810551808386,0.0953952879105415,-6.19328862828559,5.8921688155766e-10,1.46117708245747e-09
"AWJ11_04095",99.4304136266018,1.41168564746126,0.227992483011972,6.19180785617014,5.94780310762783e-10,1.47371080423587e-09
"AWJ11_16115",19.5617071004599,2.86143910043921,0.46217859668424,6.19119777715312,5.97087326278867e-10,1.47816143905136e-09
"AWJ11_04955",72.3282839912516,-1.64810022362972,0.266277510189282,-6.18940826980913,6.03904834610302e-10,1.49376118919847e-09
"AWJ11_14180",11250.5605932917,0.496127735822116,0.0801812205705937,6.187580237511,6.10947517959806e-10,1.50989079161032e-09
"AWJ11_16720",561.312040712264,-0.645739916479178,0.104438546857744,-6.18296535051125,6.29085263572988e-10,1.55338972080224e-09
"AWJ11_14645",3191.4743561614,-0.4815977138521,0.0779032456911439,-6.18199806156277,6.32953032722733e-10,1.5616079085248e-09
"AWJ11_03580",213.88014369474,-0.948206695697432,0.15339018609067,-6.18166468053532,6.3429144747112e-10,1.5635770434254e-09
"AWJ11_15915",412.122672465156,0.714864158158783,0.115674796264653,6.17994741502066,6.41229565525901e-10,1.57933477670805e-09
"AWJ11_11500",78.6026721883436,-1.5624930228188,0.253107340975668,-6.17324261238637,6.69034268231471e-10,1.64641596280772e-09
"AWJ11_11280",4678.12967150702,0.655179312652865,0.106318464480466,6.16242264083151,7.16403322765491e-10,1.76148786413197e-09
"AWJ11_07935",122.683311892664,3.01230421544127,0.489149022963693,6.1582545891436,7.35510499513967e-10,1.80693326451054e-09
"AWJ11_03245",956.300585892677,-0.599591167736846,0.097381727901976,-6.15712188163668,7.40788382387546e-10,1.81835587670022e-09
"AWJ11_14000",53.1760081338214,1.63644577621878,0.265795542625472,6.15678412081072,7.42369326614643e-10,1.82069222984981e-09
"AWJ11_16765",1229.01972093067,0.586074968066735,0.0952432799999665,6.15345217076671,7.58142483813234e-10,1.85780215762532e-09
"AWJ11_02080",140.774882728169,1.00769022744083,0.16382705659194,6.15093897432818,7.70255546426102e-10,1.88588794531061e-09
"AWJ11_11675",31.5784728434404,-3.34355667652215,0.543622255261087,-6.1505147078946,7.72318958137679e-10,1.88934155946783e-09
"AWJ11_12250",90.7073425100054,-1.41367677949477,0.229855542517537,-6.15028362601658,7.73445087521543e-10,1.89049838115485e-09
"AWJ11_03360",30.6434016777821,2.1347013085472,0.347375622542641,6.14522485176738,7.9850318024392e-10,1.95009974989528e-09
"AWJ11_06825",2660.08886158821,0.527237378262835,0.0858208312985663,6.14346622242102,8.07398478986968e-10,1.96867917603961e-09
"AWJ11_13625",101.039931929509,-1.36887709211718,0.222818883784902,-6.14345188731233,8.07471382846932e-10,1.96867917603961e-09
"AWJ11_12610",36.0086377416112,-2.68054085929465,0.436379511125544,-6.14268266716003,8.11392825214881e-10,1.97657477792245e-09
"AWJ11_10000",766.010364925317,0.583307405747695,0.0952883204884958,6.1214994949787,9.26988127661455e-10,2.25626883217178e-09
"AWJ11_07520",124.830916526798,-1.20624959681459,0.197243524255118,-6.11553459800488,9.6233800278872e-10,2.34034132779038e-09
"AWJ11_12765",359.370521357587,0.728595359288171,0.119305384100198,6.10697802771636,1.01535210436397e-09,2.46719478591883e-09
"AWJ11_11870",320.328592274149,0.759900144822157,0.124604475644882,6.09849799446886,1.07069740936894e-09,2.59949522039741e-09
"AWJ11_12015",1582.03195356279,0.509010234104514,0.0834967670622159,6.09616697764161,1.08641932330264e-09,2.6354547540971e-09
"AWJ11_06165",730.591030039126,0.705793020087537,0.11599165011226,6.08486058612365,1.16592718079931e-09,2.82595750522044e-09
"AWJ11_03645",408.84204453286,-0.732530807400202,0.120591891657514,-6.0744615357774,1.24404449302212e-09,3.01277386008871e-09
"AWJ11_15225",3296.13880565233,-0.522352552937158,0.0862231787199386,-6.05814539305968,1.37699908569285e-09,3.33196935952768e-09
"AWJ11_03235",864.963263849374,-0.642888970596917,0.106181604114266,-6.05461723770044,1.40751934932954e-09,3.40297493480342e-09
"AWJ11_11860",950.472790678391,0.569193558899769,0.0940451483711592,6.05234367490586,1.42753505918689e-09,3.44848619473027e-09
"AWJ11_09250",731.589889140838,0.617623232751226,0.102080500707471,6.05035465608787,1.44527304542716e-09,3.48842384776164e-09
"AWJ11_16465",148.356797944975,0.993903054530601,0.164540918373782,6.04046132933806,1.53674212743575e-09,3.70610976399923e-09
"AWJ11_02520",88.6282103406065,1.31201000730568,0.217224697449164,6.03987494383655,1.54233717353028e-09,3.71650606177905e-09
"AWJ11_01115",145.081798792119,1.11139946674419,0.184169510166478,6.03465506173935,1.59302598405807e-09,3.83545523948757e-09
"AWJ11_13395",29.1470225596683,-3.70036991360702,0.613292320992168,-6.03361527113312,1.60331525636436e-09,3.85701941140354e-09
"AWJ11_01055",80.7526072341351,1.32506536301742,0.22012776037302,6.01952866268213,1.74925681262414e-09,4.20460898316798e-09
"AWJ11_07355",44.0948884160217,1.73874585615688,0.288966432160216,6.01712054635068,1.77546868123035e-09,4.26407167093829e-09
"AWJ11_12140",3284.55911083561,-0.444418210112979,0.0738978598418215,-6.01395238054603,1.81053715481491e-09,4.34468866172002e-09
"AWJ11_16515",265.611576666018,0.822804982671286,0.137395179640414,5.9886015275405,2.11653000867596e-09,5.07476209205321e-09
"AWJ11_11545",83.1868697599149,1.36738962681117,0.228351360247656,5.98809494862731,2.12313114880074e-09,5.08637545085209e-09
"sufC",301.860151809512,0.814267581998334,0.136102293474574,5.9827616508935,2.19385688671434e-09,5.2514655336239e-09
"AWJ11_07495",32.4413230978017,-2.80505558915491,0.470173819607521,-5.96599698276786,2.43144776524262e-09,5.81538002695218e-09
"AWJ11_04800",324.346416926325,0.837337866170381,0.140404580336192,5.96375035746991,2.46513274485121e-09,5.8910769311308e-09
"AWJ11_15745",902.723154176931,-0.581665687987897,0.0976452373717333,-5.95692840372243,2.57022773097649e-09,6.13716093518643e-09
"AWJ11_10665",242.078077100001,-0.920119594535133,0.154470854518402,-5.9565903056846,2.57554821494526e-09,6.14479516409859e-09
"AWJ11_16035",543.662676628689,0.618636074506866,0.103948513218501,5.95137010960883,2.65907007599955e-09,6.33883756173205e-09
"AWJ11_03435",684.174340594201,0.640881568104097,0.107693605206201,5.95097143304843,2.66555612213596e-09,6.34906947939215e-09
"AWJ11_00625",514.302017869644,0.631176430603764,0.106146867041024,5.9462558641493,2.74345205481946e-09,6.52923540020356e-09
"AWJ11_11380",26.5909625391086,2.15464617749401,0.362565507903575,5.94277759611664,2.80232529695361e-09,6.66386968725041e-09
"AWJ11_02160",641.894434141415,-0.597692536017607,0.100653398846955,-5.93812571522205,2.88298943543756e-09,6.85005864216445e-09
"AWJ11_01505",613.882565835441,-0.619070677881583,0.104385002314578,-5.9306477382252,3.0174194327899e-09,7.16358641385887e-09
"AWJ11_03955",57.3777106359314,-1.71454844267984,0.289204885429599,-5.92849059286453,3.05731924503569e-09,7.25236220912564e-09
"AWJ11_13095",652.600209122166,-0.62979633759097,0.106326930646506,-5.92320622594464,3.15724498569344e-09,7.48326534692614e-09
"AWJ11_12020",3028.90015643263,-0.500609032252136,0.0845205699998228,-5.92292541630027,3.16264305834924e-09,7.48992554080417e-09
"AWJ11_01655",5286.86914360614,-0.476733731021999,0.0805104455076988,-5.9213898024749,3.19232184819703e-09,7.554030603992e-09
"nusA",3122.84785828104,0.605388624200858,0.102343990217028,5.91523374178677,3.31404608973393e-09,7.83566126118463e-09
"trmE",1640.34978990046,-0.495794910662891,0.083821454426341,-5.91489272115382,3.32091960622049e-09,7.84550313502211e-09
"AWJ11_01580",40.746867058982,1.74243691839675,0.294964631971978,5.90727405773272,3.47814872559986e-09,8.21024666548613e-09
"AWJ11_08900",61.3823090762754,-1.70715069061764,0.289881412345431,-5.88913472169562,3.88222877582154e-09,9.15661782985129e-09
"ligA",984.058657631001,0.642325557657677,0.109174574669542,5.88347204101244,4.0174798813164e-09,9.46790454114793e-09
"AWJ11_14990",788.126540084868,0.643944342810147,0.109499564306905,5.8807936532542,4.08303925119623e-09,9.61457737425704e-09
"AWJ11_05275",323.028356346862,-0.76113753781737,0.130300283354623,-5.84141122506904,5.17604592038615e-09,1.21784364988598e-08
"AWJ11_04880",32.3253389940193,-2.62256214476796,0.449073603326678,-5.8399383204454,5.22201518270303e-09,1.22666493009274e-08
"AWJ11_13940",1141.47594076715,0.509476859153671,0.0872382610093645,5.84006206977213,5.21813773919076e-09,1.22666493009274e-08
"AWJ11_08650",28.8085920703018,-3.13626761043254,0.537127853205492,-5.8389591820938,5.25279356653702e-09,1.23289412664705e-08
"AWJ11_01775",58.403039224776,-1.71053418545267,0.293444736249369,-5.82915273013813,5.57094991904551e-09,1.30650964876156e-08
"AWJ11_07430",676.350398845206,0.683807544335705,0.117374853949936,5.82584362258179,5.68248069353951e-09,1.33158697385452e-08
"AWJ11_03060",53.9536175837021,1.46344553953423,0.251232286540192,5.82506953898262,5.70888237546307e-09,1.33669139114807e-08
"AWJ11_10010",135.322507021438,0.974134476232888,0.167344027780083,5.82114873865147,5.84445281318885e-09,1.36732792573715e-08
"AWJ11_05885",4655.21443067698,0.468828376269784,0.0807263764581336,5.80762319380121,6.3365924881715e-09,1.48126806629793e-08
"AWJ11_10950",614.333386461901,-0.652331584718747,0.112657166728394,-5.79041354991163,7.02133301832549e-09,1.64001111824326e-08
"AWJ11_07445",1788.28213724481,0.492264565372074,0.0850214351280991,5.78988774572429,7.0433480657589e-09,1.6438265566376e-08
"AWJ11_01575",877.060858358248,-0.60926877977265,0.105243859193469,-5.78911477060753,7.07583391099642e-09,1.65007762598096e-08
"AWJ11_01415",268.110950281584,0.754115043753633,0.130383842417501,5.78380748543129,7.30285135323285e-09,1.70164668407857e-08
"AWJ11_07415",313.191733828821,0.974971347522217,0.168979042551277,5.769776729717,7.93766293038513e-09,1.8480769525772e-08
"AWJ11_11190",5136.57517767647,-0.450549631105426,0.0781531812886342,-5.76495574046389,8.16792733385136e-09,1.90015930097796e-08
"AWJ11_03400",100.024803356356,-1.22083483953621,0.212083911273366,-5.75637648422381,8.5938608990429e-09,1.99764124030764e-08
"AWJ11_11100",368.292647214337,-0.737241703454232,0.12809805271119,-5.75529204270119,8.64921369396018e-09,2.00889441655865e-08
"AWJ11_00370",250.009694797386,-0.872940994001357,0.151692961570157,-5.7546572033774,8.68177827485969e-09,2.01484092441411e-08
"AWJ11_13210",403.841820130784,0.683577738796035,0.118841133018459,5.75202980175105,8.81782499693896e-09,2.04477448246325e-08
"AWJ11_10250",37.3946875522247,-2.38651222537006,0.41528265327535,-5.74671782350539,9.09923898998489e-09,2.10834248494926e-08
"AWJ11_16690",372.477451660263,-0.731928095119692,0.12762604354039,-5.73494307913774,9.75450998474684e-09,2.25836415166859e-08
"AWJ11_08685",78.4139895614726,1.3095958420133,0.228796787216698,5.72383842423871,1.041438021128e-08,2.4092099385647e-08
"AWJ11_14755",333.796158427995,0.858206982006003,0.149958863526003,5.72294935975685,1.04690478103776e-08,2.41992207374064e-08
"AWJ11_12630",42.9075415497885,-1.9800602549165,0.346408163680637,-5.71597457137866,1.09077049755407e-08,2.51930552268274e-08
"AWJ11_02455",62.2755730272793,-1.59132778301577,0.278840179892693,-5.70695293493273,1.15016568849725e-08,2.6543696192273e-08
"AWJ11_10465",73.5607357087507,1.31237857792868,0.230122654055941,5.70295255507376,1.17749765185221e-08,2.71528143781697e-08
"AWJ11_02710",32.1068885578831,-2.54752619491875,0.4472372213858,-5.69614082438183,1.22549665553754e-08,2.8237160200045e-08
"AWJ11_01705",317.762337720147,0.772709317112319,0.135850179192781,5.68795213744834,1.28571843707997e-08,2.96011866102581e-08
"AWJ11_00940",446.359863409781,-0.676600810345916,0.118963585416539,-5.68746148644449,1.28941669962178e-08,2.96627339324755e-08
"AWJ11_11150",945.605909497706,0.505641897751581,0.0889680132424416,5.6834122660881,1.32033471116964e-08,3.03498701677914e-08
"AWJ11_13735",1199.69624464051,-0.534804148586485,0.0942608040275098,-5.6736641927052,1.39775002032637e-08,3.21038774509882e-08
"AWJ11_08445",406.573137307222,-0.74969531835336,0.132142805540411,-5.67337219220834,1.40013570316029e-08,3.2111322230499e-08
"AWJ11_09805",102.626591579878,1.10196512069588,0.194235249722417,5.6733529175096,1.40029331910469e-08,3.2111322230499e-08
"AWJ11_12050",118.508153755315,1.07469716155346,0.189864248202372,5.66034507143213,1.51068918535082e-08,3.46154750784264e-08
"AWJ11_08210",169.681099829097,0.897351040773015,0.158555602644393,5.65953536681758,1.51783368532167e-08,3.47516668142478e-08
"AWJ11_00360",437.197258936346,0.647790553899937,0.114569793723111,5.65411294590877,1.56653178356248e-08,3.58382844397615e-08
"AWJ11_03015",360.727206356252,0.687474447855749,0.122073000473917,5.63166666819696,1.78476381810334e-08,4.07986294596451e-08
"AWJ11_10500",544.135181072692,-0.595336992945199,0.105820709188734,-5.62590250537257,1.84540558223042e-08,4.21515687054052e-08
"AWJ11_04860",24.9720910983037,-3.71796842269484,0.660923186373666,-5.62541684018453,1.85060543602915e-08,4.22370041945455e-08
"glnA",7525.42716145017,0.380262806620283,0.0676021195373367,5.6250130798083,1.85493919037686e-08,4.23025533250641e-08
"AWJ11_11325",126.502332695052,0.954719419700354,0.170336461163825,5.60490345506315,2.08371078163039e-08,4.74823543467586e-08
"AWJ11_01145",213.761556006719,-0.902803052249976,0.161287058639191,-5.59749219724814,2.17474637171026e-08,4.95178284793823e-08
"AWJ11_06385",1224.90338195572,0.520526599426194,0.0930717135402253,5.59274756665164,2.23504130940224e-08,5.08507040047962e-08
"AWJ11_15355",952.761375852748,-0.499896121329473,0.0894683224469457,-5.58740912601675,2.30482294994131e-08,5.23971533160262e-08
"AWJ11_04400",28.2618247373157,-2.95489617088953,0.528941941521553,-5.58642818603017,2.31787332105388e-08,5.26524755975661e-08
"AWJ11_09770",328.764334512627,-0.696572391928487,0.124855875847211,-5.579011698103,2.41888975055001e-08,5.49040544164057e-08
"AWJ11_14340",3965.43950576756,0.682777898205591,0.122388386761482,5.57878011364124,2.42211186906768e-08,5.49341046166292e-08
"AWJ11_15550",1013.60574325144,0.500734504609593,0.0898622536784348,5.57224512086502,2.51477250064335e-08,5.69910071798109e-08
"AWJ11_13535",32.5093800761684,-2.44991870695881,0.439734617175076,-5.57135738527358,2.52762225170235e-08,5.7237392773291e-08
"AWJ11_03195",795.252337714632,0.585863168989327,0.105212703490349,5.56836911849779,2.57134662926245e-08,5.81819948794803e-08
"AWJ11_12325",414.346944686768,0.665761243511635,0.119770117546961,5.55865901401154,2.71855215138247e-08,6.14647650476629e-08
"AWJ11_16730",312.070236460111,0.698162139756415,0.126098226409747,5.53665312855223,3.08306292710002e-08,6.96517104685984e-08
"AWJ11_00445",748.849229524045,-0.676775585899371,0.122297858094465,-5.53383024399837,3.13312222311546e-08,7.07274236637765e-08
"AWJ11_02235",1253.1044560174,-0.555989339651774,0.100492520938948,-5.53264396650528,3.15439344222694e-08,7.11521014949708e-08
"AWJ11_00875",325.922059115223,0.681194358435924,0.123178349048203,5.53014684560641,3.19962829820613e-08,7.21162328271694e-08
"AWJ11_06380",412.993073350178,0.631111615924204,0.114485458064329,5.51259196228733,3.53587330579518e-08,7.96328198207879e-08
"AWJ11_15030",31.9122248477235,-2.48212709854962,0.450982566151177,-5.50382051291439,3.71647924510376e-08,8.36352327786181e-08
"AWJ11_10175",64.7708361650669,-1.60461616958609,0.292377991493766,-5.48815648328407,4.06150192210314e-08,9.13285669197085e-08
"AWJ11_09635",32.7428974985702,1.86557507667579,0.340025016518561,5.48658182794017,4.09785644756023e-08,9.20745074475101e-08
"AWJ11_01095",118.405494592076,1.14214617027967,0.208219287595952,5.48530438013984,4.12758088986948e-08,9.2598597637847e-08
"AWJ11_04380",34.3536548638531,-2.44233706229812,0.445244617176481,-5.48538256966743,4.12575553700061e-08,9.2598597637847e-08
"AWJ11_02325",598.152171082817,0.578391999298272,0.105680388710315,5.47303058170734,4.42403729827511e-08,9.91724550054855e-08
"AWJ11_01885",453.701049360846,-0.613112139086622,0.112468327861822,-5.45142041979932,4.99690818621575e-08,1.11927649310436e-07
"AWJ11_11025",44.4810445571846,-2.00903631491294,0.36872540468709,-5.44859749118145,5.076856070603e-08,1.13630483127031e-07
"AWJ11_15330",1019.26384395305,-0.535948919424467,0.0984909000112048,-5.44160850762349,5.28016151358121e-08,1.18089547297558e-07
"AWJ11_07655",654.13162928017,0.622165405338032,0.114356604406273,5.44057257180944,5.31095991313476e-08,1.18686625394687e-07
"AWJ11_04895",139.86358201112,0.88801583343817,0.163233098540074,5.44017017002321,5.3229702181945e-08,1.18863239285917e-07
"AWJ11_04540",34.6388961070111,-2.27695530079526,0.418889210544082,-5.43569813564259,5.45822938577159e-08,1.21789636410354e-07
"AWJ11_08735",62.4740813646911,1.38640278666649,0.255308507088702,5.43030391926896,5.62581615143478e-08,1.25355976417623e-07
"AWJ11_10720",2102.90098999803,0.435717951323779,0.0802386514867163,5.43027510121992,5.62672471895276e-08,1.25355976417623e-07
"AWJ11_11235",222.414899536082,-0.875395284839519,0.161316672960533,-5.42656421542794,5.74491623640537e-08,1.27890673755055e-07
"AWJ11_15285",89.3888912641114,-1.20574406101987,0.22231111346687,-5.42367874559519,5.83847740724064e-08,1.29873586599189e-07
"AWJ11_15670",83.4183970306962,-1.26568725937419,0.233378324523711,-5.42332824591684,5.8499424077682e-08,1.30028673794786e-07
"AWJ11_10020",322.525302379759,0.669899966171057,0.123831203152388,5.40978323005287,6.31010810349051e-08,1.40149292797402e-07
"AWJ11_01070",1217.53402168771,0.463722510546374,0.0857402420441302,5.40845814626576,6.35696385859287e-08,1.41081697904661e-07
"AWJ11_16575",368.495834136746,0.633404020856084,0.117119936302339,5.40816568770141,6.36735068502102e-08,1.41203930133723e-07
"AWJ11_05115",765.086019019839,0.525154218355452,0.0971284077488954,5.40680353489501,6.41594531633477e-08,1.42172632048031e-07
"AWJ11_16305",16.4923070833091,2.55606243342751,0.47295823914726,5.404414643534,6.50203767703747e-08,1.43970138005711e-07
"AWJ11_01365",23.3693874475634,-3.39234024135276,0.627920794236212,-5.40249705455148,6.57195369748545e-08,1.45406987771582e-07
"AWJ11_09390",47.2644967053963,1.43695902028401,0.266126174729,5.39954035617612,6.68118540214376e-08,1.47710852206295e-07
"AWJ11_01985",86.9874839801256,1.15737912985782,0.214782382728426,5.3886129539834,7.10035319107872e-08,1.56828904221667e-07
"AWJ11_04365",23.7883885531007,-3.16432729959303,0.587236116037827,-5.38850934602462,7.10444690513497e-08,1.56828904221667e-07
"AWJ11_04730",23.2673828569224,-3.32958565175375,0.618211643161692,-5.38583459011772,7.21092560502189e-08,1.5905806936687e-07
"AWJ11_11785",109.485187665153,0.995550889880522,0.184909918386378,5.38397776911172,7.28575060254344e-08,1.60586155702671e-07
"AWJ11_01600",1472.79931131688,-0.492430075938179,0.0916151809545726,-5.37498339038757,7.65897420369383e-08,1.68683952400989e-07
"AWJ11_02700",837.42565408873,-0.557366081665801,0.103721912327619,-5.37365797793323,7.71551450726926e-08,1.69799992274048e-07
"AWJ11_01410",215.385351985186,0.788134822174022,0.146687799903473,5.3728723362996,7.74921951273246e-08,1.7041216770401e-07
"AWJ11_06400",10573.2989853196,-0.404707765757459,0.0753848497354236,-5.3685557134869,7.93696735179145e-08,1.74408379013549e-07
"AWJ11_01620",4943.73946647069,0.403751713557802,0.0752947713457246,5.36228089071324,8.21776195181683e-08,1.80441601582382e-07
"AWJ11_02205",279.082077038381,-0.752056698369566,0.140263702167687,-5.36173426729085,8.24267351156938e-08,1.80851380913433e-07
"secA",7452.74935518581,0.409163532286383,0.0763278266840252,5.36060765859612,8.29424792968617e-08,1.8184510233721e-07
"AWJ11_01130",679.808008348186,-0.650652596148443,0.121382034661324,-5.36036982708249,8.30517536790175e-08,1.81946839626856e-07
"AWJ11_02555",23.0594779225322,-4.16833267737502,0.777764394700336,-5.35937708871467,8.35093858559948e-08,1.8281101563332e-07
"AWJ11_00930",374.599556249435,0.641779494947248,0.119852147382096,5.35476008536763,8.56700113318578e-08,1.87399102641267e-07
"AWJ11_08265",2439.79705472145,0.413529412251174,0.0772413935916426,5.35372800803425,8.61603442848044e-08,1.88329332598356e-07
"AWJ11_10155",165.686454693036,-0.96235015725967,0.179779365922634,-5.352951114945,8.65312323912345e-08,1.88997272860553e-07
"AWJ11_07790",725.722297063712,-0.548143774970218,0.102518820824662,-5.34676238529616,8.95414413552373e-08,1.95424533395216e-07
"AWJ11_03980",1307.51242553682,0.455372249205544,0.0853037995245218,5.33824110700533,9.38525989134544e-08,2.04679292581415e-07
"AWJ11_00440",38.3506311155116,-1.95368009345571,0.366213821776567,-5.33480709160039,9.56461871668747e-08,2.08433784383234e-07
"AWJ11_13205",334.971418084995,0.654494117338265,0.122707731736287,5.33376428752549,9.6197381329893e-08,2.09477217132212e-07
"AWJ11_05545",1966.32728057995,0.429503830989506,0.0806893620577987,5.32293006210469,1.0210901077807e-07,2.22183065557696e-07
"AWJ11_11250",802.613423657077,-0.525878941352563,0.0988030762820081,-5.32249562606305,1.02353246087604e-07,2.22547178194987e-07
"gatB",2356.05416731152,-0.547847733484693,0.102969646389194,-5.32047795341545,1.03494990986188e-07,2.24860738674196e-07
"AWJ11_08915",141.445607998807,-0.962247491374301,0.180995909061696,-5.31640464341268,1.05837646412983e-07,2.29778056053394e-07
"AWJ11_11415",239.172503683562,-0.872438935116503,0.164161389119158,-5.31451969185784,1.06939018035454e-07,2.31995141075415e-07
"AWJ11_15395",1652.15113165983,0.536000077970273,0.100944422687462,5.30985332027512,1.09713497002984e-07,2.37835850431937e-07
"AWJ11_04370",29.9717658936193,-5.61593626676752,1.05771139441058,-5.30951665685423,1.09916338663054e-07,2.38097218630897e-07
"AWJ11_06560",68.8678349693181,1.17385103533133,0.221178874895941,5.30724752028691,1.11293004106117e-07,2.40898993181079e-07
"AWJ11_10390",45.6382389076855,-1.73869739448236,0.328220439045268,-5.29734650145465,1.17497603295551e-07,2.54139061238659e-07
"AWJ11_10435",48.0398158312403,1.4938220763834,0.282004479071058,5.29715726964392,1.17619387815297e-07,2.54212478220665e-07
"AWJ11_00410",136.118566092887,-0.97794316908959,0.184908559382703,-5.28879340336837,1.23125863432912e-07,2.65915111026006e-07
"AWJ11_07220",28.1115567387375,-2.69666739103347,0.511002324966603,-5.27721158843985,1.31164408513694e-07,2.83064726501589e-07
"AWJ11_07585",60.2840045520483,1.32147110169606,0.250549135243744,5.27429919249365,1.33264345442553e-07,2.87382276982674e-07
"AWJ11_08385",154.606080450887,0.846092241731974,0.160454443203774,5.27309948442783,1.34138801447778e-07,2.89052636924698e-07
"AWJ11_09820",189.845560053927,0.819228247196132,0.155796330103202,5.25832827161886,1.45370848782537e-07,3.13023241351682e-07
"AWJ11_16285",1075.37667999191,0.484155272582037,0.0921192092505788,5.2557471619742,1.4742471345132e-07,3.17209755188193e-07
"AWJ11_06255",22.0475420702882,-3.50484594006467,0.66690714531918,-5.25537320249772,1.47724601845424e-07,3.17618869049523e-07
"AWJ11_02310",89.0842712255031,1.11079101599216,0.211487501333952,5.2522773638436,1.50230002380242e-07,3.22765869998828e-07
"AWJ11_04420",2227.1562156139,-0.515015661295568,0.0980977548043578,-5.25002496053752,1.52078601909099e-07,3.26495158698021e-07
"AWJ11_09155",34.1904346740883,-2.16962217732361,0.415449179269735,-5.22235278244455,1.76663994690558e-07,3.78995997505171e-07
"AWJ11_03605",937.028272462346,-0.505230975919033,0.0969017603513707,-5.2138472416501,1.84963801238926e-07,3.96507585767001e-07
"AWJ11_07750",4891.44229236308,0.455554424255277,0.087386246202394,5.21311355107501,1.85697147699139e-07,3.97785007728577e-07
"AWJ11_09940",25.6569337761844,-2.61960731740168,0.503100095957119,-5.20693066539379,1.91989788133931e-07,4.10960389689051e-07
"AWJ11_02190",719.873539863267,-0.549448712537738,0.105619459614877,-5.20215417254745,1.96991697295467e-07,4.21355485567688e-07
"AWJ11_04985",174.839249302076,-0.908667778818312,0.1750722291863,-5.19024509507656,2.10017451002484e-07,4.48885157460258e-07
"AWJ11_16790",572.014156345013,-0.56814911616967,0.109783868909065,-5.17516026548739,2.27715429456544e-07,4.8635310173228e-07
"AWJ11_12280",255.188442516242,0.683422436996643,0.132105728100189,5.17329904482518,2.29996464270235e-07,4.90862660470547e-07
"AWJ11_15205",77.9285127046484,-1.25747567246928,0.243375360595455,-5.16681585758179,2.38115646910584e-07,5.07816272777619e-07
"AWJ11_07485",52.3836883577017,-1.56645999356297,0.303201031555459,-5.16640720358645,2.38636595234741e-07,5.08552508548851e-07
"fadE",505.436106419836,0.620815951499079,0.120167536165691,5.16625347667174,2.38832849754321e-07,5.08596223097133e-07
"AWJ11_00730",308.011244447687,0.662224715350003,0.128236108200237,5.16410490496137,2.41592183926444e-07,5.14093956090536e-07
"AWJ11_13740",1041.71127060851,-0.460363186972465,0.0893806554867835,-5.15059085733084,2.59667099793233e-07,5.52150320941673e-07
"AWJ11_01370",20.9059298406121,-3.68648802583523,0.715793329525233,-5.15021288097275,2.6019096336925e-07,5.52858038172253e-07
"rpmH",138.202657561237,0.960393591732562,0.186482467551853,5.15004763901206,2.60420304194071e-07,5.52939369286603e-07
"AWJ11_07625",237.960314315364,0.696564313911975,0.135286870031569,5.14879465944798,2.62165690927082e-07,5.56237177084294e-07
"AWJ11_17080",28.9714061388157,1.76446487131181,0.342716721935361,5.14846448503498,2.62627497959082e-07,5.56808775892735e-07
"AWJ11_02020",1515.30263117934,-0.482800778888229,0.0938668731590031,-5.14346289207272,2.69719949653625e-07,5.71427184698089e-07
"AWJ11_00740",130.38131558222,-0.93811791793284,0.182416928207194,-5.1427130538417,2.70799068758947e-07,5.73293712500653e-07
"AWJ11_13820",90.4065234129313,1.01834569299669,0.198163272448178,5.13892246739616,2.76318371553003e-07,5.84550707071923e-07
"AWJ11_03070",1326.58776687518,0.506598834762794,0.0986380731172039,5.13593604125703,2.80743133020964e-07,5.93044253257423e-07
"relA",2793.08186034387,0.467960173149012,0.0911140842076144,5.1359806468856,2.80676543634434e-07,5.93044253257423e-07
"AWJ11_00310",14.1744365288144,-6.33134557904091,1.23310990913513,-5.13445357314623,2.82964931549296e-07,5.96866262320455e-07
"AWJ11_12380",1501.8543005894,-0.45544004631919,0.0887014108794839,-5.13452989984549,2.82850126057888e-07,5.96866262320455e-07
"AWJ11_05850",353.202346053565,0.62255375773583,0.121297184440383,5.13246668179516,2.85969362605053e-07,6.02764264660615e-07
"AWJ11_16975",701.002907791886,2.00092760802064,0.390149303629108,5.12862022156216,2.9187348056268e-07,6.14761173761569e-07
"AWJ11_02990",261.380993689341,0.718873706239194,0.140250565780123,5.12563854727119,2.96531012569965e-07,6.2411690936544e-07
"AWJ11_06110",42.9063562221097,-1.6949635855057,0.331580821622843,-5.11176604608826,3.1916093926081e-07,6.71258545218594e-07
"AWJ11_16155",69.4801746285637,1.2126548894677,0.237384427126637,5.10840118766841,3.24896236938842e-07,6.82824771024697e-07
"AWJ11_13215",351.302399138578,-0.655065981671125,0.12829083190079,-5.10610128538026,3.28873459695584e-07,6.90681997357781e-07
"fmt",813.999190503057,0.474179663952988,0.092968858621446,5.10041395564261,3.38911426996589e-07,7.11247041137149e-07
"AWJ11_16695",63.9139216132327,-1.34549819757275,0.263970626022529,-5.09715121658239,3.44802896207558e-07,7.23086653351213e-07
"AWJ11_12315",275.48313100263,0.727870533844706,0.143178011653447,5.08367538729669,3.70200416999679e-07,7.75785667485207e-07
"AWJ11_03680",1099.34054333023,-0.473885804057644,0.0933395829736976,-5.07700794197015,3.83424851568025e-07,8.02917163847947e-07
"AWJ11_15855",199.28763755924,0.764271370570896,0.150710799560081,5.07111217511799,3.95497554131049e-07,8.27599364898956e-07
"AWJ11_00155",25.6974587758895,-2.50614247359192,0.494458058627942,-5.06846319897413,4.01040499621925e-07,8.38591911781684e-07
"AWJ11_13400",32.7644911343516,-2.0266636374218,0.400242594351413,-5.06358809887782,4.11438113332899e-07,8.59712563166361e-07
"glmM",1551.54126645238,0.574824649635367,0.113537173702699,5.06287615667238,4.12978142556713e-07,8.62307896507307e-07
"AWJ11_10880",74.2085382916555,-1.21915912690876,0.240925442334493,-5.06031706363384,4.18559872283997e-07,8.73332566971801e-07
"AWJ11_03540",76.1222680971224,1.08263596971868,0.214065563285546,5.05749711958352,4.24794843218117e-07,8.85703369072933e-07
"AWJ11_17025",1054.84716394322,-0.461671636148291,0.0915317599400787,-5.04384091872072,4.56278688588251e-07,9.5066272481958e-07
"AWJ11_07630",843.823090540768,0.542185754235805,0.107998884934827,5.02029029802476,5.15934479488484e-07,1.07418300981271e-06
"AWJ11_02560",30.8095274505065,-2.09519920728663,0.418420665913558,-5.00739895987709,5.51704960040879e-07,1.14783188667024e-06
"AWJ11_10480",26.3524238255055,-2.37688319838048,0.474745465183111,-5.00664750418144,5.53862213622183e-07,1.1514922745852e-06
"AWJ11_05195",523.029338589722,0.525916711782402,0.105051688435399,5.00626614969462,5.54960101745261e-07,1.15294654303717e-06
"AWJ11_08875",60.8260957209069,-1.37445095291059,0.274673282344018,-5.00394847719168,5.61677752003421e-07,1.16606557697123e-06
"gcvT",4921.00251788604,-0.463161197857979,0.0925686214562618,-5.00343626783748,5.63172905606527e-07,1.1683314615235e-06
"AWJ11_15870",1266.58257457286,0.451360262273593,0.0902232497422677,5.00270455301656,5.65315459543004e-07,1.17193620337926e-06
"AWJ11_13525",80.2291392709033,-1.22524689650506,0.2451804834215,-4.9973263752755,5.81306369229654e-07,1.20422378851154e-06
"AWJ11_00945",688.015382597576,0.498452470693649,0.100121069205585,4.97849727982973,6.40798439399503e-07,1.32651694107451e-06
"AWJ11_09860",19.9227386372251,-3.94262855044511,0.792920840288255,-4.97228518929055,6.61682702463384e-07,1.36877036521017e-06
"AWJ11_11830",1592.91244714838,0.419622025622063,0.0845343862183257,4.96392112599377,6.90840083562621e-07,1.42806514416445e-06
"AWJ11_12920",42.1626487515645,-1.66046048912143,0.334723235539677,-4.96069681701139,7.02407508269329e-07,1.45094027760988e-06
"AWJ11_14580",300.936708786984,0.740079372576252,0.149235200817041,4.95914749686685,7.08031962302581e-07,1.4615153344534e-06
"AWJ11_05395",2844.88298668647,0.42096365633808,0.0849222688243441,4.95704674599326,7.15727609335823e-07,1.47634761327004e-06
"AWJ11_15115",580.757964711544,-0.58569349973753,0.118232306669352,-4.95375178102105,7.27960575696177e-07,1.50051132910594e-06
"AWJ11_02270",11401.2329778788,0.398149894160528,0.0803783894259805,4.95344453905958,7.29111461878108e-07,1.50181392930622e-06
"AWJ11_12625",33.6651342379917,-1.91143815167504,0.385961013125045,-4.95241251492873,7.32990129903381e-07,1.50872932854935e-06
"AWJ11_14420",249.568255501269,-0.707127894173786,0.142816515478516,-4.95130336855304,7.37180808017564e-07,1.51627665842419e-06
"AWJ11_07545",17.3209258025122,2.32043734273159,0.469015031344715,4.94746903117082,7.51846609584446e-07,1.54534381259758e-06
"AWJ11_10440",182.052271261008,-0.822337667436236,0.166458218135899,-4.94020467505466,7.80406091507222e-07,1.60290647893676e-06
"AWJ11_13075",1922.88185994968,0.444284802115326,0.0900804969914708,4.93208648879227,8.13558770462899e-07,1.66981495157421e-06
"AWJ11_11390",78.8542217124403,1.05180016815342,0.213402254527023,4.92872097572065,8.27696826180757e-07,1.69762906801354e-06
"AWJ11_17090",146.120262155193,0.795620252861504,0.161689431623247,4.92066948887161,8.62486729933576e-07,1.76773130058624e-06
"AWJ11_09225",369.847603880526,-0.626907984586086,0.127668211121237,-4.91044700227497,9.08690134422027e-07,1.86111057963011e-06
"AWJ11_10595",18.0992167373754,2.17235722956242,0.443170452973285,4.90185483934637,9.49359789589167e-07,1.94303198802762e-06
"AWJ11_11730",50.1369416979166,-1.48905052716018,0.303912358409371,-4.89960505375179,9.60294935258754e-07,1.96402370504511e-06
"AWJ11_04440",710.508925778402,-0.563970357402894,0.115243145711565,-4.89374317162794,9.89359338040403e-07,2.02203808212495e-06
"AWJ11_03490",83.051460210554,1.03974870130052,0.212848301586483,4.88492834356987,1.03466475462486e-06,2.11314029631924e-06
"AWJ11_14795",19.5329236347167,-4.36971682334387,0.896482960735625,-4.87428876479507,1.09201160175667e-06,2.22868940443146e-06
"AWJ11_02335",1964.81786751332,-0.44912327448346,0.0921519577960348,-4.87372471757497,1.09513565521198e-06,2.23349019463247e-06
"AWJ11_07720",21.4409756679601,-2.76151726200215,0.566826294782058,-4.87189336031762,1.10533828777416e-06,2.25271056677354e-06
"AWJ11_16360",71.3994323564389,-1.23908468917208,0.254544814471034,-4.86784494803796,1.1282179110906e-06,2.29772176966657e-06
"AWJ11_12935",44.8927791931856,-1.56667119275876,0.321912256830976,-4.86676465252255,1.13439981888459e-06,2.30868711381997e-06
"AWJ11_14700",587.444646331078,-0.553218516399892,0.113678788411602,-4.86650609255994,1.1358842352805e-06,2.31008360990989e-06
"AWJ11_06085",392.57700712792,0.595896556109628,0.1225634610799,4.86194295476983,1.16239124606488e-06,2.36233164755039e-06
"AWJ11_05490",790.076000070371,0.536508333076945,0.110424705575697,4.8585896632449,1.18224866952961e-06,2.40100185938154e-06
"AWJ11_14640",4162.90172659163,-0.387786162378462,0.0798744013972953,-4.85494921520118,1.20417599831658e-06,2.44381861088934e-06
"AWJ11_13665",26.0486870379641,-2.24962758971218,0.46382203622562,-4.850195579362,1.23339796658216e-06,2.50136910671953e-06
"AWJ11_01275",30.541273180489,-2.03152172014363,0.419610420347446,-4.8414472606793,1.28896887366017e-06,2.61223803947656e-06
"AWJ11_04625",108.983469212375,-0.960840711568493,0.198512658840519,-4.84019869151223,1.29709378932854e-06,2.62686453906003e-06
"AWJ11_10740",470.216677007266,0.646972765777214,0.133755096507597,4.83699524481647,1.31816580314726e-06,2.66767261140432e-06
"AWJ11_03430",1839.77287689046,0.439714582085616,0.0909372049019398,4.83536504733979,1.3290151365503e-06,2.68774968915204e-06
"AWJ11_05820",44.2543865974043,1.43253737813466,0.296347642834693,4.83397594943502,1.33832762308049e-06,2.70469283602998e-06
"AWJ11_15345",48.1548301077053,-1.47928818149811,0.306110888604329,-4.83252388780656,1.34812929662717e-06,2.72260026827566e-06
"AWJ11_12690",508.861058207952,-0.583245811767267,0.120853530690035,-4.82605521276144,1.39263915255218e-06,2.81052838736821e-06
"AWJ11_04080",51.9223969346111,-1.43355898541857,0.297336714779062,-4.82133189129968,1.4260286837835e-06,2.8759073246477e-06
"AWJ11_08840",231.33169279206,0.655922844116322,0.136407611716819,4.80855016711246,1.52028878574485e-06,3.06386890386184e-06
"AWJ11_07425",217.240691359096,-0.75054508825504,0.156177234380975,-4.80572659152217,1.54190493902478e-06,3.10526993287245e-06
"AWJ11_03915",14.6063201062031,2.42489056193783,0.505432508659623,4.79765452437654,1.60534354350982e-06,3.23078179062408e-06
"AWJ11_00590",533.447878998131,-0.58761239976154,0.122583471785293,-4.79356956695398,1.63839608161339e-06,3.29500921486391e-06
"AWJ11_12455",118.036211244437,0.894306512952372,0.186626615991314,4.79195589654798,1.65163215093247e-06,3.31932183666567e-06
"AWJ11_03535",336.08967196777,0.633007224688819,0.13243525992137,4.77974842247184,1.75514680188188e-06,3.52490967706187e-06
"AWJ11_14745",22.8555856695358,-2.52022159005224,0.527317471280388,-4.77932503152769,1.75884658572512e-06,3.5298904431959e-06
"AWJ11_14080",6479.79859643512,-0.355279259107264,0.0744012368904569,-4.77517947222238,1.79547055802298e-06,3.60089521477373e-06
"AWJ11_04485",37.3272865805922,-1.71068743795431,0.359142257673568,-4.76325857345696,1.90491488319282e-06,3.81774492518006e-06
"AWJ11_06930",170.565384031614,0.759888335022511,0.159575416429923,4.76193859945975,1.91742027841362e-06,3.84014829462216e-06
"AWJ11_10295",19.2079507845531,-2.99108109659433,0.628760909742169,-4.75710409195263,1.96389915004078e-06,3.93051461979115e-06
"AWJ11_04355",146.241406092333,-0.829811850684639,0.174461220449047,-4.75642580367592,1.97050615432181e-06,3.94101230864362e-06
"AWJ11_09395",34.9155101730513,1.64189812364431,0.3457550368058,4.74873233608602,2.04695639948092e-06,4.09108551111725e-06
"AWJ11_14135",5804.91428062057,0.380798111129889,0.0801923730145291,4.74855770960783,2.04872431019115e-06,4.09179306673098e-06
"AWJ11_01280",192.716365817252,0.700461989668252,0.147712774246612,4.74205425523186,2.11561944027639e-06,4.2224845932137e-06
"AWJ11_07390",315.212564165869,-0.641120306642617,0.13526616238703,-4.73969465333255,2.14040526261772e-06,4.26900953136848e-06
"AWJ11_02570",31.6717252858293,-1.99158241544538,0.420715439601602,-4.7337992095829,2.20355724940728e-06,4.39193848470019e-06
"AWJ11_06395",1348.35293894346,0.399326447982916,0.0844225904495866,4.73008996592418,2.24420362488e-06,4.46987287708378e-06
"AWJ11_01995",72.5231931511608,-1.15882413654434,0.24523465231206,-4.72536864435349,2.29698274176824e-06,4.57184873086471e-06
"AWJ11_09200",324.630538036332,0.62389674580231,0.132039195864458,4.72508743875387,2.30016362863658e-06,4.57503336170053e-06
"AWJ11_10620",72.0987860951339,-1.20913608221444,0.256178693527501,-4.71989323376199,2.35968463172564e-06,4.69019733805906e-06
"AWJ11_11540",3006.35927087411,0.471773969908966,0.10026925781827,4.70507092776153,2.53777709298856e-06,5.04071853610769e-06
"AWJ11_00060",5680.09862899244,-0.417043244410322,0.0887241543090695,-4.7004476701751,2.59591774218056e-06,5.15266525779873e-06
"gidA",1691.80442924599,-0.467071618624734,0.0996183645208441,-4.6886095838986,2.75067603813232e-06,5.45610449236116e-06
"AWJ11_00690",283.805131190932,0.612798686218793,0.130913060626175,4.68095912881185,2.85535866702217e-06,5.65986848106998e-06
"AWJ11_10755",653.568430856788,0.465453637896823,0.0994890518188409,4.6784407870764,2.89064619277238e-06,5.72589327986535e-06
"AWJ11_02745",15.9635025050875,2.16142571749183,0.462993093428151,4.66837572346475,3.03590328065368e-06,6.00561340057913e-06
"AWJ11_15585",416.22957930778,0.57247046044945,0.122627521566277,4.66836851252875,3.03600981515109e-06,6.00561340057913e-06
"AWJ11_14225",28684.9146473788,0.38188198762993,0.0818495444900674,4.66565806821652,3.07630901502528e-06,6.08117369500215e-06
"AWJ11_03295",23.898258601742,-2.30296302439293,0.494190538404643,-4.66007105645407,3.16100242508244e-06,6.24432834006047e-06
"AWJ11_09420",1187.05411139134,0.443095114293912,0.0951084485943612,4.65884073226469,3.17995109232926e-06,6.27747507585326e-06
"AWJ11_11735",27.684727853309,-2.04557737247938,0.43952478003325,-4.65406608547675,3.254524179242e-06,6.42030877622792e-06
"AWJ11_06790",2355.05942098041,0.362070599672629,0.0778461058715138,4.6511074076105,3.3015730808537e-06,6.50425629407121e-06
"AWJ11_09880",91.0012100772749,0.949780242926526,0.20420123457504,4.65119735883624,3.30013311086169e-06,6.50425629407121e-06
"AWJ11_04620",34.1002712652578,-1.7865044692202,0.384322758089992,-4.6484482940817,3.34441431514404e-06,6.58417348845364e-06
"AWJ11_08575",367.449578375436,-0.566552551855941,0.121902487670156,-4.64758810656037,3.35838663724286e-06,6.60718621902164e-06
"AWJ11_03080",84.5453119409636,-1.09862544920728,0.236467635271181,-4.64598653404459,3.38455081398082e-06,6.65413726607371e-06
"AWJ11_08025",223.100767117656,0.688713495766729,0.14836822227024,4.64192052198547,3.45185644262457e-06,6.78185508822505e-06
"AWJ11_02915",125.230390975579,0.822092904080523,0.177176134691605,4.63997538670469,3.48450677427562e-06,6.84135861923586e-06
"AWJ11_05075",2508.80562829037,-0.365862442740558,0.0788816932111748,-4.63811599176889,3.51599459538149e-06,6.89850058239596e-06
"AWJ11_05970",50.7326986182851,-1.39357690048722,0.300640077421415,-4.63536635714008,3.56305864087482e-06,6.98610549233857e-06
"AWJ11_15295",169.378017533616,0.70743473628226,0.153094201875046,4.62091135796026,3.82057999611494e-06,7.4859570133762e-06
"AWJ11_07930",130.070316969263,1.02127861786027,0.221159622633227,4.61783487284188,3.87764613842396e-06,7.59263053085179e-06
"AWJ11_15575",3807.77326766395,0.339834999639269,0.0736478629291562,4.61432261742836,3.9437942638597e-06,7.71693076376604e-06
"AWJ11_11030",18.274182788693,-2.94388080178706,0.638139275135396,-4.61322616628234,3.96466487252919e-06,7.75252712236451e-06
"AWJ11_14585",5888.68109989696,0.444827124632513,0.0965955078202511,4.60504980687368,4.12367153395772e-06,8.05800500963784e-06
"AWJ11_09440",1407.06136950431,-0.563325005433874,0.12243344331415,-4.60107132647121,4.20323453449068e-06,8.20793572389746e-06
"AWJ11_04720",16.6021868120282,-3.70607546167086,0.806543694279858,-4.59500891018672,4.3273077739985e-06,8.44452373428972e-06
"AWJ11_15215",180.691309220739,0.680808333262547,0.148312208272257,4.59037284383754,4.42454938246234e-06,8.62846759625742e-06
"dcd",661.192746789272,-0.475900917053005,0.103849063845423,-4.58262115642538,4.59183498603499e-06,8.94866696941769e-06
"AWJ11_03465",888.700916032543,0.457995398148798,0.0999716871689054,4.58125106336357,4.62202557274466e-06,9.00144145862923e-06
"AWJ11_05920",966.765067301123,-0.470266532761086,0.102818794916696,-4.57374095020366,4.79092134363981e-06,9.32409305211406e-06
"AWJ11_11745",21.00665958793,-2.50824566520908,0.548490897281122,-4.57299415111992,4.80803565777303e-06,9.35111236128706e-06
"AWJ11_14015",296.383656689021,0.582764221960869,0.12764090127828,4.56565423876427,4.97938920169919e-06,9.6778726324496e-06
"AWJ11_13635",116.82154888852,-0.920306913272829,0.201685565121781,-4.56307774290705,5.04091376651165e-06,9.79087546327834e-06
"AWJ11_10925",279.20717239677,0.587204016283262,0.128824533964544,4.55816914847041,5.16014724929128e-06,1.00157385241106e-05
"AWJ11_09215",1233.05423580997,0.391901824173383,0.0861137690795867,4.55097748434615,5.33972626338315e-06,1.03573510765622e-05
"AWJ11_12725",195.640997558788,-0.688694457720976,0.151447440460578,-4.54741562899006,5.43086806356315e-06,1.05270811627272e-05
"AWJ11_05645",43.7395433531584,-1.52823699959396,0.336196412063298,-4.54566718964933,5.47615080165819e-06,1.06077512851398e-05
"AWJ11_04240",302.914520190794,0.551136470783625,0.121512636175443,4.53563092802861,5.74315364180471e-06,1.11175161467444e-05
"AWJ11_02295",1963.08538600871,0.46872417488097,0.103462198152529,4.53039064750928,5.88747221965413e-06,1.13829183144163e-05
"AWJ11_14175",1892.75601945053,0.415361485813996,0.0916838435923264,4.53036728762057,5.88812326077445e-06,1.13829183144163e-05
"AWJ11_15490",1092.48333768105,0.442102470221819,0.097627165661627,4.52847798279973,5.94100702331353e-06,1.14774861985777e-05
"AWJ11_09610",200.605619680287,0.649535485838062,0.143893397855353,4.51400478075443,6.36147817575719e-06,1.22815996268454e-05
"AWJ11_12115",837.086919604282,0.437500318935994,0.0971250723791409,4.5045044314423,6.65280097471343e-06,1.28354706805471e-05
"AWJ11_15735",192.350173471132,0.704672121079584,0.156479342238386,4.50329168693758,6.69089500179061e-06,1.29003665124464e-05
"AWJ11_15665",36.6893041276289,-1.58482135499404,0.353638991174557,-4.48146667801055,7.41318088112905e-06,1.42834523768225e-05
"AWJ11_00275",44.6873104267129,-1.39878346215035,0.312724428147324,-4.47289477971763,7.71677542846412e-06,1.48585150299236e-05
"AWJ11_15420",50.1439284309845,1.16456567737681,0.260586598126549,4.46901600369817,7.85802519212918e-06,1.51204287938975e-05
"AWJ11_14595",660.931894410456,0.459876993923323,0.103032435730642,4.46341960822492,8.0661870439167e-06,1.5510661332289e-05
"AWJ11_11550",366.514667901375,0.510675692884464,0.114490746662819,4.46041018833101,8.18029344943864e-06,1.57196342912851e-05
"AWJ11_11990",323.020915396946,0.538774766767878,0.121201848804575,4.44526855061916,8.77821421402311e-06,1.68574332683364e-05
"AWJ11_11400",501.904807611371,0.481199012939792,0.10834216662017,4.44147489339768,8.93443727046451e-06,1.71460619766076e-05
"AWJ11_00100",1113.58464582086,-0.398473189094888,0.089789503279165,-4.43785937712555,9.08579436655083e-06,1.74249760747502e-05
"AWJ11_02185",844.995351306089,-0.428644573755018,0.0966143658800487,-4.43665463050495,9.13677086684963e-06,1.75111356878562e-05
"AWJ11_08975",21.2239704417722,1.75856237452867,0.396516849911603,4.43502558572408,9.20613544647163e-06,1.76323997234208e-05
"AWJ11_00430",108.010755398089,-0.903408991584008,0.20383203203544,-4.43212473801436,9.33090074950458e-06,1.78595415139327e-05
"AWJ11_02575",17.0059991218754,-3.02278993327068,0.682275420624849,-4.43045409799802,9.40348625229892e-06,1.7986575819004e-05
"AWJ11_04515",620.736687311775,-0.459838527289485,0.103812988203858,-4.42948936588258,9.44564702947021e-06,1.80552856692779e-05
"AWJ11_13680",15.4847220628199,-3.59768375775374,0.812287345661492,-4.42907768657155,9.46369318108181e-06,1.80778403076243e-05
"AWJ11_05175",32.3925334517187,-1.67819758998039,0.378928050473059,-4.42880274470391,9.4757637232535e-06,1.80889579255248e-05
"AWJ11_05535",1360.73161800849,-0.395802891088279,0.0895976209507931,-4.41756027546372,9.98212385488213e-06,1.90430233592807e-05
"AWJ11_02545",100.091973563473,-0.920918693310507,0.208699528033985,-4.41265345439852,1.02111370756491e-05,1.94670821455393e-05
"AWJ11_04410",142.010876047867,-0.839536568644928,0.190528239281779,-4.40636291926946,1.05120781662314e-05,2.00276196267765e-05
"AWJ11_00385",701.733852590905,-0.447210320414756,0.101585776940383,-4.40229266226124,1.07112935172479e-05,2.03937391045497e-05
"AWJ11_01815",1290.56560633982,-0.44756657744544,0.101720178643909,-4.39997828761421,1.08261709882655e-05,2.05989078501251e-05
"AWJ11_06545",1327.5480185232,0.447661232912285,0.101755100457798,4.39939846649701,1.08551350239985e-05,2.06404472795346e-05
"AWJ11_09885",118.072557640972,-0.932256521174357,0.211920435433505,-4.39908741819698,1.08707034201728e-05,2.06564778056336e-05
"AWJ11_09310",28.3210127117324,-1.83488860621758,0.417325976887286,-4.39677544135519,1.098709099616e-05,2.08639378890335e-05
"AWJ11_12740",220.721508912937,0.604660147957441,0.137897292730735,4.38485873060707,1.16061073542605e-05,2.20249670053966e-05
"AWJ11_16900",647.631234518512,-0.487624752795179,0.11123123509529,-4.3838832894145,1.16582248105362e-05,2.21093726092344e-05
"AWJ11_14070",6067.77169388393,-0.367424728171121,0.0839051308925303,-4.37904957971803,1.1919801390167e-05,2.2590638653008e-05
"AWJ11_04825",41.4311178220824,-1.43674845799828,0.328259543407729,-4.37686728947194,1.20397229282441e-05,2.28029830853e-05
"AWJ11_04660",219.465583233871,0.59942294698975,0.137015293124825,4.37486161813819,1.21509536059782e-05,2.29986002195558e-05
"AWJ11_15170",233.306958889916,-0.648201843435309,0.148245144108314,-4.37249966826372,1.22832003870833e-05,2.32337136733458e-05
"AWJ11_14245",7561.82093519598,0.395275126082262,0.0904407314632623,4.37054322413154,1.23937816679092e-05,2.34275663925077e-05
"AWJ11_15100",32.4868747607565,1.42738840245778,0.3266801682034,4.36937574235927,1.24602214754687e-05,2.35377812989598e-05
"AWJ11_13755",15.2755569873692,-3.49332724945416,0.800226878142976,-4.36542103854454,1.26878129725512e-05,2.39520748483778e-05
"AWJ11_08635",19.4895295541398,-2.47438350333708,0.567291256270693,-4.36175152707869,1.29025352029228e-05,2.43415494636628e-05
"AWJ11_04425",1268.40692160842,0.369942057825935,0.0848253645149997,4.36121978303457,1.29339364570519e-05,2.43848938805917e-05
"AWJ11_02145",5159.2379932035,-0.401395778775902,0.0920775229412321,-4.35932425150154,1.30464681797205e-05,2.45810409584057e-05
"AWJ11_11340",15.2314802093502,-3.94991362449744,0.906791755887654,-4.35592141067812,1.3250831651827e-05,2.49498417699331e-05
"AWJ11_12615",974.216238445987,-0.388961799943077,0.0893854674169181,-4.35151049922751,1.35202846035119e-05,2.5440639559534e-05
"AWJ11_06075",467.940300657134,-0.492373665941947,0.113283501417238,-4.34638459954084,1.38399812227042e-05,2.60252798300884e-05
"AWJ11_16865",181.493416083679,0.810258767080864,0.186728896713858,4.33922537614786,1.42985825551605e-05,2.68701934510614e-05
"AWJ11_05375",101.502913458991,0.840047672725777,0.193778935709406,4.33508249826248,1.45705467695379e-05,2.73635057437006e-05
"AWJ11_00755",423.144132733985,-0.527060970238572,0.121881151260705,-4.32438457289582,1.52958265005713e-05,2.87069532377777e-05
"AWJ11_08600",15.5355513981172,2.04911324310449,0.474501230840789,4.31845717127767,1.57123703946082e-05,2.94696046156813e-05
"AWJ11_07995",235.590564765359,-0.605911471876487,0.140411456237123,-4.31525666148809,1.59417572768551e-05,2.98804699217738e-05
"AWJ11_13695",5529.30587433032,-0.398153767677863,0.0923072531341606,-4.31335300487364,1.60797064543903e-05,3.01195278181265e-05
"leuS",4416.60803916436,-0.388508951378517,0.0900906255871222,-4.31242372718135,1.61474594815549e-05,3.02268743464552e-05
"AWJ11_07575",134.506622825495,0.73038162889744,0.169396475887939,4.31166956141761,1.62026451561628e-05,3.03030939930952e-05
"AWJ11_13990",71.8670838742693,-1.04861941606661,0.243209939488764,-4.31158125474168,1.62091186943025e-05,3.03030939930952e-05
"AWJ11_12030",3633.92740024018,0.381777317950304,0.0886212644881404,4.30796513856327,1.64763345681999e-05,3.07827709750616e-05
"AWJ11_15955",36.4656630882947,1.32598108700242,0.307928708045017,4.30613012804435,1.66135349123704e-05,3.10190774428387e-05
"AWJ11_05750",140.791273123902,-0.752841366488224,0.175042669617255,-4.30090199226493,1.7010428691446e-05,3.17396393507702e-05
"AWJ11_11615",15.7015478741725,-4.67464368668833,1.08728379900679,-4.29937767026282,1.71278383690728e-05,3.19381212887221e-05
"AWJ11_11755",14.9235196358839,-3.92037991145687,0.911991956008115,-4.29870009886577,1.71802753206491e-05,3.19946697412861e-05
"AWJ11_15535",83.1466403627157,-0.986860328870608,0.229564668452734,-4.29883368168999,1.71699253131687e-05,3.19946697412861e-05
"AWJ11_10110",663.982652539864,-0.451585250866324,0.105205574278016,-4.29240802082372,1.76745775060064e-05,3.28940368504068e-05
"AWJ11_07295",30.9994963825112,-1.66224502879123,0.387526770842574,-4.28936825493918,1.79182063421567e-05,3.33260213073275e-05
"AWJ11_16645",22.3404396048258,-2.09918760160599,0.489483093889198,-4.28858039800078,1.79818710589608e-05,3.3422951088396e-05
"AWJ11_00870",919.69930555706,0.425490678523985,0.0998830047717082,4.25989065403552,2.04526936543993e-05,3.79910753760151e-05
"pdxA",631.454245984214,0.491126489679059,0.115454739104977,4.25384435049048,2.10131391075264e-05,3.90070715697122e-05
"AWJ11_04510",199.756269348098,0.644786114503999,0.151646093153718,4.25191378883994,2.11951456509774e-05,3.93197125089286e-05
"AWJ11_07130",14.1110845203879,2.17709001033896,0.513133911636509,4.24273266874077,2.20814416317776e-05,4.09376630892789e-05
"AWJ11_14195",11249.2045987704,0.317173958648791,0.074822524034619,4.23901709733877,2.24500561988723e-05,4.15944062993191e-05
"AWJ11_09405",26.1318377727696,-1.86175041934256,0.439285412177944,-4.23813395057247,2.25385289529944e-05,4.17316076711233e-05
"AWJ11_14690",661.041018791089,0.421023442121106,0.0994369942225156,4.23407249397502,2.29496909432357e-05,4.24657324742482e-05
"AWJ11_08950",40.3145664534611,-1.4243824090885,0.336526446148074,-4.23260170305236,2.31003394772405e-05,4.27171772825137e-05
"AWJ11_13630",72.7087588737739,-1.03644411415021,0.245328715482967,-4.22471585566252,2.39242443634087e-05,4.42124924570273e-05
"AWJ11_04970",22.0011763426393,-2.06978382706358,0.49060293935722,-4.21885737124889,2.4554353537705e-05,4.53479892393863e-05
"fadH",328.051782738507,0.524451937216249,0.124358463252507,4.21725971437395,2.47289103322145e-05,4.56412413912173e-05
"rpsA",21722.4186387633,0.315445728411361,0.0749520978622794,4.20863107782489,2.56922472478826e-05,4.73890143628886e-05
"AWJ11_01785",31.8563721768356,-1.58387311622467,0.376944075413643,-4.20187826134844,2.64709482588966e-05,4.87942192746795e-05
"AWJ11_05745",236.605560391431,-0.607347025995766,0.144609272332168,-4.19991758620213,2.67012151575809e-05,4.91873435175297e-05
"AWJ11_07650",240.955973976389,0.563181976582531,0.134303087014743,4.19336583470124,2.74845658760024e-05,5.05981766190527e-05
"AWJ11_14485",297.175916915948,-0.548182824325512,0.130740597432974,-4.1929043853922,2.75405543168641e-05,5.06690172873521e-05
"AWJ11_12350",24.8971575448076,1.52767499659883,0.364803592338971,4.18766434509049,2.81839924030203e-05,5.1819869132364e-05
"AWJ11_05265",1361.20979347477,0.365775968639602,0.0874477377352299,4.18279509696501,2.87946895379725e-05,5.29090993796143e-05
"AWJ11_02170",223.035913179524,-0.661496650545352,0.158473699654393,-4.17417307722339,2.99070336954226e-05,5.49181189813154e-05
"AWJ11_09270",20.5097534520575,-2.1485648698012,0.515365473529774,-4.16901205097332,3.05922815429439e-05,5.61408134339123e-05
"AWJ11_00535",52.094491990662,-1.33457249143998,0.321229561645117,-4.1545755770584,3.25891889455903e-05,5.97674986112409e-05
"AWJ11_00330",20.4229112705643,-2.11585731093909,0.511397152379252,-4.13740534356744,3.51255277096612e-05,6.43782629460161e-05
"AWJ11_01795",850.214301260764,0.390144258352798,0.0943219079428946,4.13630583669919,3.52941725062762e-05,6.46464147045337e-05
"AWJ11_02175",1283.54957771522,-0.436309478746695,0.105588014156009,-4.1321875615734,3.59327015164587e-05,6.57743442053331e-05
"sdhA",3768.1024214613,-0.34394165874594,0.0833314892420479,-4.12739124038589,3.66901863770495e-05,6.71184572535911e-05
"AWJ11_05995",24.9937401509269,1.58385445877874,0.384370559740452,4.1206445671808,3.77813907056653e-05,6.90709694897001e-05
"AWJ11_04210",1023.64719686213,0.402534799857478,0.0977383039405902,4.11849585708135,3.81353424610749e-05,6.96740410873426e-05
"AWJ11_05325",24.5258075980796,-1.83548085313888,0.446329990527483,-4.1123852129445,3.91592185512672e-05,7.14995447869824e-05
"AWJ11_04090",25.5856620310044,-1.77663404144029,0.432113270358521,-4.11150076452461,3.93095572995617e-05,7.17097208298776e-05
"ihfA",170.9922619802,-0.682316514770401,0.165956548676528,-4.11141663412348,3.9323886301664e-05,7.17097208298776e-05
"AWJ11_12930",16.0444472848274,-2.65508406182081,0.647362729433,-4.10138542289311,4.10683847360174e-05,7.48437691599713e-05
"AWJ11_03740",435.608990254536,0.450022198026995,0.109962834522293,4.09249361370147,4.26759001336071e-05,7.77243895447822e-05
"AWJ11_15450",6.82738821464957,-5.27600319317005,1.28956135869717,-4.091316134426,4.28931945761584e-05,7.80710094989952e-05
"AWJ11_17095",17.4092835138485,1.80674865871162,0.441933407660191,4.08828259505754,4.34578557503869e-05,7.90490474805906e-05
"AWJ11_00080",3523.95619610582,-0.47128438765371,0.115372711726626,-4.08488611042108,4.40984407893581e-05,8.0163874148494e-05
"AWJ11_04110",28.4211923841422,-1.63596267339758,0.400755384983141,-4.08219760656841,4.4611838968351e-05,8.10462410385485e-05
"AWJ11_12500",1186.22135720724,-0.367425298654816,0.0900278658485424,-4.08123968275501,4.47961305573528e-05,8.13299886028726e-05
"AWJ11_16150",27.5361834076602,1.43229951341402,0.351812958253287,4.07119601428337,4.6772370495784e-05,8.48647274073974e-05
"AWJ11_14320",229.76929216229,-0.607846599765455,0.149411345114759,-4.06827606898648,4.73622474080777e-05,8.58811679191585e-05
"AWJ11_07535",147.699509320828,0.660947831189884,0.162833655508893,4.05903699161128,4.92755080575731e-05,8.92945023911188e-05
"AWJ11_05975",200.802124389638,0.584990944499804,0.144239562426565,4.05568995536598,4.99865294350074e-05,9.05262929817968e-05
"AWJ11_11965",23.6493081152872,-2.09037666710931,0.515439542663435,-4.0555225086296,5.00223548765554e-05,9.05345184570052e-05
"AWJ11_09795",698.961331857532,0.408783691773658,0.100879924876984,4.05218077107156,5.07424337311863e-05,9.17803770112832e-05
"AWJ11_00635",656.150132827235,0.402150423110449,0.0993203802477079,4.04902218565288,5.14320695896068e-05,9.29696498390519e-05
"AWJ11_04735",16.1124885573472,-2.49422990077992,0.617035522753707,-4.04227926724326,5.29341348001676e-05,9.56250849635987e-05
"AWJ11_04815",22.7150521006853,-1.88695032099147,0.46683050689016,-4.04204586705694,5.29868645268232e-05,9.56606275362609e-05
"AWJ11_09360",47.144766767836,1.12296301437026,0.277832770517564,4.04186666777406,5.30273829681452e-05,9.56740937093593e-05
"AWJ11_07815",78.1528659367551,-0.987405376548734,0.244505952036836,-4.03836948885391,5.38240259220941e-05,9.70509227529846e-05
"AWJ11_05915",2299.43750886932,0.351433570534532,0.0870411688326263,4.03755573653098,5.40110148425106e-05,9.73274451769774e-05
"AWJ11_11575",76.5490641500191,-0.935651881980547,0.231748618218127,-4.03735689634141,5.40567990232416e-05,9.73493319061986e-05
"AWJ11_07290",13.7028724244977,-3.25694840884885,0.811314040274119,-4.01441149440532,5.95942999197387e-05,0.000107254915402813
"AWJ11_03925",626.747444649574,0.406350899885639,0.101308391664045,4.0110290293934,6.04546756518079e-05,0.000108735755957944
"AWJ11_12505",228.232501353065,-0.586606294752133,0.146377982916446,-4.00747628205107,6.13710224629091e-05,0.000110315365843266
"AWJ11_09445",2786.49080566956,-0.339744656723383,0.0848271646351805,-4.00513984151817,6.19808029999954e-05,0.000111342299119793
"AWJ11_11410",916.838444313584,-0.377173415116176,0.0943732984373411,-3.9966115560388,6.42556085315881e-05,0.000115357153281896
"AWJ11_14840",235.605033298691,0.554248011297517,0.138806390418376,3.99295745409818,6.52542803977079e-05,0.000117077425586464
"AWJ11_07000",16.7984297474286,2.08436783060747,0.522266952763542,3.99100080826132,6.5795056100556e-05,0.000117974530579312
"AWJ11_07105",90.8292816753993,-0.850285367951071,0.21371790187101,-3.97854068614365,6.93395469739104e-05,0.000124253033400927
"AWJ11_08755",114.018659916344,0.760009758302157,0.191289243282659,3.97309197976765,7.0945637055319e-05,0.000127052397053275
"AWJ11_08955",97.0513071825285,-0.811976112826618,0.205146302068213,-3.95803436201658,7.5569088220327e-05,0.000135248572238483
"AWJ11_05380",21.9986380918614,-1.85390954545218,0.468857599771039,-3.95409938189657,7.68234747855204e-05,0.000137408613120702
"AWJ11_12720",46.1705818000773,-1.21328844605424,0.307325910299099,-3.94788856192904,7.88434871913382e-05,0.000140899547995665
"AWJ11_13115",15.1559564488815,1.85661889518608,0.470292011822155,3.94780019331515,7.88725873368959e-05,0.000140899547995665
"AWJ11_14860",66.8260602655245,-1.00489998062115,0.25471367986074,-3.94521401901365,7.97287357814049e-05,0.0001423411235974
"AWJ11_04665",134.21637362724,-0.708697492878242,0.179848005734831,-3.94053573172865,8.12998391079113e-05,0.000145056556336804
"AWJ11_15960",14.7930265414336,1.90453343804483,0.484347942368775,3.93215965516532,8.41861215756052e-05,0.000150113762070118
"AWJ11_03185",153.627000812275,0.677042313158901,0.172347290327973,3.92836064826145,8.55268859439001e-05,0.000152410596010866
"AWJ11_13150",10.1228029728834,-4.86103467440879,1.23767771961508,-3.92754478598885,8.58174440594085e-05,0.000152834266527956
"AWJ11_15645",62.9990279247863,-1.11183209405913,0.28324511396998,-3.92533547525542,8.66089494336744e-05,0.000154149015781706
"AWJ11_13485",573.568212631365,-0.410523483559377,0.104614299310067,-3.92416224423225,8.70320689680714e-05,0.000154806888502519
"AWJ11_14915",46.068246924726,-1.22817151068161,0.314231632474997,-3.9084910103038,9.28744025706631e-05,0.000165097371645884
"AWJ11_04915",69.9991498285165,-0.968378373891264,0.247809877124405,-3.90774728242619,9.31606744070333e-05,0.000165504598977259
"AWJ11_15640",22.3453235727776,-1.86285924944049,0.476792903883134,-3.90706160739568,9.34253389786712e-05,0.000165872963806303
"AWJ11_11285",673.965460075507,-0.422187854543495,0.108264481782505,-3.8995970570629,9.63529075267875e-05,0.000170965857990511
"AWJ11_15360",269.343113535488,-0.554635520920354,0.142296529400625,-3.89774454272752,9.70927579606203e-05,0.000172173064667914
"AWJ11_09345",897.978532035491,0.371439493923861,0.095342681360901,3.89583645668459,9.78604079803131e-05,0.000173428059213121
"AWJ11_13910",281.652205636012,-0.539338041425773,0.138510278214405,-3.89384851708198,9.86662770353178e-05,0.000174749207919345
"AWJ11_05435",20.5295906496212,-2.00328077560415,0.515260074040535,-3.88790220032953,0.000101114350129523,0.000178975491911218
"AWJ11_16395",33.7801872153257,-1.43526647756175,0.36952059668537,-3.88413119711379,0.000102696445988691,0.000181664740031339
"AWJ11_08250",4400.91326738542,0.311878807585386,0.0804262621565768,3.87782297998891,0.000105395358045877,0.000186325086246041
"AWJ11_10660",44.3448022018555,-1.25088189279194,0.323173987912894,-3.87061440455131,0.000108561394169979,0.000191805051726446
"AWJ11_05765",18.3387827681351,-2.11941938599671,0.547795282609226,-3.86899897330553,0.000109283102272035,0.000192962353859224
"AWJ11_05950",11.9380418608426,-4.27265100487043,1.10485684122672,-3.86715350391143,0.000110113120740792,0.000194309372819422
"AWJ11_08200",113.9980103097,-0.75471578840057,0.196208728818418,-3.8464944599841,0.000119819838750141,0.000211309331714143
"AWJ11_11225",36.7048713425334,-1.33022185377623,0.345913912800475,-3.84552862591424,0.000120292819229263,0.000212014262393111
"AWJ11_09590",15.7428646621171,1.77102604276901,0.462224809688535,3.83152527871102,0.000127351286622638,0.000224318090983515
"AWJ11_06240",1003.91580504819,0.343248258707805,0.0896057329111305,3.83065064651871,0.000127804856943454,0.000224980082721628
"AWJ11_07670",213.126253286311,-0.605652499101232,0.158122222169979,-3.83028072075895,0.000127997152330457,0.000225181616318749
"AWJ11_07305",29.4246650972993,-1.47202205779148,0.3846387983634,-3.82702437729835,0.000129701674328607,0.00022804170443924
"AWJ11_12490",1307.37469141817,-0.337638694919131,0.0883299320426635,-3.82247203310483,0.000132120467159852,0.000232153389168556
"AWJ11_13515",1731.74911999497,-0.363134764723117,0.095047865760723,-3.82054622496507,0.000133156444954031,0.000233831766806412
"AWJ11_11020",13.3047726093225,-2.70032975953924,0.707487002850241,-3.81679062464818,0.000135198804506685,0.000237274311851028
"AWJ11_13140",34.8441293770667,-1.34048135725322,0.351360321916093,-3.81511876452954,0.000136117452043012,0.000238741761340895
"AWJ11_09375",99.4432756973729,-0.772138819010122,0.202486714498549,-3.81328138452093,0.000137133830092976,0.000240378742755343
"AWJ11_02640",1910.88300009018,-0.386542324038372,0.101690449505547,-3.80116644107554,0.000144016517434699,0.000252290436716718
"AWJ11_07540",76.6437365825218,0.807376375182182,0.212869947107605,3.79281521958595,0.00014894899320683,0.000260773373466768
"AWJ11_09315",342.906936189288,-0.49186385590758,0.129810618707043,-3.78908798684352,0.00015120135804507,0.000264556668792281
"AWJ11_14290",109.553715588314,-0.745346504613316,0.197039331631389,-3.78272956187079,0.000155117920967517,0.000271245476302112
"AWJ11_15175",47.6117722495044,-1.14665748761453,0.303685905241084,-3.77580081204046,0.000159494411769953,0.000278729968395074
"AWJ11_11420",117.47095070729,0.669166412095717,0.177465208733895,3.7706906997141,0.000162796344417329,0.000284328678783193
"AWJ11_12855",93.8579688595203,0.725533004904969,0.192864380218329,3.76188181603903,0.000168639734883908,0.00029435669044272
"AWJ11_06785",461.881190659281,0.411856366724139,0.109514903763058,3.76073349445856,0.000169415852185032,0.00029553313816967
"AWJ11_15445",26.3232507251906,-1.63539734620323,0.434966484685234,-3.75982381122237,0.000170033064487318,0.000296431137726686
"AWJ11_03150",47.6209497099792,-1.1207879821246,0.298133937344301,-3.75934384427444,0.0001703595697335,0.000296821550155778
"AWJ11_03640",796.581978178672,-0.382061596149638,0.101735963450503,-3.75542318754881,0.00017304882971809,0.000301325699882162
"AWJ11_06180",66.3102881770039,-0.933151748348285,0.248810344015629,-3.75045399354324,0.000176514690457453,0.000307175895480378
"AWJ11_01735",5.46126262390036,-4.96043609041849,1.32448207266257,-3.74518930289986,0.000180257804236094,0.000313501253280803
"AWJ11_09485",9.02848085995141,-4.65600002967215,1.24441258413435,-3.74152438591016,0.000182907425372107,0.000317918371787915
"AWJ11_06215",14.4794042849631,-2.39757137568889,0.641193613570585,-3.73923152842656,0.000184583663360428,0.000320639328790564
"AWJ11_08410",38.3667255200508,1.08478448686661,0.290445655103189,3.73489659014253,0.00018779233669436,0.000326017409954095
"AWJ11_00795",22.8926576916516,-1.67786213304291,0.449270095326515,-3.73464014297121,0.000187983789105037,0.000326154128099507
"rnc",350.138878909415,0.435005991481027,0.116618312985759,3.73016879033526,0.000191351536569994,0.000331798290493447
"AWJ11_14750",24.9485148501047,-1.68478612475391,0.451859058870637,-3.72856555972301,0.000192572812640911,0.000333715999869938
"AWJ11_07885",15.2107200953927,-2.31358036088603,0.620716665410126,-3.72727282802594,0.000193562893800759,0.000335231008174385
"AWJ11_14695",309.912882642923,0.52352396699183,0.140485265477604,3.72654004113542,0.000194126245066997,0.000336005594033427
"AWJ11_15880",567.839530719987,-0.399124622658039,0.107208553971344,-3.72288038475663,0.000196962848274162,0.000340711585717529
"AWJ11_15195",182.331151052145,-0.674812972529107,0.181358490004095,-3.72087886546624,0.000198530656543298,0.00034321847075048
"AWJ11_11505",16.1109353732737,-2.15092210375867,0.578308344062659,-3.7193343755829,0.000199748476392968,0.000345117666078358
"AWJ11_10995",12.1369648042492,-2.88934498300945,0.777705950704798,-3.71521521777089,0.000203030813690533,0.000350579459916708
"AWJ11_04930",18.5338080111555,-1.93527779264271,0.521492417590463,-3.7110372603011,0.000206411715483627,0.000356204832802395
"AWJ11_11240",346.815254384387,-0.50288576313784,0.135542159297561,-3.71017966471847,0.00020711221198834,0.000357200680270713
"AWJ11_09470",15.168522798099,1.76052179488742,0.474777278124437,3.70810035779765,0.000208819901066211,0.00035993138396999
"AWJ11_14975",1212.52297435659,0.386261692679192,0.104307183874954,3.70311687392741,0.000212966708365306,0.000366860508338808
"AWJ11_04215",83.4403679906715,-0.813486792933377,0.219712902138951,-3.70249896575901,0.000213486231184318,0.000367536676411313
"AWJ11_14505",14.1034837171968,-2.43162460454593,0.657070280005258,-3.70070703019238,0.000214999587040527,0.000369922000532274
"AWJ11_11840",2035.86059984009,0.326797039906605,0.0883884963476676,3.69728022774797,0.000217921740389061,0.000374726985553144
"AWJ11_03965",33.3886456659819,1.15537772338313,0.312866374457142,3.6928791896791,0.000221729372677436,0.000381047983686758
"AWJ11_10865",191.422057692059,-0.559384248965213,0.151582807287015,-3.69028822580152,0.000224000104760019,0.000384721841647178
"proA",1041.48840246963,0.361629015317383,0.0980018537560259,3.69002219302558,0.000224234488748718,0.000384895972976744
"AWJ11_07975",113.377872863443,0.690314206145986,0.187194065842444,3.68769278576921,0.000226296631941984,0.000388205366235982
"AWJ11_16870",68.5613343227685,0.858101818920015,0.232771464354386,3.68645624711793,0.000227398516060873,0.000389864517464554
"AWJ11_03770",18.508240982241,-1.95422306174546,0.530149104434008,-3.68617629531188,0.000227648680287539,0.000390062333186582
"AWJ11_11085",661.177108867166,-0.39949762818723,0.108472837634996,-3.68292779001057,0.000230570488167533,0.000394834906956711
"AWJ11_11015",5.178932432983,-4.87756224973641,1.32575730433863,-3.67907627872332,0.000234080253955267,0.000400608075071876
"AWJ11_09450",773.417220041122,-0.446722796416875,0.121612517045922,-3.67332908871699,0.000239410828912682,0.00040948873455869
"AWJ11_15370",176.136999277905,-0.615756481566426,0.167642306666434,-3.67303751547411,0.00023968427853851,0.000409714295387152
"AWJ11_02180",558.208943749898,-0.419628411206472,0.114255866000874,-3.67270780830861,0.000239993844772023,0.000410001290891521
"AWJ11_07200",242.326375429871,-0.524217584281413,0.142790959682196,-3.67122390274667,0.000241391751543905,0.000412146152783517
"AWJ11_06635",279.851003311554,0.590034980052218,0.160755761009729,3.67038155488877,0.000242188676901363,0.000413262989948435
"AWJ11_05600",49.068639577827,1.01677102849595,0.277168972177231,3.66841577002273,0.00024405807078094,0.000416207458361839
"AWJ11_04690",66.7904252632704,0.86451602696993,0.235957147339649,3.66386878599401,0.000248434088894655,0.000423420643852257
"AWJ11_08655",13.0496822961989,-2.58259855109664,0.705217008520546,-3.662133102142,0.000250123836232781,0.000426049665719641
"AWJ11_11290",30.3253730514162,1.22212530173681,0.335648583699363,3.64108582931323,0.000271490602226542,0.000462172825202126
"AWJ11_11635",4.93382193253213,-4.81124467885199,1.32452954968524,-3.63241777429225,0.000280778059394025,0.000477702353842626
"AWJ11_10875",384.826201839783,-0.458676072692254,0.126555308521376,-3.62431318015221,0.000289730357584929,0.000492643745505748
"AWJ11_15340",1530.29794630579,-0.307401206377153,0.0848611864083493,-3.62240052711435,0.000291881716366635,0.000496010385886694
"AWJ11_16190",8.29231351704091,-4.56853582538143,1.26261031782234,-3.61832606695382,0.000296514673535888,0.000503587714326797
"AWJ11_06810",82.0915229762026,-0.796541279694522,0.220515548965078,-3.61217738809279,0.0003036367381153,0.000515381067510662
"AWJ11_07055",15.1981306278855,1.72744800448498,0.478601881344945,3.60936317180906,0.00030694962740891,0.000520698840399405
"AWJ11_14720",132.209925676165,-0.697819130307174,0.193465298125398,-3.60694727720561,0.000309820581590096,0.000525261138325565
"rpsU",3896.33957281601,-0.335667911126077,0.0931504125558519,-3.60350428855926,0.000313955564792701,0.000531959838706134
"AWJ11_11335",96.8039718559981,-0.736471246407383,0.204527357149388,-3.60084468245224,0.000317185024905936,0.000537117297880503
"AWJ11_03760",8.26082396277298,-4.51569250807968,1.25427963370974,-3.6002278811813,0.000317938412810332,0.00053807822612462
"AWJ11_06640",137.626846235635,0.603048215531752,0.167846963427289,3.5928455494102,0.000327086478004273,0.000553236859932417
"AWJ11_11115",236.597755688126,-0.506213130428651,0.140959012550148,-3.59120797791173,0.000329148839063252,0.000556399965098746
"AWJ11_12575",11.7493644569469,-2.72718394338563,0.759494802416508,-3.59078684239638,0.000329681181779528,0.000556974512591917
"AWJ11_10800",127.076576756983,-0.748122487521971,0.208500384115274,-3.58811083584553,0.000333082699016322,0.000562392841863031
"AWJ11_09915",602.33465570298,-0.395326273644178,0.11019536392273,-3.58750368047594,0.000333859021782291,0.000563374932383645
"AWJ11_02885",54.5404432029408,-1.04333418125085,0.291093741662572,-3.58418623255822,0.000338130769844968,0.000569918723314699
"AWJ11_13120",60.7983711824848,0.887677964174131,0.247658152109725,3.5842872791074,0.000337999904530037,0.000569918723314699
"AWJ11_02895",12.6461588774094,-2.52430886322923,0.704794850488072,-3.5816221720138,0.000341467388981004,0.000575207580739829
"AWJ11_03105",15.8826011666183,-2.08462181235421,0.582770188298624,-3.57709068550707,0.000347439663481797,0.000584927507921071
"AWJ11_11200",520.582712031206,-0.375549304568979,0.105034889357036,-3.5754719871452,0.00034959660975968,0.00058821662130495
"AWJ11_01515",10.9144839796887,-3.05368160979474,0.854665895930545,-3.57295362355595,0.000352977292793978,0.00059355972419859
"AWJ11_14415",942.552827726885,0.329390690846344,0.0923198509948042,3.56792918637707,0.000359813710136477,0.000604704342122512
"AWJ11_05320",10.6969635743623,-3.02494141231957,0.848444065944946,-3.56528088737419,0.000363466711624335,0.000610489067580282
"AWJ11_09695",41.3129661321477,1.04973139256836,0.294547875092793,3.56387358841973,0.000365421988253954,0.000613417189099155
"AWJ11_04875",8.05075710778674,-4.48337347717243,1.25977365056629,-3.55887224276923,0.000372450637791096,0.000624853417836193
"AWJ11_12470",1141.03629097855,0.311587501896765,0.0876147948865633,3.55633431888054,0.000376065460759309,0.000630552400601066
"AWJ11_16340",78.0378787575024,-0.837174737552885,0.235448947812844,-3.55565291469616,0.000377041569989539,0.000631822989895614
"AWJ11_04250",1723.43484250869,0.288737409357303,0.0812582513742127,3.55333033229575,0.000380386483580237,0.000637059307570143
"AWJ11_13155",20.0479708829607,-1.71627456732263,0.483274355474067,-3.5513462443896,0.000383265853493716,0.000641510341243965
"AWJ11_02250",1287.56875127268,0.303112472014947,0.0854896541208476,3.54560414511057,0.000391714165161621,0.000655272135247244
"AWJ11_11320",1432.94292053423,-0.30188182325642,0.0853437336692748,-3.53724650044345,0.000404322114411175,0.000675972385387603
"AWJ11_06630",13.8255990806348,1.79271766443926,0.506905121138822,3.53659410741739,0.000405322067826558,0.000677252923955
"AWJ11_17015",42.9042131880103,0.980914445572878,0.277449806825899,3.53546631296956,0.00040705614194502,0.000679757919670449
"AWJ11_00850",728.328151288887,-0.360521947368135,0.102018149814549,-3.53390007585415,0.000409475853787053,0.000683404337289349
"AWJ11_05030",18.4939715867381,-1.78416648568324,0.504991445602986,-3.53306278991093,0.000410774898431521,0.000685177265741108
"AWJ11_12755",119.666747861433,-0.663862084426428,0.188156126316098,-3.52825123169869,0.000418314931039089,0.0006973521949465
"AWJ11_06835",3649.26016868482,0.312061483074492,0.0884680455220684,3.52739207962549,0.000419674805141572,0.000699216399585325
"AWJ11_08475",12.3300988213129,1.85275326901443,0.525542557066824,3.52541053831126,0.000422826964361634,0.000704062850899062
"AWJ11_03525",1835.41278369843,-0.293207662571855,0.0832107113752646,-3.52367691281408,0.000425602867081674,0.000708277571785144
"AWJ11_03115",20.2524492149374,-1.69921515002106,0.484653209294246,-3.50604332631051,0.000454821178100134,0.000756466947943556
"AWJ11_14215",6210.77749571722,-0.312720353344477,0.0892106698097138,-3.5054142515857,0.000455897330095837,0.000757821294254654
"AWJ11_01160",220.825729490459,-0.549071562053495,0.156662013954418,-3.50481618481715,0.000456922639956433,0.000758654113616705
"AWJ11_10840",178.08428830806,0.548232437604615,0.156416545885709,3.50495169484947,0.000456690136777918,0.000758654113616705
"AWJ11_09895",152.046266138781,-0.60539414360355,0.17275938210102,-3.50426203336123,0.000457874582731385,0.000759798762858159
"AWJ11_17070",17.2907055688742,1.50543565486248,0.431300632665808,3.49045547547101,0.000482197954538105,0.000799702510276949
"AWJ11_02530",208.631120802945,-0.57558117216412,0.164966787893606,-3.48907304017665,0.000484698688263212,0.000803389463822301
"AWJ11_10990",25.1167807768465,-1.49825428071412,0.429625063129627,-3.48735306501907,0.00048782689527329,0.000808111639908931
"AWJ11_11515",433.138572473369,-0.399026139948753,0.114494606813509,-3.48510860951464,0.000491937320550515,0.000814454579904572
"AWJ11_15580",344.168191435988,0.503791573689081,0.144618536865197,3.48358920377323,0.000494738220133376,0.000818623447150367
"AWJ11_03665",220.64355884041,-0.667796616037219,0.191934375705817,-3.47929657510006,0.000502731885970903,0.000831374901714168
"AWJ11_10310",17.8605016580866,-1.80305635842106,0.51833351507657,-3.47856410202359,0.000504107853759548,0.000833174259725947
"AWJ11_02255",1357.2096424615,0.30358292876326,0.0872848139917594,3.47807270107629,0.000505032928906872,0.000834226767269685
"AWJ11_13595",537.827100628073,0.382360252325049,0.110011014039108,3.47565428484392,0.00050960876589739,0.000841305059045664
"AWJ11_06145",2516.94422589927,-0.272045864191909,0.0782938818128518,-3.47467589922528,0.000511470906646196,0.000843897835709288
"AWJ11_10860",375.514498564728,0.411955984906934,0.118829192520922,3.46679108195069,0.00052671109798104,0.000868548101172153
"AWJ11_07555",29.124835909325,-1.34013879526486,0.387061619045812,-3.46233966201192,0.000535500876682265,0.000882539599725783
"AWJ11_13390",14.3622575226425,-2.11175800315599,0.609966871334681,-3.46208638927423,0.000536005075848393,0.000882867780025754
"AWJ11_05710",171.14040827648,0.533963845944417,0.154257746899718,3.46150424647096,0.000537165645745529,0.000884276097148784
"AWJ11_05300",594.424413700401,-0.414804896079915,0.119917579862163,-3.45908328500878,0.000542017276533112,0.000891755541948167
"AWJ11_04275",9.57531499251304,-3.27889047053637,0.948101304050269,-3.45837565725205,0.000543443061173407,0.000893593306270363
"AWJ11_01970",40.1897359475368,1.01943670903702,0.294933826515784,3.4564930075339,0.000547253405927557,0.000899347732398836
"AWJ11_05500",1243.76040787737,-0.386745817321286,0.111926562960058,-3.45535328784553,0.000549572193525619,0.000902645816153882
"AWJ11_04700",10.9205205659254,-2.66014508236868,0.770139855880916,-3.45410650033934,0.000552119293793303,0.000906314938308463
"AWJ11_04000",905.867924459274,0.314691447669636,0.0912809600556715,3.44750370151352,0.000565792654179688,0.000928233526755112
"AWJ11_05825",30.6797381800446,-1.27729750525673,0.371409234224683,-3.43905694192845,0.000583744436422463,0.000956600452438623
"AWJ11_14760",138.51633165231,0.586584221673002,0.170565366708338,3.43905819213606,0.000583741740568343,0.000956600452438623
"AWJ11_10400",37.252498628465,1.04313698620204,0.304239050857297,3.42867552098471,0.000606534200665704,0.000993384253948245
"AWJ11_02065",481.708345357732,0.380819075973085,0.111274103426705,3.42235133104376,0.000620820380893399,0.00101620711668863
"AWJ11_12405",19.6663251196892,1.44221142188018,0.422316153681509,3.41500416052716,0.000637810373063396,0.00104342748425408
"AWJ11_03205",263.988216335345,-0.481645347900814,0.14112647184257,-3.41286323970533,0.000642841934365063,0.00105106472206355
"AWJ11_00405",16.8420841500261,1.4938882153671,0.438013081670923,3.41060182419266,0.000648196757680297,0.00105922157917944
"AWJ11_05060",713.247218380721,0.322494695661579,0.0946478291817917,3.40731212167749,0.000656060574064629,0.00107146687434709
"AWJ11_03325",267.480574971963,0.474920267740288,0.139814815250749,3.39678071231971,0.000681835832029455,0.00111293451657825
"AWJ11_08235",189.760244108712,0.515167274226926,0.151917274740687,3.39110397488556,0.000696116866648853,0.00113560440365377
"AWJ11_08530",21.2696194422925,-1.53904010212368,0.454192529597638,-3.38851918917972,0.000702711117401713,0.00114571604155524
"AWJ11_07345",727.51384744346,-0.335262816505724,0.0993286932008087,-3.37528669412711,0.000737388298661698,0.00120157755423815
"AWJ11_11525",63.904638252838,0.792429278886837,0.235698875205396,3.36204098639116,0.00077368638756382,0.00126001598514896
"AWJ11_08680",174.240889856351,0.508774262599094,0.151396948374884,3.36053182088773,0.000777925689471673,0.00126620750581047
"AWJ11_12365",819.81326814155,0.314075810373183,0.0935718592575782,3.3565199288027,0.00078930032321522,0.00128399951398811
"AWJ11_06660",185.543545781216,0.496996672217812,0.148164714555048,3.35435244288991,0.000795509683433725,0.00129337360890854
"AWJ11_15140",6.84848297961479,-4.27922598748368,1.27632380649726,-3.35277455901067,0.000800058447417965,0.00130003882472071
"AWJ11_15500",149.404761139124,0.548445944749219,0.163686340297726,3.35059079304761,0.000806393692321133,0.00130959783702433
"AWJ11_08740",102.59103602082,-0.685287742554299,0.204801649273262,-3.34610460895232,0.00081955470400982,0.00133022507762446
"AWJ11_05285",277.092930961738,-0.458106879615397,0.137083660676385,-3.34180512363801,0.000832354766028575,0.001350243661932
"AWJ11_11060",15.5849242465019,1.5457300981023,0.463090069434765,3.33786060234239,0.000844260931055935,0.0013687905515271
"AWJ11_02890",147.377883275034,-0.565506646613812,0.169532221162412,-3.33568830005512,0.000850885078108656,0.00137875779173933
"AWJ11_07960",35.5479447586341,0.998397484936157,0.299418298146031,3.33445714947329,0.00085466067576763,0.00138410072505401
"AWJ11_01595",109.802408233438,-0.685482803514884,0.205598787424004,-3.33407999192729,0.000855820418560901,0.00138520374234634
"AWJ11_09825",1027.49151159361,-0.318831856338715,0.0958283281147716,-3.32711487940034,0.00087750189881282,0.00141950279215445
"AWJ11_11215",61.5145250423135,0.831594505068328,0.250063147977335,3.3255380162762,0.000882480647836351,0.00142675921499352
"AWJ11_05415",224.150575504784,-0.509907689042624,0.153359665022374,-3.32491394636413,0.000884458293933783,0.0014291581812643
"AWJ11_08310",10.4328049644211,-2.59193123016592,0.781978965251804,-3.31457922187369,0.000917811682189912,0.0014822248930009
"AWJ11_05385",30.8674184317898,-1.23389506944715,0.372868382563566,-3.30919736600835,0.000935638557940083,0.00151017177171143
"AWJ11_09560",8.86327720548491,-3.15857293231087,0.956247013645746,-3.30309312054072,0.000956246275961188,0.00154257342398644
"AWJ11_15760",317.161009851944,-0.412372486088361,0.124915721135936,-3.30120566361385,0.000962702860535851,0.00155212372055195
"AWJ11_13435",8.44973952960263,-3.763576046905,1.14061427922256,-3.29960453368185,0.000968211610126996,0.00156013608001533
"AWJ11_09010",50.4796310894886,-0.962969698276234,0.293007156540323,-3.2865057278685,0.00101438710861724,0.00163363177091725
"AWJ11_10365",10.9407467683404,-2.38238136619007,0.725544301956494,-3.28357808029885,0.00102498247202093,0.00164977712682346
"AWJ11_02125",34.8804245689621,1.03331938457695,0.314779970556588,3.28267196527736,0.00102828246479082,0.00165416867876856
"AWJ11_00065",2205.95829108501,-0.325652469293658,0.0993141037376478,-3.27901533657209,0.0010416997449362,0.0016748217010252
"AWJ11_11070",694.188382642781,-0.344360925901282,0.105067412873604,-3.2775236058734,0.00104721973718306,0.00168276175425196
"AWJ11_15765",9.26829313320122,-2.86870233743879,0.875500418178627,-3.27664302366272,0.00105049093010988,0.00168708143825637
"AWJ11_02860",30.3925072473785,-1.22399349819802,0.374111889793548,-3.27173108257392,0.00106891195125697,0.00171571335936643
"AWJ11_06855",33.6757614534553,-1.1923580482489,0.364521737644101,-3.27102042241731,0.00107160171545378,0.00171907725306166
"AWJ11_04165",815.664761608794,-0.349779226798033,0.106945050507132,-3.27064436492747,0.00107302758018837,0.00172041097898346
"AWJ11_04295",8.46172181701069,-3.69016356800235,1.13115594096798,-3.26229429060374,0.00110514348947191,0.00177092207006185
"AWJ11_03475",73.8286771924217,0.734838974824431,0.225730125429134,3.25538726134775,0.00113237843942116,0.00181356015699216
"AWJ11_12595",60.8416515250823,-0.827005811103403,0.254347804343198,-3.2514761164893,0.00114807421009215,0.00183768073230458
"AWJ11_10395",80.227494018261,-0.730608311158907,0.224903191465631,-3.24854576939411,0.00115996545802418,0.00185568824517522
"AWJ11_04005",821.320160733618,-0.323982362789848,0.0998567687247913,-3.24447072469123,0.0011766911226666,0.0018814055850813
"AWJ11_08360",1559.52889760073,-0.293702900012067,0.090829824017604,-3.23355134933591,0.00122261354932577,0.00195375130411308
"AWJ11_03575",109.849967327666,-0.641464996042612,0.198732034605174,-3.22778860145536,0.00124751129248877,0.00199243801350027
"AWJ11_12130",468.970118685026,0.35964191804742,0.111534719493622,3.22448399637554,0.00126199910054394,0.00201446519413909
"AWJ11_05140",8.2206451566007,-3.64748713221855,1.13323044194022,-3.21866321025901,0.00128789654384656,0.00205467067138476
"AWJ11_15510",231.114359977963,0.511199623106487,0.158930771003352,3.21649243805472,0.00129767953414902,0.00206913750513899
"AWJ11_07115",137.186122159263,-0.564076997341841,0.175716962147469,-3.21014539773596,0.00132667846488088,0.00211421116595004
"AWJ11_00680",116.729685813831,0.619469050523353,0.193080459086772,3.20834668331173,0.00133500466602144,0.00212630902777438
"AWJ11_01830",80.0297970483581,0.672602859386643,0.209767555863648,3.20641987087767,0.00134397729455206,0.00213942260199871
"AWJ11_10410",60.5968982862533,-0.844780081494082,0.263537064829414,-3.2055456109785,0.00134806679970897,0.00214475278634292
"AWJ11_15695",23.1476892628455,-1.41041729295114,0.440030184050755,-3.20527396545247,0.00134933980531569,0.00214559856955144
"AWJ11_10285",15.1932952528631,-1.79310007955864,0.560499793761796,-3.19910925840711,0.00137852914713936,0.00219080908941312
"AWJ11_00615",1300.14672747122,0.276178742917732,0.086366103210324,3.19776778911936,0.00138495754679371,0.00219981731087871
"AWJ11_07275",293.065903724767,-0.486757430232389,0.152348518998742,-3.19502567817157,0.0013981839995009,0.00221960751209852
"AWJ11_17115",42.4376467763536,0.96792409631195,0.303390289363847,3.19035951460907,0.00142095906880536,0.002254526066405
"AWJ11_03090",23.4055712357786,-1.44866155589162,0.454624499121767,-3.18650129654278,0.00144004842327319,0.00228356171887815
"AWJ11_16520",22.0563432208111,1.24100667990421,0.389812085107155,3.18360237488036,0.00145454667914614,0.00230528920561277
"AWJ11_12125",154.683077969083,0.513933481795635,0.162126464755877,3.16995428580704,0.00152462922169099,0.00241503939111862
"AWJ11_09465",114.634471243416,0.580551599168191,0.183311781559459,3.16701738551312,0.00154011110672474,0.00243822841513205
"aroK",2314.10359968649,0.293587621313035,0.0927341934482827,3.16590472614362,0.00154601421808553,0.0024462357283431
"AWJ11_02450",782.712733825181,-0.322882689847528,0.1020018548617,-3.16545900351822,0.00154838479827241,0.00244864787224063
"AWJ11_03240",1772.08022272623,0.353632766451104,0.111722822681596,3.16526881404471,0.00154939734141363,0.00244891092629767
"AWJ11_00160",12.8398233255111,-1.96623937300158,0.623031364390651,-3.15592357846164,0.00159990773504349,0.00252736516660254
"AWJ11_08490",37.9575336431116,0.982854316419438,0.311628269230121,3.15393182668435,0.00161086711321448,0.0025432893756916
"AWJ11_11895",18.7926414754264,1.29693728391111,0.411502392255679,3.15171262262136,0.00162315938029694,0.00256129948014141
"AWJ11_15530",55.2221951189478,0.777818553436838,0.247204675021974,3.14645567834709,0.00165262306923681,0.00260637120565195
"AWJ11_10105",3.53064306960666,-4.3253661554536,1.3790507615844,-3.13648074164011,0.00170988666270193,0.002695213508638
"AWJ11_07880",5.9717293332436,-4.01988809432214,1.28319808463783,-3.13271048519116,0.00173200191117083,0.00272858657100075
"AWJ11_06250",3.5050649140766,-4.31671104836356,1.37851142412138,-3.13142928874522,0.00173957671917582,0.00273902884945311
"AWJ11_16630",60.353132009937,0.742521542092421,0.237445530407861,3.12712368523841,0.00176525645951126,0.00277795116575616
"AWJ11_11645",8.11216424583403,-3.01762719931809,0.965485691933748,-3.12550172884919,0.00177502026650547,0.00279179818003633
"AWJ11_15025",437.094515753737,-0.405333168013007,0.129757557449416,-3.12377310409083,0.00178548082321827,0.00280672542226707
"AWJ11_16485",13.8156381369231,1.64139405086062,0.52685948825055,3.1154303708393,0.00183676707088619,0.00288577844904704
"AWJ11_14440",133.04179343413,-0.56076597740736,0.1807881602313,-3.10178485521351,0.0019235770372436,0.00302052737155885
"AWJ11_14260",3011.44709682663,-0.229679205119111,0.0742210568603436,-3.09452889563781,0.00197125731834067,0.00309371945730905
"AWJ11_07245",1538.85241758152,-0.304381908490767,0.0983863434492173,-3.09374144642214,0.00197649653251918,0.00310026068569675
"AWJ11_12045",329.382985380182,0.371683417335967,0.120295043191772,3.08976502667228,0.00200314901723743,0.00314036471066366
"AWJ11_13805",198.99774656537,0.441839204846562,0.143025505722777,3.08923364831842,0.0020067355286118,0.00314428403887522
"AWJ11_13305",10.7898630755533,-2.30690589303405,0.748023637144439,-3.08400133161648,0.00204236681320853,0.00319838179514366
"AWJ11_07140",150.134626636668,0.49305177612049,0.159994370303354,3.0816820315968,0.00205834580489533,0.00322166184930616
"AWJ11_02590",5.68818403223672,-4.0006119629571,1.29953367276144,-3.07849811575565,0.00208046845368778,0.00325452740809321
"AWJ11_03615",8157.30903278919,-0.222313394881676,0.0722395509554999,-3.07744707630619,0.00208781908565725,0.00326426171469049
"AWJ11_04040",40.7815086897984,-0.961984273866035,0.312688550914176,-3.07649343429294,0.00209450915570826,0.00327295329191129
"AWJ11_01955",23.2867783234243,1.24057441189759,0.403356521661059,3.07562750389851,0.00210060093031652,0.00328070107519483
"AWJ11_15050",929.152875624282,0.293293712235708,0.0954216545526899,3.07365988999654,0.00211450344796815,0.00330063267444435
"AWJ11_11155",433.454423959726,0.358178882768249,0.116746933384201,3.06799392828182,0.00215500996574407,0.00336023644443068
"AWJ11_13360",24.1181766705244,-1.27395605389342,0.415228410101261,-3.06808499346839,0.00215435334509799,0.00336023644443068
"AWJ11_15675",2426.55766506112,0.269741267513922,0.0880421866844049,3.06377292150676,0.00218564741971066,0.00340617320013067
"AWJ11_14865",7.4683365928868,-3.50027177761114,1.14532343850354,-3.05614262306947,0.00224204579712711,0.00349218543427656
"AWJ11_06265",25.4277886980237,-1.22853465108139,0.402379372147222,-3.05317502864409,0.00226433825432393,0.00352501070899056
"AWJ11_16530",34.1180066285888,1.02022275925599,0.335022172722289,3.04523951643549,0.00232495075205331,0.00361742337443134
"AWJ11_13300",10.5149398109656,-2.19500566041529,0.721806462303406,-3.04098920562537,0.00235802284287296,0.00366690924625167
"AWJ11_08690",438.933502913559,-0.378150238966653,0.124725665126594,-3.0318558620861,0.0024305523472739,0.00377766836359327
"AWJ11_13830",13.1412612722316,1.63368880057157,0.539209298889355,3.0297860291664,0.00244727050594498,0.00380161075910079
"AWJ11_08945",43.8488634185735,-0.963444066269497,0.31802358247791,-3.02947365966616,0.00244980265144282,0.0038035026144182
"AWJ11_10315",7.67269656780772,-3.44741697642595,1.13803871309825,-3.02926160309655,0.00245152300119853,0.00380413274287858
"AWJ11_05410",1094.08417567493,0.272529380546085,0.0902906251088421,3.01835744538883,0.00254148941385666,0.00394092566303657
"AWJ11_08510",32.7078821537704,0.985871663567983,0.326636978114665,3.01824878878807,0.0025424009028643,0.00394092566303657
"AWJ11_12285",496.245585896715,0.335185004644835,0.111264461414906,3.01250732158697,0.00259099185877723,0.00401409552425124
"AWJ11_01485",20.0485459865883,-1.38499594047018,0.46022993725252,-3.00935647241535,0.00261801743846656,0.00405379479236074
"AWJ11_16420",389.313406913161,0.337644221874025,0.11228754590818,3.00696055954526,0.00263873996481036,0.00408369703644983
"AWJ11_01185",502.762744395302,-0.351837567677473,0.117040264224774,-3.00612417451293,0.00264600918812366,0.00409275819905392
"glmU",734.063139118502,-0.328086597514572,0.109230295966349,-3.00362270935937,0.00266785939611059,0.00412435101086755
"AWJ11_11800",4855.11465210157,-0.285736734905586,0.0952423330319857,-3.00010222145257,0.0026988901422112,0.00417009507290935
"AWJ11_07185",10.2197539984269,1.69031245680953,0.563453388101577,2.99991533018311,0.00270054664616986,0.00417042795838611
"AWJ11_01200",1941.58222543962,-0.267241570723534,0.0892058137969853,-2.99578647790515,0.00273738037787506,0.00422505536723756
"AWJ11_15200",187.873511530714,0.436013306567845,0.145566146224324,2.99529332799626,0.00274181034549924,0.00422963706816354
"AWJ11_14010",261.175473969375,-0.423341293133627,0.141467076204493,-2.99250754657346,0.00276695826083566,0.00426615727589685
"AWJ11_14285",405.283100877666,0.34653944195681,0.115812934454914,2.99223436128129,0.00276943567911116,0.00426770333085607
"AWJ11_04185",1970.64928264865,0.258936250662641,0.0866758432932788,2.98740964984323,0.00281352443323538,0.00432897164578883
"AWJ11_05100",565.192650526887,0.299666610496222,0.100310423624323,2.98739253278918,0.0028136819853935,0.00432897164578883
"AWJ11_15860",297.835524543398,0.383144008816939,0.128243078671714,2.9876388869121,0.00281141522055434,0.00432897164578883
"AWJ11_11585",13.1463532239151,-1.84630876386143,0.618097428254901,-2.9870837176498,0.00281652582670824,0.00433104449654284
"AWJ11_08925",11.3335896812502,-2.03312581542078,0.681981406556449,-2.98120417341978,0.00287117297411717,0.00441273212272708
"AWJ11_04200",13573.0624558415,-0.356502421125204,0.119608848087016,-2.98056896982946,0.00287713441353918,0.00441954723608406
"AWJ11_09180",948.033078147923,-0.31330511300176,0.105178678232872,-2.97878922102523,0.00289389773818707,0.0044429390208559
"AWJ11_09815",2111.58647191048,0.292238128737464,0.0981119836520113,2.97861808373979,0.00289551435730758,0.00444306391837123
"AWJ11_07370",22.8416641397746,-1.28699178225767,0.432225799474452,-2.97759130487476,0.00290523097003933,0.00445561124922831
"AWJ11_12155",168.495289878186,0.482328021068174,0.162014427221134,2.97706833484553,0.00291019137045185,0.00446085478076676
"AWJ11_15110",50.061848587824,-0.855083227981451,0.288279289870935,-2.96616253066351,0.00301541087972721,0.00461969247534704
"AWJ11_03685",1292.41740382226,-0.265688288141305,0.0900580681855694,-2.95018862267665,0.00317579979700338,0.00486283841932686
"AWJ11_00960",387.826256607327,-0.40508077836968,0.137881834291324,-2.93788359033433,0.00330461080967315,0.00505740014975891
"AWJ11_08155",123.655108348465,0.570111611072002,0.194251810442756,2.93491015487862,0.00333644278955285,0.00510341724786783
"AWJ11_08790",12.3331180483696,1.66403441655117,0.567506848633076,2.93218385039624,0.00336587425325834,0.00514571584201249
"AWJ11_05185",168.337507972058,-0.472295391389295,0.161267547222671,-2.92864497242692,0.00340443031353693,0.00520191199967047
"AWJ11_02945",89.776729672721,0.585103957355447,0.200044950046059,2.92486242327403,0.00344608537955193,0.00526278157700437
"AWJ11_01730",6.92628406258962,-3.47926153019334,1.19035979393094,-2.92286546297379,0.00346826338775187,0.00529385772370987
"ubiA",547.727253513146,0.316929460050146,0.108485167075522,2.92140823113187,0.00348452913261416,0.00531588155497383
"AWJ11_07910",378.804749816291,-0.343051509803654,0.117574736171313,-2.91773148700763,0.00352587827558429,0.00537612841387826
"AWJ11_12525",148.750309317067,0.47746770289105,0.163856635357025,2.91393572100819,0.00356903386146457,0.00543906476834042
"AWJ11_17060",50.4703205066536,0.79008863942743,0.271160605618775,2.91372943951238,0.00357139286719186,0.00543979524087013
"AWJ11_08710",34.9850696268582,-0.99156837564657,0.340586885857024,-2.91135218888852,0.00359868131105947,0.00547847644092904
"AWJ11_07640",687.469803233042,0.304450450140895,0.104580191857426,2.91116744704344,0.00360080988280478,0.005478834805908
"AWJ11_08765",510.616895159738,0.347855129560215,0.119497566605675,2.91098086296676,0.00360296084277657,0.00547922684130079
"AWJ11_02805",35.1276794925218,-0.970313850237499,0.333434491287223,-2.91005842404487,0.00361361199183357,0.0054925383951504
"AWJ11_03320",210.033235700683,0.412875644771834,0.141985470640358,2.90787249505005,0.00363896674710265,0.00552817310557221
"AWJ11_13645",5.17239858676375,-3.79709577540012,1.30593645035702,-2.90756550547467,0.00364254046890696,0.00553069890714415
"AWJ11_05200",9602.31332493171,0.243508521725594,0.0839020124740209,2.90229655457898,0.00370437683614336,0.00561869316760947
"AWJ11_08675",1396.223888076,0.249817973576979,0.0860730487585978,2.90239485158268,0.00370321454067042,0.00561869316760947
"AWJ11_01740",11.2567990454752,-2.00850769416369,0.693070129710332,-2.89798623265318,0.00375567075507435,0.00569351030130182
"AWJ11_03130",16.1553205483769,-1.53257426765836,0.528913976754004,-2.89758700850356,0.00376045413830468,0.00569777710798625
"AWJ11_14560",236.757791999291,0.421002068047968,0.145321584685572,2.89703741504662,0.00376704825966985,0.00570478161354502
"AWJ11_06645",506.158334308386,0.3048304346028,0.105338013146952,2.89383125327743,0.00380572628462886,0.00576034093499786
"AWJ11_12585",31.9065450591061,0.930060592421907,0.321620607809243,2.89179415074527,0.00383048830411139,0.0057947899383682
"AWJ11_03255",48.7239672577708,-0.841018478810023,0.291394919642274,-2.88618099396683,0.00389947835062907,0.00589607646119149
"AWJ11_02830",798.207980322512,0.274360949867486,0.0952227757544309,2.8812534364156,0.00396097005507924,0.00598280132536499
"AWJ11_03010",129.014479524414,-0.533295092038389,0.1850880603185,-2.88130466719837,0.00396032623454273,0.00598280132536499
"AWJ11_08990",100.721214237799,-0.594456038299019,0.206474084408529,-2.87908305781771,0.00398833280000013,0.00602098858800229
"AWJ11_12150",94.5373724264265,-0.619383567467811,0.215201080553192,-2.87816197704786,0.00399999698267288,0.00603544904476294
"AWJ11_03120",14.5021484756701,1.36612658094992,0.475146980704972,2.87516628838304,0.00403814762230303,0.00608983805051848
"AWJ11_13985",6832.28448782797,0.19550939180009,0.0683962072888657,2.85848294152294,0.0042567199506673,0.00641611850897456
"AWJ11_07300",6.36896466910694,-3.34460076039651,1.17045873411891,-2.85751275367622,0.00426975475177855,0.00643241553963931
"AWJ11_05430",9.6943562606413,-2.18223673359624,0.764868070820218,-2.85308907097676,0.00432964841124969,0.00651925208228751
"AWJ11_08370",11.2454983108525,-1.86543728312501,0.654744251080002,-2.84910830457536,0.00438419532496188,0.00659795177869978
"AWJ11_15280",10.9627628188677,-1.96215050221287,0.689155312048105,-2.84718185858793,0.00441081569387242,0.00663456373080394
"AWJ11_16700",23.1659815616023,-1.31046739047819,0.460501910316045,-2.84573714271632,0.00443087536470321,0.00666127444439017
"AWJ11_13660",274.13279093185,-0.404762916856296,0.142466804201579,-2.84110336526949,0.00449577378568128,0.00675533195003199
"AWJ11_04975",11.4585213431947,-1.84957279841777,0.652120809394265,-2.83624256698046,0.00456477619708841,0.006855455274714
"AWJ11_07855",84.227098556848,-0.614887193493747,0.217224180308292,-2.83065721606627,0.00464524754386135,0.00697269003731055
"AWJ11_04050",10.5777815662413,-1.96626565742578,0.696114524669137,-2.82462955123705,0.00473353081554263,0.00709784361667376
"AWJ11_06935",38.4274265886998,-0.914863931195366,0.323886439793793,-2.82464413075715,0.00473331545897773,0.00709784361667376
"AWJ11_13270",218.471158967427,-0.442501458578787,0.157173196628739,-2.81537480989222,0.00487203749982321,0.00730174858854913
"AWJ11_01560",32.8567733797127,-0.968372168235349,0.344652552159281,-2.80970549084405,0.00495868525814052,0.00742776145810491
"AWJ11_08695",51.3477648678743,-0.852635730219125,0.303905833884417,-2.80559184837301,0.00502242652188831,0.00751934938145099
"AWJ11_01930",745.499387820226,-0.290429101879598,0.103552121760196,-2.80466587205396,0.00503687636551031,0.00753708386855576
"AWJ11_11620",4.74938854043107,-3.66281745026563,1.31273153511238,-2.79022584000929,0.0052671287247035,0.00787755582909144
"AWJ11_07955",626.906066932349,0.279548669442221,0.10031495026644,2.7867099440286,0.00532461149285625,0.0079594140807469
"AWJ11_05145",38.1376307698456,0.829661521408472,0.297841951358482,2.78557643617468,0.00534326407278201,0.00798317306485861
"AWJ11_12160",1096.55441908185,0.260210593033033,0.0934525207433732,2.78441491961023,0.00536243874739111,0.00800768716973677
"AWJ11_12035",651.993922355175,-0.308953070332604,0.111296773930173,-2.77593913482559,0.00550425116290346,0.00821521550564342
"AWJ11_04500",174.158304619474,0.460550416038181,0.165960332248682,2.77506323226729,0.00551909760581,0.00823312807794543
"AWJ11_09085",1108.7448987488,-0.262018717462374,0.0945269768157906,-2.77189355132961,0.00557312582378527,0.00830944159404152
"AWJ11_04160",99.0531824656534,0.523786567284811,0.18910161336198,2.76986831562444,0.00560789601986059,0.00835697789983344
"AWJ11_13655",1086.33249741448,-0.243731918540218,0.088214051833454,-2.76296024810626,0.00572797420816744,0.0085315272045479
"AWJ11_02115",1564.28056891455,-0.228547656090518,0.0828431997746095,-2.75879802702364,0.00580143785966312,0.008636502657338
"AWJ11_14390",978.860418843734,-0.251222816959881,0.0911901263856409,-2.75493440920858,0.00587039025622592,0.00873465778998344
"AWJ11_05005",514.983385859323,0.297088557135436,0.107906130183489,2.75321296973817,0.00590134928376818,0.00877621008593275
"AWJ11_08030",1394.63779247341,-0.242652437864091,0.0881832284199206,-2.75168467079252,0.00592895803038407,0.00881273987669826
"AWJ11_04265",14.9684578827714,-1.50088626051483,0.54619949452723,-2.74787193242269,0.00599834334289072,0.00891129652686126
"AWJ11_01790",867.530497451257,-0.287839218817064,0.104759025661998,-2.74763169090337,0.00600273973136101,0.00891325232558172
"AWJ11_03960",1314.74291534358,0.236117347346521,0.0859588019999879,2.74686642732124,0.00601676331470555,0.00892949386295275
"AWJ11_05910",299.313352312669,0.361831867441654,0.131881617670724,2.74361107963552,0.00607674852228744,0.00901389555279337
"AWJ11_07735",121.311484158566,-0.5410649679003,0.197536580805848,-2.73906213063439,0.00616147283197038,0.00913488851215281
"AWJ11_04640",1336.92666461724,0.254028419905367,0.0928741311500901,2.73519027052691,0.00623442274639751,0.00923830999901403
"AWJ11_16435",291.05503581376,0.373932112648201,0.136829562428623,2.73283131226311,0.00627924828485292,0.00929997161533488
"AWJ11_10935",1048.57415997198,0.246642108792901,0.090364737717553,2.72940656967117,0.00634484253626954,0.00939231421993046
"AWJ11_03775",278.920549867824,-0.37091216089507,0.1359427012341,-2.72844483394765,0.00636337327395912,0.00941492957813788
"AWJ11_13035",4.376319695069,-3.61192543823528,1.3248767320272,-2.72623509110063,0.0064061352693783,0.00947335486437445
"AWJ11_08630",744.393218996488,0.305154270505599,0.112002185652944,2.72453853223156,0.00643914162262492,0.0095173012542781
"AWJ11_08715",35.3847377681579,-0.90426734446656,0.332027739374467,-2.72346926847191,0.00646002254514781,0.00954329006924848
"AWJ11_08980",11.9515115929471,1.41816815257078,0.52208679087218,2.71634559112601,0.00660069769270067,0.00974613220544681
"AWJ11_08995",7.64371159894958,-2.39914707052591,0.884005025780111,-2.71395184479718,0.00664858300417765,0.0098118302978532
"AWJ11_14035",23.1628525335911,-1.1420936910071,0.42114059100231,-2.71190598913519,0.00668975628407791,0.00986756100210065
"AWJ11_00905",540.121146348978,0.284016466679233,0.104774106018875,2.71075056109824,0.00671311066630042,0.00989696498638482
"AWJ11_11210",697.113029930507,-0.297660479721651,0.109843221714285,-2.70986661785923,0.00673102704633539,0.00991832600412149
"AWJ11_08060",1014.53540149396,0.273018407482021,0.100817022071109,2.70805863804878,0.00676780636244532,0.00996744611344364
"AWJ11_14445",1025.31449213805,0.283389631948124,0.104695664376516,2.70679434182653,0.00679363285659491,0.010000393431834
"AWJ11_08430",473.36131959465,-0.306245509380436,0.113447026662721,-2.69945822635711,0.0069452474437856,0.0102183762594385
"AWJ11_05345",10.3615122027211,-2.02591238860286,0.751940951903758,-2.69424398747491,0.00705485005686779,0.0103743577563899
"AWJ11_16820",167.152087871452,0.450040178136743,0.167430522462719,2.68792196020861,0.00718981977752438,0.0105674649244061
"AWJ11_15145",834.66777697826,0.320138222739343,0.119139603275092,2.68708484784986,0.00720786407773362,0.0105886084471884
"AWJ11_14870",10.375969528345,-1.91162632190479,0.711697335473403,-2.68601022741391,0.00723108753613768,0.0106173350226192
"AWJ11_14020",30.8655240325286,0.873751409136948,0.325428271389822,2.68492778886535,0.00725454781533078,0.0106463800089084
"AWJ11_00325",4.42335558879378,-3.54899845091557,1.32256064475239,-2.68342965216541,0.0072871304328312,0.0106852874744746
"AWJ11_10300",8.43607537437645,-2.14680260731472,0.800039915999218,-2.68336937243118,0.00728844418611361,0.0106852874744746
"AWJ11_06185",14.7193738772489,-1.47049044857019,0.548174991488432,-2.68252012843096,0.00730697544746774,0.0107054174838839
"AWJ11_14525",195.645928303569,-0.424980486578136,0.158432855403836,-2.68240123233837,0.00730957323709555,0.0107054174838839
"AWJ11_02650",3359.79021204102,-0.242702330286113,0.0907405065505443,-2.67468564494869,0.00747993503260615,0.0109493839071129
"AWJ11_13585",47.7765365939813,-0.762409626386679,0.285124908232677,-2.67394957218018,0.00749637228809454,0.0109678975741889
"AWJ11_03660",26.3379591254628,-1.04591280135085,0.391450151207408,-2.67189269981066,0.00754247620315141,0.0110297757109248
"AWJ11_13010",10.9058214298588,-1.7463946851866,0.653827349866393,-2.67103339366802,0.00756181235862194,0.0110468934766907
"AWJ11_13880",58.202365331403,0.655723663637229,0.245494386800018,2.67103322476936,0.00756181616355368,0.0110468934766907
"AWJ11_13480",37.2347362458471,-0.907115240648479,0.339791560876036,-2.66962263073807,0.00759365381917228,0.0110878073424241
"AWJ11_05760",95.1606308912938,-0.540177852008922,0.202589737735055,-2.66636335111585,0.00766767709120822,0.0111902458406236
"rpmB",1547.25090115119,0.287709907178712,0.108172349741595,2.65973613281028,0.00782018908864443,0.0114070701726497
"AWJ11_14395",1168.20908793283,0.270959380625253,0.102211748851332,2.65096120231117,0.00802630607758992,0.0117018286088389
"AWJ11_07570",19.1088689160992,1.10824156869782,0.418108367853186,2.65060844007544,0.00803469299358015,0.0117081578667779
"AWJ11_05225",388.327346596172,-0.31648192364448,0.119618948293217,-2.6457507624018,0.00815098481300777,0.0118716406889001
"AWJ11_16500",103.206396668137,0.523027132813003,0.197901288668308,2.64286875710861,0.0082206893411361,0.0119671403185351
"AWJ11_04925",12.408506376142,-1.57625598335935,0.596485282070325,-2.64257313757746,0.00822786930913585,0.0119715705282248
"AWJ11_06105",190.993949535165,0.421192968748869,0.159411656811121,2.64217170296348,0.0082376282838937,0.0119797468610997
"AWJ11_03220",11.5889315026618,-1.7249107594693,0.653893852941228,-2.6379063692228,0.00834196108749781,0.0121253819122143
"AWJ11_05215",2620.17114932659,0.238105289115004,0.0903669950761022,2.63487005310384,0.0084169499640407,0.0122221039618333
"AWJ11_13610",744.160607653794,0.249087771598228,0.094532938844915,2.63493100544421,0.00841543869382148,0.0122221039618333
"AWJ11_01550",30.5866198203786,-0.939962750937424,0.357171869818402,-2.63168191665075,0.00849633673925312,0.0123311928402199
"AWJ11_08055",56.5615391401874,0.683596101115644,0.260069518023121,2.62851296957789,0.00857590851876436,0.0124404407284732
"AWJ11_00865",30.6100692606996,-0.945774864672335,0.360067262640032,-2.62666163465644,0.00862270295034081,0.0125020552797026
"AWJ11_07135",62.4565894736806,0.637152640774578,0.242602662554795,2.6263217149592,0.00863131953523281,0.0125043349015311
"AWJ11_07515",1797.78422239743,-0.221373465935827,0.0842923291277189,-2.62625873821097,0.00863291677030381,0.0125043349015311
"AWJ11_00415",18.1732486375812,-1.24805461444246,0.476742435880775,-2.61788026513036,0.00884778448604995,0.0128091487256771
"AWJ11_11655",367.011896279018,-0.323324586901264,0.123546149236384,-2.61703492095606,0.00886972666024358,0.0128344944773725
"AWJ11_08185",575.250336701955,0.270503353261217,0.103490058354099,2.6138100370537,0.00895388045675735,0.012949790125865
"AWJ11_03655",30.1225201466122,0.949972081364424,0.364271842707512,2.60786580237329,0.00911086650812686,0.0131702535836759
"AWJ11_03425",197.706866737642,0.43666136476503,0.167490752203564,2.60707745962191,0.00913186997688967,0.0131940248193304
"AWJ11_01975",16.2224829569446,1.19587607000935,0.459457366515605,2.60280094990865,0.00924656210531218,0.0133530692279309
"AWJ11_07740",618.259185367793,-0.289731805329701,0.111435607160802,-2.59999306067062,0.00932256456253318,0.0134561106453721
"AWJ11_14565",15546.2730704298,0.228905436370138,0.0880501947731403,2.59971527558693,0.00933011371689959,0.0134602936673517
"AWJ11_02875",26.5998110227636,0.917545583510142,0.353179505811,2.59795817258195,0.00937799166095732,0.0135226247467915
"AWJ11_08080",18.6726304487351,-1.21575587602002,0.468873817351979,-2.59292763005226,0.00951627930389189,0.0137151953712466
"AWJ11_11995",6492.84529503312,0.196168749498391,0.0757865769581229,2.5884365988292,0.00964126935759116,0.0138884188754947
"AWJ11_12710",6.93192912038889,-2.32905414636645,0.899944766130727,-2.58799676826848,0.0096535886368695,0.0138923349155148
"AWJ11_13265",10.4232916346398,-1.78227011934067,0.688653415981174,-2.58805093822317,0.00965207062525705,0.0138923349155148
"AWJ11_10420",11.2362268376756,1.44859158529969,0.559877872570194,2.58733494619057,0.00967215215404326,0.0139121313786288
"AWJ11_01470",557.821352754119,0.304682683136987,0.117836705972174,2.58563476145485,0.00971998677070536,0.013973989922713
"AWJ11_04105",25.1432072003401,-1.03275341036422,0.400017880466337,-2.58176811786574,0.00982956050973027,0.0141174928611213
"AWJ11_09755",21.0732313266876,-1.14005902758061,0.44156874675357,-2.58183813044372,0.00982756673463617,0.0141174928611213
"AWJ11_15250",1373.29870679136,0.228870427442191,0.0889140668826032,2.57406319907037,0.010051191157961,0.0144286444499698
"ychF",1222.67319023912,-0.232036435025472,0.0903757697601223,-2.56746289012364,0.0102445754287124,0.0146989594896845
"AWJ11_14060",466.873902591004,0.281416840175997,0.109770843051612,2.56367567518527,0.0103570272972097,0.0148529420208746
"AWJ11_17145",106.651639176742,0.494057531930162,0.192902791771802,2.561173570337,0.0104319223413171,0.0149529387101396
"AWJ11_16895",280.905355715415,-0.351917288514799,0.138181356233403,-2.54677836509561,0.0108722460554993,0.0155763762795124
"AWJ11_16450",141.497212899219,-0.432413140018225,0.170231064135638,-2.54015412647415,0.0110803627793072,0.015866684751764
"AWJ11_09230",10.0067604927762,-1.70543286899135,0.672240226117967,-2.53693962772778,0.0111826236987958,0.016005199299859
"AWJ11_06980",31.2866460993311,0.860855192531672,0.339543252717978,2.53533293811817,0.0112340498492588,0.0160708552959738
"AWJ11_04285",8.46036976710792,-1.95039329775555,0.771596983227905,-2.52773577418131,0.0114800713286377,0.0164146869689118
"AWJ11_00420",198.457160171855,-0.387181611494367,0.153392560580032,-2.52412248697261,0.0115987507368488,0.0165761899419459
"AWJ11_11555",167.107632385578,0.392115506379624,0.155405185735515,2.52318160763933,0.0116298322719553,0.0166124060192689
"AWJ11_03100",18.2830408425774,-1.20700003454173,0.478837880038042,-2.52068619643424,0.0117126252739834,0.0167224161533834
"AWJ11_16425",68.7900127048718,0.618093870040691,0.245471560641943,2.51798566165583,0.011802812573082,0.0168428696185894
"AWJ11_03215",16.2785464493046,-1.34752755804499,0.535285127758299,-2.51740145235913,0.0118224037166072,0.0168625117574476
"AWJ11_09370",17.4052918168739,-1.23130908565885,0.490196310066903,-2.51186934779414,0.0120093541336839,0.0171207245629957
"AWJ11_12255",63.3411151843757,0.61378730398495,0.244573440843394,2.50962370185555,0.0120859876237129,0.0172214909813024
"AWJ11_08275",42.6799756349656,0.744469501992487,0.29782671661182,2.49967333509173,0.0124307870900782,0.0177040835820307
"AWJ11_11075",326.533751408405,-0.302881653990074,0.121286062608223,-2.49725028149722,0.0125160584009382,0.0178167599667069
"AWJ11_06220",48.534033480521,-0.709200046026366,0.284034897048524,-2.49687645213964,0.0125292600978997,0.0178267840330982
"AWJ11_07500",59.3465775423197,-0.639729309480631,0.25626677691842,-2.4963411846565,0.0125481844110274,0.0178449364547977
"AWJ11_15080",16.1165187016649,1.11775320597704,0.450225174802425,2.48265372203487,0.0130407787484,0.0185363525038653
"AWJ11_05945",8.4701818045818,-1.87994472496255,0.75862648416548,-2.47809002744028,0.013208781203429,0.0187659365747293
"AWJ11_05235",1150.35591332119,0.30667143232504,0.123928774593854,2.47457810609424,0.0133393649345001,0.0189421600198446
"AWJ11_15630",25.9224358464557,-0.958779003763387,0.387513529722988,-2.47418200971916,0.0133541643531327,0.0189538752515773
"pabB",456.874095486297,-0.284041659954941,0.114897130403733,-2.47213885113456,0.0134307339810089,0.0190532079122744
"AWJ11_07725",15.1393603209512,-1.28484401856081,0.521084261970575,-2.46571257727481,0.0136741009538423,0.0193812039038651
"AWJ11_09565",6.34625108602428,-2.43117837346904,0.986007153091518,-2.46568025987068,0.0136753346135773,0.0193812039038651
"AWJ11_03000",56.3362192853761,-0.649199514351987,0.263809071453298,-2.46086880475949,0.0138601038471034,0.0196334510687798
"AWJ11_07755",13.4505586179438,1.2033569302694,0.489466685989475,2.45850629821062,0.013951632935497,0.019753437238419
"AWJ11_04575",214.785797376883,0.353517219877521,0.143851803354502,2.45750982353923,0.0139903984389173,0.0197986372040228
"AWJ11_06195",725.037572345871,0.23943422994384,0.0975330491786057,2.45490356305154,0.0140922387614504,0.0199330102520222
"AWJ11_16210",6.45088924975337,-2.31101614266968,0.941610075820451,-2.45432393090742,0.0141149767734701,0.0199554190436846
"AWJ11_09970",1500.92870985481,-0.230392063103498,0.0939246946178121,-2.45294450028273,0.0141692198149002,0.0200223252657819
"AWJ11_02480",5721.50990296102,0.225771152036858,0.0921328728390476,2.4504950847595,0.0142659910355387,0.0201492328242309
"AWJ11_00050",1833.74242217616,0.202293733330327,0.0826072097900934,2.44886292424547,0.0143307975075292,0.020230891700873
"AWJ11_11160",93.446111765727,0.477100273803967,0.194857998851222,2.44845105983174,0.0143471919491635,0.0202441606537686
"AWJ11_09740",8.28006511008198,-1.90587792656377,0.779112484741046,-2.44621664251373,0.0144364225429964,0.020360139785298
"AWJ11_10580",6.51849481309616,-2.21869401087112,0.907381616369505,-2.44516085717966,0.0144787549243416,0.0204098961281269
"AWJ11_09170",6.70860339964553,-2.17825315191777,0.891075033192345,-2.44452270659409,0.0145043950195576,0.0204360852904574
"AWJ11_16770",44.4065841342009,0.706587905583318,0.289815005679207,2.438065289019,0.0147661068026263,0.0207947022320197
"AWJ11_08590",71.9848251982614,-0.564163453628809,0.231497346322141,-2.43701909586361,0.0148088973058776,0.020844819456814
"AWJ11_16045",92.375706818417,0.531699108259145,0.218607876731576,2.4322047137945,0.0150072226479211,0.0211137104244451
"AWJ11_14605",1512.53546812583,-0.241918983457499,0.0995009368039224,-2.43132367622053,0.0150437686036777,0.0211548427303417
"AWJ11_06080",84.7938708322902,0.574683375582267,0.236727882425138,2.42761169362465,0.0151986061147048,0.0213621982010469
"prpB",225.262176188576,-0.355043338726018,0.146585597707816,-2.42208882917484,0.0154315779064878,0.0216791196414446
"AWJ11_15930",9.48674762523614,1.42355425572578,0.587825204294698,2.42173055072354,0.0154467992082922,0.0216899742400764
"AWJ11_13995",49.3142351650134,-0.710375108006205,0.293558812301763,-2.4198732187129,0.0155259191378909,0.0217904995077867
"AWJ11_04530",21.5317955410435,-1.02220549526763,0.423496584084491,-2.41372784027861,0.0157902520843494,0.0221507462588983
"rpsR",951.897582275845,-0.278644490557966,0.115521061409137,-2.4120665717492,0.0158623849303532,0.0222411540641677
"AWJ11_01425",336.535462574469,0.292375616249343,0.121364578971327,2.40906876394651,0.0159932842893802,0.0224138328007101
"AWJ11_00355",496.987544809546,0.260958134734791,0.10834566278444,2.40857020048862,0.0160151459386562,0.0224286053316986
"AWJ11_02290",692.256776241805,0.271399736224664,0.112685305404468,2.40847495820783,0.0160193252317281,0.0224286053316986
"AWJ11_10050",197.774458282496,-0.378458141101733,0.157232040586145,-2.40700393946983,0.0160839963632348,0.0225082618352038
"AWJ11_09410",8.93256953140935,-1.71624054655252,0.714848661798544,-2.40084459588201,0.0163572815115699,0.0228796388083535
"AWJ11_13070",11.2524858849785,-1.50143324244756,0.626543892990164,-2.39637359687924,0.0165582035493364,0.0231494884404731
"AWJ11_04845",18.3557099746549,-1.12591076379169,0.470058717089412,-2.39525557735274,0.0166087837012885,0.0232089908409121
"AWJ11_07950",79.5637894941483,-0.538966798748412,0.225083331003674,-2.39452115954163,0.0166420831784739,0.0232442995745673
"AWJ11_08000",11.8279513574579,1.28761148262738,0.53800988739733,2.39328590940273,0.0166982232953117,0.0233114607894994
"AWJ11_16235",385.630213242717,-0.291043244490362,0.121656686213919,-2.39233250179604,0.0167416677579033,0.0233608420884147
"AWJ11_00035",376.826782055079,0.276374986855346,0.115610029825466,2.39057966919119,0.016821799057699,0.023461342878545
"AWJ11_09510",3.49917143992409,-3.26720504698703,1.36681612831946,-2.39037642247034,0.0168311122938132,0.023463024556019
"AWJ11_16640",55.4139281368135,0.597819435938233,0.250574741101543,2.38579289081644,0.0170423456939524,0.0237460512461716
"AWJ11_17125",91.8330243465566,0.470739501243613,0.197361742866492,2.38516084427796,0.0170716554904297,0.023775443209482
"AWJ11_10245",10.2347649431874,-1.5509243574535,0.651382955095048,-2.3809716624028,0.0172670401877969,0.0240359857159616
"AWJ11_15320",8.22033369054679,-1.80918166522783,0.762429567833143,-2.37291645229552,0.0176482553981096,0.0245548322702544
"AWJ11_12260",2484.24121213157,-0.198655998521531,0.0839844809623451,-2.36538937009803,0.0180111235440587,0.0250476653226842
"AWJ11_09220",241.108503110992,0.344529332496752,0.145992239942403,2.35991538065775,0.0182791040410177,0.0254081302087921
"AWJ11_13065",140.376658222009,-0.426661581021662,0.181156386525481,-2.35521136850259,0.0185121723054072,0.0257197439519196
"AWJ11_11120",12.75559366397,1.16543646985926,0.495029739963357,2.35427566421672,0.0185588422228916,0.0257722118008868
"AWJ11_02865",3.5565994082202,-3.19850469180676,1.36017412759891,-2.35154060565246,0.018695848924712,0.0259500176441806
"secY",15006.5465760178,-0.185216121458644,0.0788322970071344,-2.34949542878196,0.0187988749382862,0.0260805101013424
"AWJ11_11425",159.994099663113,0.376481679714774,0.16039678863006,2.34718963471952,0.0189156248004594,0.0262173458680697
"AWJ11_15625",59.2780413457865,0.596907976608858,0.254290087118806,2.34735055295325,0.0189074564533482,0.0262173458680697
"AWJ11_04715",25.1555650864884,-0.928967128424739,0.396250704150658,-2.34439237254084,0.0190581100986083,0.0264021879489576
"AWJ11_15310",14.4805293006376,-1.24050135360426,0.52981580863104,-2.34138229436663,0.0192124830045248,0.0266033137871267
"AWJ11_13615",351.446266478117,-0.306677551011551,0.131869801259456,-2.32560865400986,0.0200394374914521,0.0277351181732484
"AWJ11_01445",6.37429639635225,-2.09252087502668,0.900254154150566,-2.32436680839433,0.0201058429265478,0.0278137234366296
"AWJ11_08860",9.16970288506797,-1.61305528139077,0.695174654629742,-2.32035974074731,0.0203214248494084,0.0280985205514515
"AWJ11_08670",1047.81537189453,0.222796823939855,0.0963190365991629,2.31311308549561,0.0207164224522467,0.0286310060061136
"AWJ11_03570",293.981792760801,-0.294056603970538,0.127226756369911,-2.31127957955298,0.020817417203199,0.0287568522129155
"AWJ11_04055",9.34087053089609,-1.57697011996726,0.682764666652416,-2.30968325836063,0.0209056963503327,0.0288650215829498
"AWJ11_10895",28.0708221197454,0.773770733130455,0.336652713042645,2.29842417171442,0.0215376590847571,0.0297234074350439
"AWJ11_02140",916.202208747151,-0.221161044021499,0.0962696918189404,-2.29730707393816,0.0216012585453817,0.0297969696045446
"AWJ11_12495",988.99302890861,0.223338987741963,0.0973290730599744,2.29467907913128,0.0217515226098808,0.0299899506588828
"AWJ11_01350",6.6829305588706,-2.05991938860112,0.900851917588183,-2.28663484906162,0.0222171453737967,0.0306173422436988
"AWJ11_10190",32.6353499865238,-0.790087484977872,0.346009905505228,-2.28342446966719,0.0224053772503265,0.0308620437283301
"AWJ11_17020",1131.89547268592,-0.214504815198802,0.0939474175735337,-2.28324333695396,0.0224160386720628,0.0308620437283301
"AWJ11_13355",4.48606944183919,-2.81124439734491,1.23446355218319,-2.27730044550375,0.022768290362076,0.0313321123670223
"AWJ11_05665",13.9124995089788,1.08357169322815,0.476666404860033,2.27322857700939,0.0230124090413185,0.0316529998885817
"AWJ11_04450",10.1113026143517,-1.4707795006851,0.647999284789337,-2.26972395681462,0.0232243369139063,0.0319293259044394
"AWJ11_00920",126.968543260696,-0.414651144867269,0.182756553196556,-2.26887155406848,0.0232761380324962,0.031981573836503
"AWJ11_16470",49.8172843505033,-0.74543600738164,0.328568999200038,-2.26873505777034,0.0232844423198037,0.031981573836503
"AWJ11_04645",515.424413801603,0.267809805550081,0.118139692135834,2.26689100596402,0.023396884794954,0.0321207706814976
"AWJ11_00070",1715.19661064116,-0.215795094786622,0.0954701945452582,-2.26033995022732,0.0238001603155085,0.0326589207933056
"AWJ11_11005",37.3628656676812,-0.74427434319,0.329386988329045,-2.25957420772948,0.0238476898690232,0.032708632455428
"AWJ11_03650",39.3518244838316,0.672743095285969,0.298071656533765,2.25698445504415,0.0240090461242184,0.0329143436681611
"sspA",2061.6121427872,-0.189023690761291,0.0840145697526307,-2.24989179041023,0.0244558152157646,0.0335109513420563
"AWJ11_04315",23.1134368247594,0.96293279321105,0.428255738212984,2.24849945322193,0.0245443599191205,0.0336163642242947
"AWJ11_01690",17.4687371368408,-1.08503321593365,0.483301812091017,-2.2450427223503,0.0247653900627894,0.0339030458097032
"AWJ11_14575",2250.09570266509,0.185417310738318,0.0827245174847474,2.24138280132616,0.0250012895938036,0.0342098024040037
"AWJ11_02980",966.137966397284,-0.233553402250256,0.104292112632782,-2.23941577511819,0.0251288758879043,0.0343681317672945
"AWJ11_14050",8.99310502657013,-1.5747229855029,0.704326985264261,-2.23578397313865,0.0253659252665819,0.0346759507423183
"AWJ11_10210",1084.12121057805,-0.223381467709333,0.100021361352133,-2.233337605983,0.0255266893695387,0.0348792441149409
"AWJ11_10200",56.7929767230992,0.570822894331963,0.25564611036975,2.23286360002255,0.0255579406212308,0.0349054649163954
"AWJ11_03715",452.369130895971,0.282818094486918,0.126717936324625,2.23187105700961,0.0256234862954365,0.0349784761032988
"AWJ11_16195",21.1069047249171,0.895100712079852,0.401120337216013,2.23150169421058,0.0256479154184494,0.0349953169358758
"AWJ11_01255",58.8204738227962,-0.567472505771428,0.254478559507752,-2.22994230582377,0.0257512733154189,0.0351195919727203
"AWJ11_13605",20.1154834960846,-1.03912276246783,0.466024130765705,-2.22976170946446,0.0257632666752195,0.0351195919727203
"AWJ11_09325",614.734446267344,0.25424675515106,0.114359132645554,2.22323088037993,0.0262002355571102,0.0356984377129363
"AWJ11_13410",26.3228123604908,-0.88095266892695,0.396867028401284,-2.21976784636338,0.0264345306192044,0.0360007207585777
"AWJ11_15260",644.101564494166,0.216578579024199,0.0976059430163238,2.21890770511769,0.0264930042152018,0.0360633839128852
"AWJ11_01870",7.7097036432496,-1.69335508077999,0.764863752120425,-2.21393035829651,0.0268335699924002,0.0364816535103692
"AWJ11_02960",111.366571997653,-0.425040657902478,0.191978190056231,-2.21400492304872,0.0268284402769167,0.0364816535103692
"AWJ11_03405",2860.01037131329,0.204805548136432,0.0925104207592911,2.21386462687624,0.0268380927171997,0.0364816535103692
"AWJ11_07180",19.6360130566102,0.889989323865999,0.402297819385454,2.2122648470368,0.0269483705127537,0.0366143588093471
"AWJ11_16455",23.3443570510918,0.833218496842699,0.37685929138365,2.21095383845655,0.0270390338460748,0.0367203021823277
"AWJ11_08785",5.88193786650867,-2.05572307011294,0.930681987053399,-2.20883513241886,0.0271861104221908,0.0369027221209288
"AWJ11_05130",25.7491572796158,-0.844506203570168,0.382612920213385,-2.20720775215637,0.0272995484333046,0.0370393310670341
"AWJ11_02690",26.3602059508169,-0.873153649339824,0.396048146714057,-2.20466540895149,0.0274775821667732,0.0372634127416315
"AWJ11_10980",3074.92430139164,-0.175372453404442,0.0795633917166266,-2.20418523671099,0.0275113196019308,0.037291690364397
"AWJ11_02060",267.388306470843,-0.311820622116617,0.141579376244311,-2.20244381906681,0.0276339734909567,0.0374404116492644
"AWJ11_05465",52.4133496991817,-0.642254798877993,0.291956820672281,-2.19982803415618,0.0278190981717537,0.0376735938741484
"AWJ11_04740",12.6749403280346,-1.26541364582436,0.575758812492813,-2.19781897969674,0.027962008356919,0.0378494163633881
"AWJ11_09960",280.522611913714,-0.299500367562378,0.136371690025722,-2.19620632043122,0.0280771791959581,0.0379875439892953
"AWJ11_03565",244.709977942396,-0.295583201192465,0.134666807766136,-2.19492246155993,0.0281691602827093,0.0380941821767106
"AWJ11_10120",1343.27946733582,0.221949909585764,0.101149596816458,2.19427379417542,0.0282157322278191,0.038139340993605
"AWJ11_06225",17.9743654492677,-1.04416753218119,0.476675858005873,-2.19051901757594,0.0284866171126739,0.0384875209729591
"AWJ11_10370",16.0990858828594,-1.07630939501978,0.492422172211262,-2.18574519133963,0.0288342526412416,0.0389358225922381
"AWJ11_11205",203.564923470332,-0.329820947024927,0.150906790927239,-2.18559380262717,0.0288453364332268,0.0389358225922381
"AWJ11_01540",173.150255097145,-0.346764348069721,0.159246193658155,-2.17753617906938,0.0294405854658853,0.0397207712532737
"AWJ11_01960",15.9876861295239,0.9644369940337,0.443519486301346,2.17450872807519,0.0296669506384209,0.040007528027768
"AWJ11_05170",18.889547510758,-0.992407287933958,0.456905132235946,-2.17202044345056,0.0298541209527665,0.040241185858084
"AWJ11_15885",1035.15838972863,-0.209260657694788,0.0965519012009816,-2.16733855151327,0.0302090489839944,0.0407006460706144
"AWJ11_11835",2112.65262024965,0.179635847419974,0.0829781301477902,2.16485774143175,0.0303985812796502,0.0409369447293196
"AWJ11_04230",33.3351204494174,0.676006269454526,0.312982370219176,2.15988609512137,0.030781488452166,0.0414333151537528
"AWJ11_14300",4.34850823990408,-2.6205161968837,1.21389283779473,-2.15877062232641,0.0308679667060562,0.0415304024394824
"AWJ11_01440",58.2596006962022,0.530819542738917,0.24691732893153,2.14978650966256,0.0315721057617207,0.0424580269862545
"AWJ11_06755",2093.27552415404,-0.196133919137558,0.0913725983762483,-2.14652885682347,0.031830809038812,0.0427860480066521
"AWJ11_08810",26.0178503850764,0.797577498477171,0.371756196419167,2.14543161932364,0.0319183532707354,0.0428838042551106
"AWJ11_14065",220.582894833056,0.31456839935333,0.146895565971034,2.14144244091996,0.0322383754982567,0.0432936699266612
"AWJ11_08345",96.206358543661,-0.433238257866692,0.202531787052809,-2.1391124038901,0.0324265660784934,0.0435261976953432
"AWJ11_16430",5.18876276064713,-2.17399988143905,1.01641946675082,-2.13888060250229,0.0324453393954901,0.043531206402665
"AWJ11_03420",320.718601479592,-0.327692270847951,0.153310346941991,-2.13744393241731,0.032561901391645,0.0436673506151162
"AWJ11_13170",511.780287609393,-0.242488196707041,0.113485614031083,-2.1367307105606,0.0326199006454267,0.0437248691375011
"AWJ11_04820",6.43511783262251,-1.90371467948157,0.893422113506075,-2.1308121331481,0.0331046223832503,0.0443540635079289
"AWJ11_12760",1999.0889808518,0.175514308547476,0.0824732934830482,2.12813507421711,0.0333258860041867,0.0446298538158799
"AWJ11_16330",46.1776321466043,-0.610320890502155,0.287205371421459,-2.12503299461813,0.033583859857459,0.0449545284123434
"AWJ11_17110",20.37308503486,0.855028735990706,0.403657624367616,2.11820286394992,0.0341578907519168,0.0457017733869844
"AWJ11_04305",4.7334479578054,-2.26648296828279,1.0710947691983,-2.1160433543889,0.0343411204623808,0.0459256943706701
"AWJ11_12730",13.833738318358,-1.18012696341379,0.557769905464211,-2.11579533397667,0.0343622181273815,0.0459326832612666
"AWJ11_12535",21.2782853513747,0.819367043275911,0.387327751890787,2.11543593061967,0.0343928101485593,0.0459523511403189
"AWJ11_17130",20.772957614517,0.819779530887908,0.388798440116535,2.10849490713542,0.034988202824383,0.04672628471332
"AWJ11_00700",945.676013809748,0.200299241295206,0.0950328629775768,2.1076839634145,0.0350583353633209,0.0467983498807429
"AWJ11_16655",94.5587981385949,-0.440324795403502,0.209299192301852,-2.1038055166905,0.0353954153893863,0.0472265247288538
"AWJ11_09455",141.580132605273,0.343802563707911,0.16351276590452,2.1026038047003,0.0355004170755295,0.0473447958601762
"AWJ11_03110",37.2966519710054,-0.686702962872293,0.326736770388025,-2.10170089536229,0.0355794851085725,0.0474283877955822
"AWJ11_16560",59.4361727811354,0.530448942475566,0.252513598433137,2.10067475877353,0.0356695265296982,0.0475265238383732
"AWJ11_09205",443.648903128163,0.228713044787779,0.109088385923168,2.09658473587521,0.0360303516680216,0.0479851991381751
"AWJ11_15505",90.3394024599194,0.426801217979261,0.203824634087263,2.09396288083872,0.0362632869901966,0.0482732072445395
"AWJ11_00645",1373.13776423149,0.202406936246438,0.0967974597623006,2.09103561956559,0.036524871091627,0.048599069857089
"AWJ11_07510",1249.09956191032,0.199231898667112,0.0953883905754223,2.08863885285476,0.0367402449772386,0.0488631750754267
"AWJ11_00770",19.5244358554801,-0.935625475033343,0.449354323921786,-2.08215527307621,0.0373282891857823,0.0496224478197768
"AWJ11_17140",32.7250761482036,0.660360243639894,0.317231099234946,2.08163778782238,0.0373755670941349,0.049662484467597
"AWJ11_05390",98.6010862002981,-0.451632009448293,0.217390173039666,-2.07751805490254,0.037753770608266,0.0501419973108406
"AWJ11_10150",37.0037760431253,-0.652301648354029,0.315073234532224,-2.07031755433772,0.0384226167652952,0.0510069050086075
"AWJ11_05470",16.3342771770673,-1.00780523008077,0.487791905962396,-2.06605566382331,0.038823223937333,0.0515150894427519
"AWJ11_10795",147.858866828226,-0.356830742802626,0.173382367224781,-2.0580567015792,0.0395846907270458,0.0525014184069984
"AWJ11_15940",142.892559295348,0.354991316933061,0.173464016323716,2.04648390171355,0.0407087847298497,0.0539675781072767
"AWJ11_12620",132.314440790344,-0.361987951182721,0.177085918575138,-2.04413741135001,0.0409399741939566,0.0542492148888784
"AWJ11_13800",17.5744976244779,0.896486460169535,0.438698380752508,2.04351440420586,0.0410015429487293,0.0543059337728249
"AWJ11_04360",5.81065872162312,-1.92106552903425,0.940554471103929,-2.04248194873764,0.0411037482152181,0.054416398597823
"AWJ11_11680",217.109016896396,0.282439419425096,0.138307604136554,2.0421105635395,0.0411405652802193,0.0544402359035001
"AWJ11_07800",50.2484510462643,-0.57831435388787,0.283307560480852,-2.04129516666025,0.0412214972079993,0.0545224007860832
"AWJ11_09580",119.122399711499,0.393120794146226,0.192768865412351,2.0393375937826,0.0414163460997007,0.0547550962140402
"AWJ11_08780",4.73520458893236,-2.13347510433953,1.0480647670047,-2.03563288406008,0.0417872331565437,0.0552202067374601
"AWJ11_03355",11.7640073255414,1.05793043270901,0.519873931542808,2.03497495935108,0.0418533926356837,0.0552823908204786
"AWJ11_15185",33.481796771658,-0.711359161572303,0.351186955014113,-2.02558537957002,0.0428072910218275,0.0565165603180514
"AWJ11_11145",115.242798106211,-0.38987407148214,0.193193340443501,-2.01805129818208,0.04358591905833,0.0575183081417269
"AWJ11_03530",658.935276211715,0.229680345033116,0.114136878902026,2.01232368751096,0.0441858270238378,0.0582834017351807
"AWJ11_16085",3.99635561169929,-2.47146314559789,1.22937464338465,-2.01034172853411,0.0443950332579368,0.0585326771063641
"AWJ11_03845",31.344348537391,0.667836051536733,0.332663446975275,2.00754263087513,0.0446919161259743,0.0588972701587294
"AWJ11_15155",90.2533993288803,0.397881879269491,0.198278980299438,2.00667705002626,0.0447840612315683,0.0589918403296124
"AWJ11_08965",70.9345153011014,0.440854291676708,0.219901197863926,2.00478349349196,0.0449861979396935,0.0592311450579949
"AWJ11_10705",10.2538284870642,-1.30283552263712,0.650054266943595,-2.00419501707565,0.0450491741446084,0.0592870895745778
"AWJ11_03035",3860.83550828603,0.158587752421498,0.0796515654454065,1.99101865148144,0.0464788367658064,0.0611407970910198
"AWJ11_06160",1077.6840338208,-0.224609426968839,0.112825042266835,-1.99077636007111,0.0465054794178514,0.0611480497207005
"AWJ11_09135",73.1559280307598,0.444754019459466,0.223591023732337,1.98914076260899,0.0466856681612939,0.0613570952128904
"AWJ11_11920",485.675099680356,0.233473662921937,0.117504190458567,1.98693903605304,0.0469291530915928,0.0616491007930411
"AWJ11_05315",2329.02154806604,-0.175213162670619,0.0882381314294922,-1.98568532483742,0.0470682755032884,0.0618038064004159
"AWJ11_15400",45.8734622342292,-0.562586328033508,0.283654621752887,-1.98334976725188,0.047328373977472,0.0621171493382331
"AWJ11_07610",90.3088269589219,0.46399521605452,0.234013581715146,1.98277045568799,0.0473930755447668,0.0621738715442226
"AWJ11_15680",61.2857686192509,-0.490782424595504,0.248063020855555,-1.97845863080609,0.0478769911039769,0.0627802502287763
"AWJ11_01710",1456.25639511114,-0.166988987847324,0.0844130448529896,-1.97823675402476,0.0479020042379544,0.0627846015691304
"AWJ11_14825",4.40741500616811,-2.15230766252386,1.08871945995918,-1.97691668210336,0.0480510488276367,0.0629514419679406
"AWJ11_04350",7.82455957984182,-1.54367591204746,0.783632244992089,-1.96989840822979,0.0488500149123236,0.0639692050480835
"AWJ11_12410",17.4827320971431,0.849171997361095,0.431535068190792,1.96779372049934,0.0490917770049288,0.0642567176174871
"AWJ11_07255",165.406573734008,-0.323048577514301,0.164672859214247,-1.96175969164414,0.0497904686000082,0.0651417794432295
"AWJ11_07920",14.3492553543623,0.925925408465126,0.472221676718063,1.96078548299667,0.0499040522053675,0.065249842674291
"AWJ11_08930",34.5041512855285,-0.652516829129039,0.332803898475485,-1.9606646199702,0.0499181588392813,0.065249842674291
"AWJ11_15240",517.465528743061,0.219655069826207,0.112072759006102,1.95993274167765,0.0500036520943648,0.0653320854000414
"AWJ11_09475",39.9642944510108,-0.61943083670739,0.316727327571131,-1.95572273935939,0.0504978245151215,0.0659479711853617
"AWJ11_03930",87.1773090196705,0.393178704781424,0.201241935732672,1.95376129408593,0.0507294537084753,0.0662205859415099
"AWJ11_13460",9.38467666020557,-1.30918641342363,0.6717959110774,-1.94878592119443,0.0513209957736373,0.0669625616631679
"AWJ11_13500",17.8677428764611,-0.903763660909091,0.46388804038739,-1.94823660501004,0.0513866587220218,0.0670180217852777
"AWJ11_00135",32.3220049625685,-0.69228923316901,0.355550872464621,-1.94708911377484,0.0515240519095735,0.0671669397415791
"AWJ11_07915",146.462531503842,-0.326822086595741,0.167952870664048,-1.9459154541602,0.0516648962424865,0.067320220497864
"AWJ11_13420",4.51627410001827,-2.05909143298279,1.06114858993043,-1.9404364784745,0.0523266669583248,0.0681518335631826
"AWJ11_03620",3076.03735481122,-0.187647737154651,0.0967994408131178,-1.93852087964977,0.0525597059652531,0.0684245564837798
"AWJ11_07110",12.1921231869553,-1.16722733149803,0.602243394830023,-1.93813222613669,0.0526070926836436,0.0684518362648883
"AWJ11_09515",6.11774241479938,-1.65459701309397,0.853782359099043,-1.93796111557047,0.0526279667205862,0.0684518362648883
"AWJ11_11605",3.56227990174321,-2.4545776746626,1.26987436749607,-1.93292953814204,0.0532448785152754,0.0692231259762835
"AWJ11_14930",16.9994156559456,-0.912434217164705,0.472241295331537,-1.93213559717206,0.0533427716841003,0.0693192551655978
"AWJ11_10415",17.0472567585862,-0.907391209369642,0.469745855107855,-1.93166411050355,0.0534009772495863,0.069363746930118
"AWJ11_08645",96.7831562675709,0.408405444209581,0.211796257578774,1.92829395985753,0.0538185726921784,0.0698748090494231
"AWJ11_10340",19.4180536058194,-0.911155813191005,0.473300006044051,-1.92511261685089,0.054215270866828,0.0703582932235876
"AWJ11_05735",419.441670315381,-0.223951306151096,0.117213635493736,-1.91062503272552,0.0560527850484762,0.0727103361408742
"AWJ11_15460",1830.1838270601,-0.486995541750603,0.254975426424092,-1.90997049629638,0.0561370121856368,0.0727869683087961
"AWJ11_13370",19.7264224990182,-0.873316457745101,0.457362886634404,-1.90946070017087,0.0562026868178094,0.0728394875283209
"AWJ11_06890",1214.69356630493,-0.185820727754094,0.097328072576338,-1.90922025717039,0.0562336841511407,0.0728470375709048
"AWJ11_10240",9.59248094073763,-1.25497877842815,0.657907625150286,-1.90753037425501,0.0564519415977085,0.0730970554737219
"AWJ11_09350",1751.6635522948,0.156540933623268,0.0821250315015952,1.9061293586259,0.0566334245087296,0.0732864987947786
"AWJ11_09540",1201.56327543902,0.217963622622415,0.114355963309067,1.90601011364252,0.0566488935051554,0.0732864987947786
"AWJ11_10330",9.53423965557523,-1.27083050623753,0.666967610368248,-1.90538563864574,0.0567299606519579,0.0733585818260796
"AWJ11_02610",1063.88536071366,-0.170854032178388,0.0896867636421779,-1.90500833389464,0.0567789877959603,0.0733891874414958
"AWJ11_04605",4.40253442248627,-2.01662678069457,1.0627423042038,-1.89756893342588,0.0577528900910284,0.074581376137187
"AWJ11_11580",5.17920911197698,-1.83483987054809,0.966928629178508,-1.89759597055984,0.0577493256390503,0.074581376137187
"AWJ11_09060",9.94798852085655,-1.19987792309324,0.635615176299971,-1.88774272206328,0.0590604979922928,0.0762359862576696
"AWJ11_07700",50.5099267819431,0.49201689024357,0.260700833771339,1.88728544947853,0.0591219424497711,0.0762812757243145
"AWJ11_09685",1355.82009139809,-0.185643387803669,0.0987281372761659,-1.88034934037478,0.0600604829564698,0.0774576816738073
"AWJ11_14920",631.682148417656,0.206585613548333,0.110059496421366,1.87703578760177,0.0605131890739317,0.0780067568730327
"AWJ11_00765",66.043432517942,-0.452558151125625,0.241258192585611,-1.87582500836747,0.0606793127767785,0.0781860779946559
"AWJ11_06695",15.3848341122538,0.865072334894174,0.461803009728532,1.8732496685171,0.0610339165415634,0.0786079904189073
"AWJ11_11955",17.1426265972776,0.808166488575511,0.431549741487439,1.87270761833844,0.0611087707816019,0.0786693872962437
"purH",2968.54919629051,0.182186484921823,0.0974340415941723,1.86984427558345,0.0615054459316484,0.0791448468324547
"AWJ11_07360",28.4268973829116,0.632951170848319,0.339150614197683,1.86628342792676,0.0620017221119495,0.0797479927964364
"AWJ11_05095",483.810397783081,-0.204446669532854,0.109734369178231,-1.86310516079781,0.0624474723021626,0.0802856440881646
"AWJ11_08775",30.3291561874706,-0.642053493318056,0.346516859849842,-1.85287807812954,0.0638998358609666,0.0821163965282581
"AWJ11_08415",9.59558992779119,1.06503919443568,0.575328965066218,1.85118299113116,0.06414323185758,0.0823727945050576
"AWJ11_13775",79.4522461295067,0.407013550746407,0.219877506787938,1.85109225901381,0.0641562815530061,0.0823727945050576
"AWJ11_16565",59.4942314614151,-0.467385611306467,0.252641369228536,-1.84999635148302,0.0643140754528371,0.0825387735523328
"AWJ11_01745",36.0945733123246,-0.590303809738342,0.319501299868536,-1.84757874218738,0.064663307284599,0.0829501823056868
"AWJ11_07150",19.9816052306657,0.743987028578997,0.403041375491292,1.84593213952812,0.0649020593285474,0.083219565660973
"AWJ11_14305",7.83683575344852,-1.33101361743665,0.724784068211204,-1.83642780769401,0.0662944100319428,0.0849672376583005
"ruvB",1279.49837076774,-0.167115407600926,0.0914911078216485,-1.82657540803526,0.0677636337020343,0.0868118441494853
"AWJ11_01050",291.527698071946,-0.258997233204744,0.141947480591596,-1.82459901454622,0.0680615622502381,0.0871163914870363
"AWJ11_08720",11.7353226262286,-1.13594700157585,0.622557845906243,-1.82464490496025,0.0680546323719493,0.0871163914870363
"AWJ11_01295",269.137510630149,0.254131434804197,0.139391221536375,1.82315236212977,0.0682803178393128,0.0873577541233295
"AWJ11_12645",1473.53816763764,0.185625187686745,0.101955048013561,1.82065715531864,0.0686589888070797,0.0878034085760886
"AWJ11_01475",14.5365254605811,-0.94592992297305,0.519636630569993,-1.82036805591525,0.0687029736971371,0.0878208506534959
"AWJ11_02675",160.696011199109,-0.31531660587897,0.173475508857316,-1.81764335470731,0.0691186606817424,0.0883132026547296
"AWJ11_12055",334.25921641485,-0.2331800651862,0.128346477627936,-1.81680143854174,0.069247522485241,0.0884388040919185
"AWJ11_01935",240.113779559374,0.24526938968048,0.135081878239794,1.81570905643675,0.0694150140864092,0.0886136086308197
"AWJ11_01915",13.1716022948297,0.880494413758468,0.485564595168912,1.81334146376997,0.069779171849386,0.0890392078183964
"AWJ11_05690",23.426512892246,-0.766796238240927,0.42372128491337,-1.809671275772,0.0703467795030125,0.0897239223806603
"AWJ11_11960",14.4480956505945,-0.924366245669706,0.510870274307591,-1.80939524602904,0.070389621204741,0.0897390148751191
"AWJ11_16365",17.1272656392164,0.786768089376789,0.434942883543393,1.80889978694937,0.0704665735293233,0.0897975622165838
"AWJ11_02855",47.1470078703116,0.502720854948936,0.278070673967707,1.80788879235542,0.0706238104414495,0.0899583219267406
"AWJ11_02910",1727.27959256325,-0.148281238801793,0.0821150162389924,-1.80577494340653,0.0709535008574232,0.0902987825335896
"AWJ11_12395",11.873291001953,0.930349058371505,0.515191513741121,1.80583148898488,0.070944665221956,0.0902987825335896
"AWJ11_08330",298.372179796864,0.223837413222989,0.12403605822778,1.80461566113246,0.0711348456403857,0.0904500190172566
"AWJ11_16445",30.4303978488192,0.618463092394913,0.342701128787051,1.80467188591963,0.0711260417229507,0.0904500190172566
"AWJ11_10090",4.19372119364956,-1.93515827577467,1.0727138127669,-1.80398373987861,0.0712338560278288,0.0905361349778377
"mnmA",1180.59599859748,0.183080629063616,0.101558891702252,1.80270408621993,0.0714347001122789,0.0907515461479083
"AWJ11_08195",299.364420653603,-0.648816742023843,0.360748011506462,-1.79853172111586,0.0720927864805731,0.0915473997695387
"AWJ11_09950",95.1254888305296,-0.377044885442265,0.209906245785792,-1.79625377049065,0.0724541665605018,0.091965946502672
"AWJ11_07770",7.99249444258954,-1.2765574688042,0.712341199628291,-1.79205901535714,0.0731235131113766,0.0927748561790109
"AWJ11_14520",948.519730396578,-0.183993947850752,0.102781176658072,-1.79015218382695,0.0734294496242886,0.0931221854569199
"AWJ11_01590",226.81698321763,0.262856024486401,0.146997471581803,1.7881669776893,0.0737490722615937,0.0934865594065055
"AWJ11_07900",135.448895775806,-0.334495459601962,0.187199120396781,-1.7868431159985,0.0739628485163004,0.0937164989519148
"AWJ11_00315",4.44532199664551,-1.87504982054708,1.05062384006157,-1.78470138316792,0.0743097664731183,0.0941148639707678
"AWJ11_11440",47.8719725136914,-0.603266777608071,0.338112295487925,-1.78422017080895,0.0743878959338313,0.0941726031638266
"AWJ11_05040",31.4860786210309,-0.640802432390837,0.359535253940696,-1.78230764679487,0.0746990763988918,0.0945251976818509
"AWJ11_05565",137.742913119058,-0.31091817765285,0.174962757573248,-1.77705348249717,0.0755594407167034,0.0955721247526834
"AWJ11_03945",16.3525466855719,-0.871256854018904,0.49275366879883,-1.76813874596356,0.0770377113982551,0.0973993607630189
"AWJ11_16930",40.2973079551859,-0.574957177640914,0.325674922905176,-1.76543275887508,0.0774910618200246,0.0979297523612014
"AWJ11_00105",33.7358618527732,-0.581772127400241,0.329892178369821,-1.76352204006502,0.0778124833736716,0.098250142619287
"AWJ11_06330",18.4732700361077,0.749862050607867,0.425192020924409,1.76358448349429,0.0778019619912323,0.098250142619287
"AWJ11_00675",71.9388227844292,0.392888174231142,0.223274814003336,1.75966185879466,0.0784651563994316,0.0989878651351156
"AWJ11_15190",46.817411637828,-0.513538876236556,0.291822933703784,-1.75976188615054,0.0784481878869684,0.0989878651351156
"AWJ11_05890",1914.10731112015,0.138570243465928,0.0787829649637101,1.75888586485362,0.0785968965138453,0.0991108577390276
"AWJ11_04760",72.355980057899,-0.423598660609291,0.241082488857021,-1.75706938574255,0.0789059831524043,0.0994572801581264
"AWJ11_06285",4.73022932000564,-1.83703008311206,1.04650320779607,-1.75539842537208,0.0791911812267533,0.0997733036439808
"AWJ11_16885",23.9213597574449,0.642306765016877,0.366248428836769,1.7537461308896,0.0794740172030504,0.100042542751469
"smpB",1566.41063272772,-0.167864492358436,0.0957122003084231,-1.75384634161067,0.0794568399981427,0.100042542751469
"AWJ11_14160",3342.17824050716,0.17280391947697,0.0991102522058855,1.74355241391171,0.0812371671743214,0.102217548609777
"AWJ11_16665",23.043467090015,-0.696467803507734,0.401124615060278,-1.73628787005025,0.0825129469293808,0.103777691618265
"AWJ11_15235",56.2894711044403,0.442159510449337,0.254783390561003,1.73543302597455,0.0826641346194988,0.103922678361785
"AWJ11_15515",22.5518212752411,0.742449660434996,0.428562531017177,1.73241850768619,0.08319907507863,0.104549771288561
"AWJ11_01860",4.99054382600061,-1.62940617417427,0.94637403435415,-1.72173592578145,0.0851173662497064,0.106913914030664
"AWJ11_07835",98.2812047782534,-0.360335383831401,0.209591236937903,-1.71922924400775,0.0855726378447506,0.107439138361262
"AWJ11_01720",7.170540490501,-1.29844360587154,0.756194486537415,-1.71707626673803,0.0859652379377769,0.10788525524368
"AWJ11_07805",55.5758310178055,-0.439583322988272,0.256693765899591,-1.7124814911174,0.0868079726848027,0.108895653641014
"AWJ11_13840",6.23456222975157,-1.47182940719649,0.861219358364109,-1.70900641387375,0.0874497614140957,0.109653210369321
"AWJ11_02385",272.538871051155,-0.252787248214726,0.148085835413181,-1.70703192178653,0.0878161193026473,0.110064897904661
"AWJ11_05220",306.472492565124,0.215091281146862,0.126241019405432,1.70381451417214,0.0884157455379156,0.110768470816765
"AWJ11_16620",11.6904610886414,0.886587050443923,0.52169824305899,1.69942502632441,0.0892391298723784,0.111751640783498
"AWJ11_12120",146.91458384832,0.276680597059257,0.162833282054044,1.69916489779668,0.0892881182370851,0.111764625509569
"AWJ11_00775",48.2003977974686,-0.485546596052605,0.287261469376568,-1.69026008641662,0.0909782075108592,0.113830926301957
"AWJ11_13245",428.483676632364,0.200158677136501,0.118587438664538,1.68785732612635,0.0914386200504917,0.114357548153035
"AWJ11_04750",15.0444355464102,-0.848934281193139,0.504329877522928,-1.68329166886319,0.0923186424090869,0.115408272627169
"AWJ11_13520",27.2260297992963,-0.615910662593486,0.36622526128807,-1.68178093566576,0.0926113268369051,0.115724170926599
"AWJ11_14960",7.55449745458071,-1.24862258972735,0.743436574345905,-1.67952806307105,0.0930491743253088,0.116221109407615
"AWJ11_02595",6.67377274640879,-1.33045725642411,0.792314241300416,-1.67920401662912,0.0931122894447872,0.116249769479385
"AWJ11_06205",38.0625396916296,-0.522543905259262,0.311233179839895,-1.6789466519221,0.0931624413164832,0.116262227326392
"AWJ11_05940",96.3085515729285,-0.34436299705418,0.205194231090422,-1.67822942791424,0.0933023189505517,0.116336454563937
"AWJ11_13380",4.89040956176501,-1.6087655886093,0.958608148938716,-1.67823066222667,0.0933020780823355,0.116336454563937
"AWJ11_15315",11.9474470387728,-0.944901409600315,0.563227139618138,-1.67765603454576,0.0934142669816661,0.116425877969398
"AWJ11_07450",395.789613089578,0.189610987533767,0.113095050356489,1.67656309392932,0.0936279487080898,0.116641964511929
"AWJ11_13855",926.22943507399,0.163724475402882,0.0978069718647596,1.67395505945392,0.0941394319459856,0.117228707423271
"AWJ11_14880",27.4002116436529,-0.640565403183338,0.383219047355047,-1.6715385302596,0.0946153547846587,0.117770682471743
"AWJ11_06585",327.485314643608,-0.208186420643131,0.124654358945706,-1.67010943222457,0.0948977143155621,0.118020621069719
"AWJ11_11055",10.5608146265388,0.9279930675318,0.555620965586652,1.67019087653033,0.0948816045233263,0.118020621069719
"AWJ11_09505",3.74446356851918,-1.88626004319451,1.1303522832418,-1.66873643832947,0.0951696243562076,0.118307943679925
"AWJ11_00005",802.890344199815,0.175286938228752,0.105135091214917,1.66725435059956,0.0954638395624444,0.118622735806661
"AWJ11_00910",288.568451750076,-0.215310253602729,0.129156891748495,-1.66704424895885,0.0955056065674446,0.118623701891066
"AWJ11_03370",715.265275216087,0.174182371771234,0.104590268485522,1.66537837882446,0.0958372902165835,0.118984606558041
"AWJ11_09210",156.882706550303,-0.270230448875337,0.162543237610175,-1.66251425066004,0.0964097084262216,0.119643952052095
"AWJ11_04705",5.12204255114969,-1.55498909626456,0.936453146747358,-1.66050923280636,0.0968120520675296,0.120091761115915
"AWJ11_14785",27.9202315682585,-0.596051460246452,0.359448433262082,-1.65823913832963,0.0972692079395283,0.120607149861609
"AWJ11_00915",5.74263682474172,-1.41892816615455,0.855926196508791,-1.6577692935935,0.0973640413676896,0.120673034568777
"AWJ11_06005",290.924236989969,-0.22281749471301,0.134448816000022,-1.65726632143026,0.097465643127073,0.120747247949379
"AWJ11_05270",980.843578439423,-0.15486119162214,0.0935542863057502,-1.65530835344122,0.0978619653314713,0.121186361861052
"AWJ11_01520",94.2322487590732,0.322223537922599,0.194714008166718,1.65485545162577,0.0979538226023823,0.121248230372667
"AWJ11_09920",381.228700587134,0.209005690080883,0.127601224780118,1.63795990548712,0.101430057968262,0.125497472321569
"AWJ11_10280",79.1483620099451,-0.366448472849751,0.22465249221452,-1.63117920143005,0.102852512577504,0.127203064700554
"AWJ11_07195",392.293910433802,-0.190445992438631,0.116784669357961,-1.6307448013993,0.102944178984366,0.127262047834582
"AWJ11_02505",576.293256057565,-0.175659254747409,0.108247861949597,-1.62275033967138,0.104642785503363,0.129306670045573
"AWJ11_07785",160.688608192531,-0.270116362211414,0.166518829381308,-1.62213704729379,0.104774007259595,0.129413562530631
"AWJ11_00115",12.6178462933655,-0.919739064953201,0.567302791002129,-1.62124896887692,0.104964254528446,0.129593239166093
"AWJ11_12830",30.3998970545163,-0.580688652883688,0.358650657729813,-1.61909267519355,0.105427324586257,0.130053997166508
"AWJ11_15495",1533.31499580378,0.136828809551294,0.0845052487948056,1.61917527612445,0.105409555998196,0.130053997166508
"AWJ11_16860",34.1404218120555,-0.56560151239192,0.349903438946506,-1.61645028152579,0.105996994627052,0.130701023626199
"AWJ11_05985",12.1998174133933,0.82878603270984,0.517333505880286,1.60203432271333,0.109148019834547,0.134529118143602
"AWJ11_02985",630.334940281392,0.161914417804104,0.101543347884517,1.59453495652167,0.110816267719019,0.136527151459703
"AWJ11_05675",24.7720279480502,0.61525847217812,0.386026260584381,1.593825433655,0.110975139291857,0.136664703451334
"AWJ11_02210",1379.19452901832,-0.152168705681248,0.0957398631041353,-1.5893975690746,0.111970663086109,0.137832028486261
"AWJ11_09985",5891.91021959734,-0.149105776784156,0.0938554548522256,-1.5886745956207,0.112133877270017,0.137974252049077
"AWJ11_00145",1187.29514075858,0.139394618956554,0.0878535584234889,1.58667015267175,0.112587369705135,0.138414548821861
"AWJ11_09595",11.8930618480921,0.853813236819431,0.538114588585904,1.58667550542189,0.112586156757102,0.138414548821861
"AWJ11_09095",321.213243461523,-0.19481662530368,0.122882107151478,-1.58539456898739,0.112876714364297,0.13871134240776
"AWJ11_01810",7.42733643516738,-1.13776612303195,0.719820743857499,-1.58062424949674,0.11396397783505,0.139988010125057
"AWJ11_08845",402.56220888144,-0.207341725933958,0.131202307055041,-1.58032073206591,0.114033434362158,0.140013898618619
"AWJ11_10115",659.348309378163,-0.172369021400068,0.109156369359857,-1.57910181889449,0.114312704564571,0.140297271844728
"AWJ11_00725",13.7936672584392,0.76864431176281,0.488329877778075,1.57402679365059,0.115481255231563,0.141671366104342
"AWJ11_04945",11.6878524617269,0.823993789691265,0.524192708812841,1.57192913185953,0.115966987533239,0.142206975390337
"AWJ11_09765",103.784058578492,0.310774063987915,0.198728937308082,1.56380881515073,0.117862473498427,0.144470139053134
"AWJ11_09190",762.035302093545,-0.146984142948909,0.0940171761444659,-1.56337542751821,0.117964316359785,0.144533755946325
"AWJ11_02750",13.0218386612823,0.787830703314315,0.504441850581751,1.56178695801259,0.118338185208298,0.14493047312434
"AWJ11_08145",23.9004781141816,0.584083651564035,0.374793746234537,1.55841354727015,0.119135247257641,0.145844926211342
"AWJ11_02245",1019.36220482222,0.15823635936559,0.101676014165157,1.55628011842162,0.119641496990737,0.146402745154838
"AWJ11_09925",330.946170512906,0.199586867300175,0.128317538727322,1.55541377491897,0.119847555533236,0.146592910276072
"AWJ11_07615",895.529305928448,-0.17026574875477,0.109841873977397,-1.55009872455204,0.121117822147387,0.148084063073315
"AWJ11_12300",2148.95149453957,-0.137032840876615,0.0884274794658079,-1.54966354016232,0.121222293481794,0.148149204956213
"AWJ11_03005",213.916436353067,-0.226038578553868,0.146019780444325,-1.5479997152855,0.12162236506005,0.148575400795181
"AWJ11_10650",51.6961694581653,-0.409718689737597,0.264911056571052,-1.54662736633533,0.121953126791889,0.148916602926467
"AWJ11_03820",106.641576521326,0.28654023213003,0.185404781376357,1.54548458784553,0.122229093994815,0.149190636027412
"AWJ11_09575",143.073293961279,0.268535786318115,0.174099025226563,1.54243130292462,0.122968819685783,0.150030254709383
"AWJ11_10750",866.682786916406,-0.155265430723883,0.100893761081871,-1.53890021601922,0.123828658440834,0.151015650032774
"AWJ11_16325",21.8762221160105,0.602649438447231,0.392540194872757,1.5352553606455,0.124721114521928,0.152039977011988
"AWJ11_16320",48.2790719740106,0.41161161347923,0.268741939463805,1.53162403419608,0.125615238112987,0.153065473304835
"AWJ11_05495",671.487600111414,-0.166769632392941,0.108957313845123,-1.53059603350717,0.125869262647475,0.153310457113549
"AWJ11_06235",270.197547919681,0.200820075663058,0.131395060797579,1.52836852804103,0.126421064221286,0.153917778652252
"AWJ11_04235",13.056669185045,0.779664767037519,0.511288774840547,1.52490100585656,0.12728379096718,0.154902981942397
"AWJ11_01430",259.187721414099,0.205628172513142,0.135102296277115,1.52201833854377,0.128004485742964,0.155714578285052
"AWJ11_02785",4.7680233141731,-1.44540955408902,0.953975478237415,-1.51514329986719,0.129736118297334,0.157754758971632
"AWJ11_16965",20.9852823476167,-0.656087140859576,0.434007998411093,-1.51169366293137,0.130611811501265,0.158752869586166
"AWJ11_08470",13.2672419008125,0.733061267796847,0.485148858335273,1.51100276791798,0.13078774566171,0.158899973108727
"AWJ11_06745",85.4431329033118,0.337344959627432,0.223536193587945,1.50912903281013,0.131265811483038,0.159413872610957
"AWJ11_01990",14.6349716169248,-0.823040479749227,0.545486205463506,-1.50881996924171,0.13134479613928,0.159442885917397
"AWJ11_02775",1197.96346567852,-0.160113942704442,0.106589546128742,-1.50215427797255,0.133057269811067,0.161453978546427
"AWJ11_09070",156.476757841427,-0.242845413531988,0.161722617818089,-1.50161688456682,0.133196080206217,0.161554675656661
"AWJ11_05445",16.2616142850636,-0.72784404909306,0.485845114805157,-1.49809893505866,0.134107547753338,0.162504855101204
"AWJ11_13200",518.305038591504,-0.165151637277128,0.110252246168831,-1.49794351603711,0.134147926343046,0.162504855101204
"AWJ11_14400",182.376965630881,-0.228575077092053,0.15258641262234,-1.49800413525541,0.13413217606793,0.162504855101204
"AWJ11_07860",245.609969803926,-0.232096658452294,0.155207644845291,-1.49539449995292,0.134811515114603,0.163240386921197
"AWJ11_11430",105.341522093707,0.295864145153918,0.19812443290332,1.49332488082523,0.135352165752003,0.163826502587327
"AWJ11_12355",6.34768362558663,-1.20121793081284,0.805913998898934,-1.49050386574,0.136091800783372,0.164652872686906
"AWJ11_04100",12.9110403637852,0.754038727711965,0.509127316956064,1.48104158350835,0.138595492832677,0.167611933246037
"AWJ11_02955",145.120839831183,-0.268872618817571,0.181796801800492,-1.47897331611278,0.139147446641214,0.168209152288919
"AWJ11_09995",259.797667127784,0.212603524897281,0.143781518709689,1.47865683159566,0.139232055245107,0.168241155690747
"AWJ11_03460",195.022716065514,0.222026007150306,0.151415810545248,1.46633304904416,0.142557576072653,0.172187656575233
"AWJ11_13920",266.980453845591,0.194038415064509,0.132602862784229,1.46330487133033,0.14338397539272,0.173113568955582
"AWJ11_15290",578.543240729769,-0.169411432609554,0.116246081891122,-1.45735176492424,0.145019304527475,0.175014957173692
"AWJ11_16400",14.5078696225001,-0.750553156541724,0.515261204716172,-1.45664596843684,0.145214131677701,0.17517703087756
"AWJ11_14295",35.6822123724583,-0.472986294038988,0.324936420225201,-1.45562720765859,0.14549570251513,0.175443567949495
"AWJ11_03730",1765.02913264237,-0.125637655014484,0.0863448454287682,-1.45506838758697,0.145650329799121,0.17555687398528
"AWJ11_08960",28.5772280155128,0.494517891128163,0.340639277549076,1.45173479314028,0.146575361016292,0.176598290916382
"AWJ11_07230",302.920394074898,0.18838512056854,0.12982801627677,1.45103596258404,0.146769846439708,0.176759024384734
"AWJ11_03290",31.4566469574527,-0.491977962947619,0.339696870123103,-1.44828523962947,0.147537293971095,0.17760937136121
"AWJ11_01760",13.922531384633,-0.742650728146624,0.513142261856651,-1.44726089303104,0.147823867598644,0.177867423360914
"AWJ11_10610",12.7825186090343,-0.76732100382972,0.530254796256638,-1.44707979870557,0.147874575192246,0.177867423360914
"AWJ11_06320",21.4206541765117,0.566224601932265,0.391497256789575,1.4463054136714,0.148091558002792,0.178054411657698
"AWJ11_07325",19.3240839711231,-0.621776835333594,0.430006158045314,-1.44597193249514,0.148185074376636,0.178092859321422
"AWJ11_15590",30.6300492497585,0.487923682084353,0.338651859618227,1.44078252703058,0.149646131288164,0.179774140285574
"AWJ11_11885",19.5352737757162,0.614247069136447,0.426420437468017,1.44047286472407,0.149733661756513,0.179804654408028
"AWJ11_16255",1580.96247082132,0.119365605276878,0.0829681756082564,1.43869145490768,0.150237961466095,0.180335404596798
"AWJ11_14500",26.6711707626417,-0.535715847705756,0.37334308531974,-1.43491568150232,0.151311126513148,0.181548258759971
"AWJ11_12000",2857.17267878051,0.114251248189199,0.0798204458820904,1.43135316931165,0.152329022797891,0.1826938217891
"AWJ11_15385",147.778535751224,-0.28542126610955,0.199900513045406,-1.42781657616216,0.153344660419314,0.183835727942624
"AWJ11_11245",216.071984021802,0.232060326887623,0.162575350791278,1.42740166795367,0.15346415034495,0.183902795485832
"AWJ11_11130",9.17044282554473,-0.916206376310123,0.642825402804974,-1.42528028965913,0.154076195365479,0.184559813488285
"prfA",1838.59330546519,-0.137801828745995,0.0969711406416794,-1.42106020238733,0.155299258455961,0.185947891589388
"AWJ11_08020",1892.33191882067,-0.115986417405761,0.0817247243198482,-1.4192328988694,0.155831127524832,0.186507561231126
"AWJ11_09780",266.371642105214,-0.200720771653505,0.141455061835603,-1.41897199752936,0.155907180116708,0.186521446572036
"AWJ11_06390",10854.7303095232,0.12252168432489,0.0867876698065783,1.41174068387768,0.158026329474552,0.188978594007997
"AWJ11_10235",6.72240723238127,-1.07198966607152,0.761970075911379,-1.40686583366063,0.159467176518306,0.190622886759181
"AWJ11_14955",15.4568748408896,-0.702671849425042,0.500111295578725,-1.40503095138436,0.160012074695821,0.191195270094841
"AWJ11_05655",28.8429466670783,-0.495055795733603,0.352578280311807,-1.40410179349617,0.160288539636036,0.19144656776999
"AWJ11_02405",13.8604342548084,0.669135581067713,0.477879046345455,1.40021954547888,0.161447584594402,0.192671880336577
"AWJ11_03335",23.4983997812958,0.542205515755681,0.387178620586199,1.40040148635988,0.161393125182807,0.192671880336577
"AWJ11_12510",475.038901492548,0.150649767659149,0.10785064855447,1.39683691918703,0.162462617378891,0.193803303666328
"AWJ11_07120",12.8547833248391,0.695971568189275,0.499366567287188,1.39370877784259,0.1634055644567,0.194847838293238
"pyrG",3621.73424870898,-0.123391662014575,0.0888079699753447,-1.38942104012547,0.164704755987895,0.196316130077829
"AWJ11_10130",3384.87323889667,0.120317403570812,0.0868500985068504,1.38534562008956,0.165946810474654,0.197715137716611
"AWJ11_07980",8.33048178668917,0.844944284466414,0.611705392382163,1.38129284944824,0.167188935913818,0.199113078409296
"AWJ11_04675",19.7495832626235,-0.590343719425808,0.427667223815778,-1.38038102185756,0.167469360345876,0.199365005693528
"AWJ11_16950",860.285898893092,0.157800325100615,0.114361907313298,1.37983292520923,0.167638092516134,0.199483815683262
"AWJ11_12695",17.2995562000881,0.599825817037388,0.43913953513356,1.3659116728239,0.171966688508444,0.204473284131886
"AWJ11_16480",41.7010109208683,0.387953901240354,0.284029362357507,1.36589364571413,0.171972347469596,0.204473284131886
"AWJ11_12885",8.41189274124389,-0.902281682687117,0.662177208888745,-1.36259851679479,0.173009076553002,0.20562130432246
"AWJ11_15210",102.055342764115,-0.284461612011348,0.208798526040752,-1.36237365945691,0.173079992166383,0.20562130432246
"AWJ11_01925",2485.20272668457,0.146639117240285,0.107697323680529,1.36158552718796,0.173328725256161,0.205832306479823
"glpD",1049.95657947351,-0.14095488779587,0.103600357881105,-1.36056371501761,0.173651604885722,0.206131150344249
"AWJ11_16415",7.73469796150267,-0.962036561651386,0.708258442178074,-1.35831287614854,0.174364426246436,0.206892435242798
"AWJ11_16440",122.44523248006,0.257930105137801,0.190088130694164,1.35689747800608,0.174813788315455,0.207340616141363
"AWJ11_05705",14.2597604864672,-0.68512631889851,0.50723212790085,-1.35071554267247,0.176786571486597,0.209594566932492
"AWJ11_13720",306.644959636278,0.174230436583215,0.129469956908541,1.34572097452919,0.178392519446441,0.211411937460279
"AWJ11_12960",13.4327908640171,-0.7234874502957,0.538166469434253,-1.34435623805449,0.178833217922611,0.211847455042176
"AWJ11_04560",2404.70779285348,0.138243348467906,0.102962960216424,1.34265126194239,0.179384923186171,0.212414062070695
"AWJ11_02355",8.10157340918342,-0.944708061927514,0.705230322736472,-1.33957379804914,0.180383947062836,0.213509669856789
"AWJ11_16725",135.246352610001,0.235207257478907,0.175701888204399,1.33867233803022,0.180677365314346,0.21376954015524
"AWJ11_04475",23.2168849678455,-0.537605189762198,0.403044622638538,-1.33386022183538,0.18224967010849,0.21554170220432
"AWJ11_13255",34.5913152210581,-0.42723031605721,0.322903920615037,-1.32308804192734,0.18580610092408,0.21965802944211
"AWJ11_11910",16.1891897703359,0.586676646833304,0.443988414545035,1.32137827838252,0.186375265048209,0.220240921620872
"AWJ11_09720",15.6550528162053,-0.633648462935747,0.479889343342768,-1.32040536370726,0.186699713756938,0.220534274127584
"AWJ11_06200",3.93319370702509,-1.33321988076577,1.01002103982935,-1.31999218649052,0.186837626728714,0.22060713657809
"AWJ11_13785",889.33642217322,-0.150221476131985,0.114319495330675,-1.31404950395784,0.188829545560225,0.222868150428748
"AWJ11_13870",412.442621720403,0.159593033455072,0.121569592281978,1.31277098540316,0.189260129707491,0.223285289593755
"AWJ11_01005",514.725302231022,-0.139712245249774,0.107128339249976,-1.30415766946378,0.192179829415504,0.226637500541348
"AWJ11_09810",1060.52929815777,0.128553801802803,0.0986160581311408,1.30357879070618,0.192377236009842,0.226777890432783
"AWJ11_08245",1218.26120043719,0.129725825660958,0.0996067314065388,1.30238010854397,0.19278647896424,0.227167780994508
"AWJ11_01855",15.9419161814355,-0.614431107575398,0.473126765703322,-1.29866063836406,0.194060417942665,0.228575844332956
"AWJ11_03135",27.4652636168898,-0.470967372273628,0.362811605710656,-1.29810448414714,0.194251433646338,0.228707749785395
"AWJ11_06300",14.7729510168985,-0.636281470579372,0.492872417504281,-1.290965872672,0.196715511654773,0.231420605987363
"upp",95.4240749080141,-0.263384394790401,0.204016014236636,-1.2909986295728,0.196704152719166,0.231420605987363
"AWJ11_09865",13.8748344083453,0.627984965725832,0.486604215992857,1.2905456736426,0.196861264434631,0.231497968010492
"AWJ11_10225",9.9402352797418,0.731181862486537,0.568347532156265,1.28650486034925,0.19826692366617,0.233056245771688
"AWJ11_14780",11.0337097046572,0.692263114604496,0.53912243274592,1.28405548082758,0.199122543593043,0.233966967583543
"AWJ11_16910",28.0227223106788,-0.466524152103597,0.36553945097543,-1.27626211304605,0.201862878327666,0.237090572191666
"AWJ11_14465",225.334306066785,0.1763288988445,0.139158255718596,1.26711058523951,0.205115751160702,0.240715727436769
"AWJ11_14770",1885.79789220182,0.101051466541947,0.0797450093653394,1.26718232709705,0.205090103485268,0.240715727436769
"AWJ11_07475",22.5324290885902,-0.507057304942424,0.402274956041693,-1.26047445242868,0.207498258325025,0.243413035911075
"AWJ11_00885",159.281697819607,0.201285936099802,0.159885728032051,1.25893623262891,0.208053365377668,0.243965332010929
"AWJ11_05450",24.6372290008577,-0.493895105133888,0.39256599883161,-1.25811992532176,0.20834838830903,0.244212327163359
"tuf",35358.9992429056,-0.108029594358241,0.0860044927449947,-1.25609245412971,0.209082451662786,0.244973528385467
"AWJ11_04650",108.735314243391,-0.253669497671958,0.203278544130285,-1.24789115721616,0.212070919416094,0.248374439817959
"AWJ11_08380",14.2156117747494,0.595332829939564,0.477845307992556,1.24586936395918,0.212812359012771,0.249041232099862
"AWJ11_09265",321.149184339896,0.149858403077644,0.120267666257206,1.24604066696658,0.212749465648651,0.249041232099862
"AWJ11_05720",25.9435837585641,-0.468423332362375,0.376608781277132,-1.24379291097219,0.213575790120189,0.249833604126042
"AWJ11_12320",276.798556059525,0.160120200341014,0.129359472437007,1.23779262024268,0.21579296550408,0.252325188755074
"AWJ11_10460",27.1666172924487,-0.455929228891076,0.369117330702088,-1.23518781419411,0.216760613389275,0.253354287216705
"AWJ11_05080",501.560293688715,0.131276785903649,0.10632828698948,1.23463651696596,0.21696581207807,0.253491748144504
"AWJ11_04670",147.328714406581,-0.203860765362946,0.165307390992276,-1.2332223268376,0.217492827641676,0.253902478093993
"AWJ11_14725",489.39998168094,-0.141177513141866,0.114474898874375,-1.23326174148268,0.217478126823653,0.253902478093993
"AWJ11_05880",807.513910743561,0.120373667150672,0.0976670201769213,1.23249042443005,0.217765941403821,0.254118804202684
"AWJ11_06880",24.7818140824623,0.459982380466971,0.37374499659567,1.23073856414617,0.218420659728085,0.254780084342232
"AWJ11_07945",14.3642541079339,-1.40586173032146,1.1458951243023,-1.22686771285239,0.21987231554054,0.25637005687926
"AWJ11_10505",19.9191013166197,-0.519695578389827,0.424162645213186,-1.22522712514824,0.220489657055594,0.256986334079295
"AWJ11_16650",65.0055190766715,0.287690269238746,0.235294617832421,1.22268104510423,0.221450188960261,0.258001951228259
"rpsJ",5084.10964242261,0.101382823366611,0.0830848785003119,1.22023195070605,0.222376957997707,0.258977431165136
"AWJ11_04755",22.8690132182514,-0.487868011917149,0.401526736312935,-1.2150324444072,0.224353717295039,0.261174440004764
"AWJ11_14650",776.616537039806,-0.118659079889043,0.0979061859973481,-1.21196713650205,0.225524960771052,0.262432342770979
"AWJ11_07455",1517.61288029169,0.129524940066693,0.10704401580544,1.21001570327961,0.226272867277892,0.263196815877097
"AWJ11_11805",1095.64079106141,0.126580563712542,0.104723116229579,1.20871654960158,0.226771761343847,0.263671143965084
"AWJ11_02425",87.4977128691375,-0.252644282590056,0.209187971542694,-1.2077380966357,0.22714801922094,0.264002557279277
"AWJ11_03175",598.110098416485,-0.139629325090466,0.115812886755273,-1.20564583961645,0.227954076377119,0.264833037750054
"AWJ11_01840",461.578663847452,0.14539898611023,0.120711382062841,1.20451761570037,0.228389577600615,0.265232519091565
"AWJ11_15365",491.049157938589,0.143521430071311,0.119311332341795,1.20291532459097,0.229009089465027,0.26584528877328
"AWJ11_02850",113.278509059732,-0.224838436388412,0.18714124191766,-1.20143712890042,0.229581680847552,0.266322003680611
"AWJ11_12530",15.1483628554268,0.564265570229812,0.469681144983609,1.20138007722133,0.229603800685253,0.266322003680611
"AWJ11_06860",28.2989426971075,0.407196349364861,0.33921002918783,1.20042544243108,0.2299741526441,0.266644710637831
"AWJ11_07175",25.4496183405219,-0.481205148563249,0.402111131377895,-1.19669691041461,0.231424711715108,0.268219109212464
"AWJ11_05930",15.6055969670873,-0.572524419709934,0.479916987932752,-1.1929655213417,0.232882876499653,0.269801058682945
"AWJ11_04550",288.087250864131,-0.165738952173007,0.139081110899521,-1.1916711845417,0.233390201015132,0.270250323638203
"AWJ11_15570",680.802133147336,0.131636847151393,0.110479956742137,1.19149980714273,0.233457432306671,0.270250323638203
"AWJ11_12085",2003.48659950225,0.101287451949978,0.0850757721778985,1.19055577583451,0.233828021589105,0.270462947433601
"AWJ11_13085",95.8337564289197,-0.241197492768394,0.202575818386247,-1.19065293523094,0.233789861423977,0.270462947433601
"AWJ11_00695",31.557861115624,-0.401269391550727,0.342621769226928,-1.1711730765273,0.24152921499738,0.279259108350946
"AWJ11_07565",7.1409559785189,-0.832822714236224,0.711826548334652,-1.16997984436608,0.242009080110688,0.279702187635915
"AWJ11_13925",57.6480638689358,-0.30911630407219,0.265856584226807,-1.16271825642835,0.244943832000056,0.28298101788749
"AWJ11_09065",49.3829298110274,0.301708027223386,0.260461450962073,1.15835961947136,0.24671731071352,0.284916160097737
"AWJ11_08820",55.7088417695062,-0.295614442174759,0.25565676092405,-1.15629424821892,0.247560820213318,0.285776232029255
"AWJ11_07320",10.3565043654728,-0.676856886749043,0.591753205650693,-1.14381617249504,0.252699881373972,0.291592287358962
"AWJ11_02925",389.56292743157,-0.136968195844468,0.119865664084118,-1.14268082432971,0.25317113420006,0.29201963426663
"AWJ11_02720",12.8616434697629,-0.605791852259867,0.531023933969892,-1.14079952617392,0.253953357855585,0.292805186308392
"AWJ11_05835",601.32082582321,-0.113639857571217,0.0996903777730534,-1.13992804631476,0.254316279381386,0.29310685485055
"AWJ11_06815",493.666849169746,-0.120483733854436,0.105887085804148,-1.13785106974506,0.255182675773137,0.293947189996288
"AWJ11_10770",29.6739063622768,-0.39705569389924,0.349000623493219,-1.13769336548751,0.255248544734165,0.293947189996288
"AWJ11_16625",12.5670942886924,0.577001209287469,0.508616523075188,1.1344523488911,0.256604851037011,0.295391582697339
"AWJ11_09760",301.129866408877,-0.149015942827695,0.131794775554731,-1.13066653970523,0.258195469673838,0.297104449000432
"AWJ11_03065",728.031805691127,0.111142233602152,0.0987718160503599,1.12524238235616,0.260486337955646,0.299502368710226
"AWJ11_17010",140.501331217224,-0.193797374456167,0.172222759494938,-1.1252715670362,0.260473974426597,0.299502368710226
"AWJ11_15255",1719.01791499928,0.0952882282939157,0.0853186510920039,1.11685108794279,0.264058000901497,0.303488425182261
"AWJ11_02275",5615.10400341339,-0.0861990920866483,0.0773454571389134,-1.11446871316351,0.265078159388863,0.304539973509872
"AWJ11_08460",31.4004834495863,-0.383365017256703,0.344338162659104,-1.11333874321748,0.265562972858003,0.304975890258358
"AWJ11_02770",753.208893774321,-0.115547251036444,0.104120769884201,-1.10974257263898,0.26710997198653,0.306577506501584
"AWJ11_09750",40.9894447073035,-0.356491046574939,0.3212775697951,-1.10960452919977,0.267169478713544,0.306577506501584
"AWJ11_07190",8.08772223259397,-0.765086248417148,0.69067505498306,-1.1077369059404,0.267975455722985,0.307380487063939
"AWJ11_10145",122.129928167398,0.192474834368202,0.174314090468965,1.10418402695031,0.269513317116842,0.309022004649818
"AWJ11_12305",1356.70231413033,-0.0962142806469099,0.0872282982490374,-1.10301682571197,0.270019858369754,0.309480186186958
"AWJ11_01240",1014.46201690901,-0.100617409479399,0.0913133892240752,-1.10189108447714,0.270509025039953,0.309918099155037
"AWJ11_09355",476.235064194824,-0.12454372543021,0.113175823522218,-1.10044461400151,0.271138449006994,0.310516292610305
"AWJ11_06325",28.7811032023769,0.404102317014857,0.367934864784119,1.0982985188206,0.272074158485219,0.311464641873506
"AWJ11_03735",390.630852378399,-0.138440433576225,0.126570369881306,-1.09378232603769,0.274050457376925,0.313603014491428
"AWJ11_02870",10.7342748927023,-0.634284008054815,0.58071661969998,-1.09224359444458,0.274726045575099,0.31425184817958
"AWJ11_07410",269.375956612437,-0.150193289804976,0.1376695323425,-1.09096971021387,0.275286210965371,0.314768192229864
"AWJ11_02950",38.9810604213303,-0.339247572338502,0.311034517878128,-1.09070714933135,0.275401763745517,0.314775949557475
"AWJ11_08665",8.12599542930798,0.687264086039581,0.630334551784523,1.09031637896715,0.275573802673776,0.314848237243548
"AWJ11_11045",13.8868225620005,-0.574799685744587,0.527960632105845,-1.08871694363255,0.276278727607198,0.315529059863943
"AWJ11_08315",38.5528049672748,0.329518782639311,0.303579331408075,1.08544537966706,0.277724442811051,0.317055044376798
"AWJ11_12640",1296.33371661235,0.119214876212362,0.109880549387765,1.08494976478191,0.277943905217256,0.317180465969535
"AWJ11_16685",10.4347768178809,-0.633060994340206,0.583845473472434,-1.08429545676712,0.278233819052162,0.317273209764892
"AWJ11_16995",12.1429780956464,-0.595227628763207,0.548965485281037,-1.08427149743027,0.278244438971423,0.317273209764892
"AWJ11_10605",24.4232757361382,0.398810087092246,0.367920048986128,1.08395856162566,0.278383172359775,0.317306380783454
"AWJ11_04245",269.51564221251,0.143781456314455,0.132704666724852,1.08346948048609,0.27860009027577,0.317420514224595
"AWJ11_09545",46.65919908492,0.296604380998845,0.273812682557393,1.08323828622027,0.278702669884138,0.317420514224595
"AWJ11_16200",26.5483429899303,-0.397610532399479,0.367232496815254,-1.08272153430775,0.278932042725054,0.317556778775101
"AWJ11_05440",28.3116839234274,0.365295153426814,0.338579408172944,1.07890540478535,0.280629899213551,0.319364108660644
"AWJ11_01110",2036.36331473005,-0.100346743910094,0.0931345475363564,-1.0774384647214,0.281284427774744,0.319793018507731
"AWJ11_04850",130.263171170386,-0.200595653077453,0.186195533611144,-1.07733869436622,0.281328981540031,0.319793018507731
"AWJ11_06665",80.8585063123014,0.243514230386701,0.226037499121033,1.07731784033015,0.281338294789455,0.319793018507731
"AWJ11_08065",8.56802402725277,-0.712460341571204,0.662845267228398,-1.0748516687013,0.282441143410952,0.320920561064506
"AWJ11_05615",156.511736530316,-0.191348166278752,0.179296530853455,-1.0672162220202,0.285874208897913,0.324693862068509
"AWJ11_02120",1454.20955725451,0.091934380633245,0.086289633285143,1.06541628621191,0.286687590008274,0.325489951151018
"AWJ11_06655",367.148720190926,0.127031651574741,0.11926561861228,1.06511543773321,0.286823694064776,0.325516772793515
"AWJ11_13285",39.2359455903144,-0.336788969822935,0.318560854398134,-1.05722019881959,0.290411103420853,0.329458931125029
"AWJ11_07990",193.363196119772,0.168171737232896,0.159360683562255,1.05529000926505,0.291292708971752,0.33032958454712
"AWJ11_10360",30.3372603862617,-0.357300451052956,0.340521500212157,-1.04927427733739,0.294051901239676,0.33332792878481
"AWJ11_01940",1567.15040907253,-0.091634286058006,0.0875893658617387,-1.04618049413273,0.295477706899142,0.334813032014924
"AWJ11_06275",8.00299269462618,-0.730723353830557,0.700432493754519,-1.04324593782574,0.296834402580222,0.336218693176971
"AWJ11_04935",27.2106347740185,-0.383362891767606,0.368675758775642,-1.03983753377423,0.298415387874032,0.337877203641412
"AWJ11_11090",419.61367136463,-0.12077625604211,0.116408407950087,-1.03752175782609,0.299492760987389,0.338964431090146
"AWJ11_00845",399.270300445883,-0.117130467715628,0.113425665468348,-1.03266282134631,0.301761718036699,0.341398910085303
"AWJ11_00630",1085.99204572159,-0.0934963146689736,0.0907274880021423,-1.03051805718203,0.302766880156844,0.34240224743021
"obgE",1583.64905898696,0.097693765570268,0.0949515699378589,1.0288799398915,0.303536095921279,0.343138070936008
"AWJ11_08625",64.868716412566,-0.245307741039176,0.239813075263487,-1.02291228603633,0.306349319956052,0.34618310501867
"AWJ11_04335",789.02442464558,0.0955719962737849,0.0943702117231543,1.01273478705501,0.31118685705855,0.351512398254271
"AWJ11_17120",14.6483379458764,0.476505666248402,0.470734216635679,1.01226052708463,0.31141350287678,0.351631165558096
"AWJ11_07780",5.92480865665729,0.770656025237883,0.762295708037849,1.0109672888249,0.312032086218152,0.352192222119864
"AWJ11_05990",36.3001884855598,-0.327942656135668,0.325028153993668,-1.00896692211487,0.312990498144575,0.353136257945575
"AWJ11_05955",1131.22098262744,0.0933298177452144,0.0926177482160151,1.00768826216265,0.313604141728961,0.3536907194714
"AWJ11_10135",243.240490237216,0.147030122141948,0.146096303821383,1.0063917997659,0.314227136694188,0.35425529162173
"AWJ11_07145",42.3348929694319,0.287758942466297,0.287199129680353,1.00194921477153,0.316368121394131,0.356530118113168
"AWJ11_13470",16.5940039735123,0.452439791002478,0.45480480507419,0.994799936048771,0.31983357736637,0.36029520159528
"AWJ11_13490",18.5137791888934,0.420483454456331,0.423191882708396,0.993599999520947,0.320417644423206,0.360812709323253
"AWJ11_10325",9.86571839534113,-0.610777025409044,0.619444157921356,-0.986008210100172,0.324129084045161,0.364850085269038
"AWJ11_01400",1748.61166262239,0.0810336253611463,0.0824258427338436,0.983109455402321,0.325553571145417,0.366311055557868
"AWJ11_16715",59.0956412314436,-0.252090305793369,0.256545147700962,-0.982635251738278,0.325786988136592,0.366431225677146
"AWJ11_02965",65.6469590365231,-0.246275490814512,0.251349119439707,-0.97981441655135,0.327177734498613,0.367852511126257
"AWJ11_00055",3179.2311200068,-0.0803958160903908,0.0821850979958912,-0.978228633302964,0.327961257796603,0.368590244684803
"AWJ11_07550",11.6215110140837,0.519351153925363,0.533958249388879,0.972643749805843,0.330730390796385,0.371558133138486
"AWJ11_12375",212.51973184539,-0.145965773674239,0.150178041462896,-0.971951506707476,0.331074673970549,0.371800584583146
"AWJ11_13560",411.466960681162,0.11443613142018,0.118012399425181,0.969695828383963,0.332198130449431,0.372917528906382
"AWJ11_15705",75.1386053614036,-0.211267278606785,0.218721044322987,-0.965921131460972,0.334083647493115,0.374888745965519
"AWJ11_13845",4.79312480119525,-0.840894045938479,0.873879368708346,-0.962254146337586,0.335921956171347,0.37680548106972
"AWJ11_04505",14.1399980756438,-0.474602611858612,0.495103761781263,-0.958592215399671,0.33776421574577,0.378725160933072
"AWJ11_01335",14.6772341656298,0.467206454954451,0.48877043393404,0.955881171440704,0.339132272579595,0.380111850056293
"AWJ11_14380",20.9896859704553,-0.410831226507614,0.431646326081325,-0.951777419808761,0.341209875961094,0.382292443295164
"AWJ11_16310",141.118285941282,0.163701944600049,0.172802630449116,0.947334795625422,0.343468205504198,0.384673756474129
"AWJ11_05660",88.6267296032526,0.19077644608204,0.20149420067745,0.94680862000308,0.343736308515204,0.384825097424759
"AWJ11_08730",76.9262458551426,-0.216169668672351,0.228935630067367,-0.944237769405924,0.345048158545892,0.386144381605496
"AWJ11_12835",12.0079290910785,-0.512962138706757,0.546025697521143,-0.939446881411463,0.347501352513287,0.388739433387496
"AWJ11_03555",847.489698770694,0.0925937280594302,0.0986486357058426,0.938621476079331,0.347925122416544,0.388912825134599
"AWJ11_14495",69.3419883401106,-0.243880934937651,0.259769788442988,-0.938834867593451,0.347815533972679,0.388912825134599
"AWJ11_02220",218.407065023404,-0.136657934272675,0.145709761237178,-0.937877689952643,0.348307269677406,0.389189667353827
"AWJ11_05590",24.0247740578469,-0.37201481832737,0.397777973708348,-0.93523232284383,0.349668584236819,0.390559970197358
"AWJ11_16350",659.487946081868,-0.094584412858053,0.10134646594893,-0.933277859986905,0.350676523326976,0.391534667634363
"AWJ11_08190",9.15228316183442,0.540719785890404,0.579880396964136,0.932467779082117,0.351094830873921,0.391850536270392
"AWJ11_07730",12.0442279441338,-0.508421313909337,0.547965334474635,-0.927834813486494,0.353493262393641,0.39437528965582
"AWJ11_13745",1125.92967655485,-0.0976290934457109,0.105326415218662,-0.926919360570931,0.353968404268898,0.394753203065199
"AWJ11_08815",16.1328082521358,-0.424531826512175,0.458640776766748,-0.925630358262017,0.354638110981466,0.395317623287593
"AWJ11_14835",272.813814696662,-0.125534205477472,0.135651126166799,-0.925419559901876,0.354747708250822,0.395317623287593
"AWJ11_01135",1662.95083852303,0.0888406932546687,0.0960933149887092,0.924525220772198,0.355212926535115,0.395531438781309
"AWJ11_09500",10.1389395662409,0.520644528853981,0.563028011791985,0.924722248182454,0.355110403554009,0.395531438781309
"AWJ11_15300",34.6735421089232,0.285246964176673,0.309579494271397,0.921401350719331,0.356840923834008,0.397191397529084
"AWJ11_12065",652.075397051495,0.103926047787587,0.114609859921401,0.906781038375401,0.36452259900849,0.40558569839699
"AWJ11_03125",6.31727861228873,-0.682103617533383,0.753527880316695,-0.905213510144716,0.36535228589204,0.406352619281924
"AWJ11_04685",98.1648169266822,0.183477367871193,0.202862833949314,0.904440524167356,0.365761858249687,0.406651870063233
"AWJ11_04495",45.8187345906142,0.24399393750152,0.270759722535042,0.90114561803018,0.367510900898077,0.408439534254622
"AWJ11_02475",442.303692600635,-0.271184753869287,0.301547229042617,-0.899311045670266,0.36848700552755,0.409367137810645
"AWJ11_16670",69.3619479454954,-0.214799615505594,0.240515994034599,-0.893078301789337,0.371815241908295,0.412906105173678
"AWJ11_12095",2259.13156453099,0.088046447117094,0.0986665938095033,0.892363298636682,0.372198236313577,0.413172879129839
"AWJ11_01465",101.427734754508,0.190366928619641,0.214133195780869,0.889011757030194,0.373996761225454,0.415010209734073
"AWJ11_15105",438.053562010369,-0.0985567247025865,0.110951510702825,-0.888286460258872,0.37438668096989,0.415283654552266
"AWJ11_16780",87.5188631659903,-0.184180791968329,0.208015766131602,-0.885417463269616,0.375931517131846,0.41683747531784
"AWJ11_09415",928.470588561611,-0.085510138280704,0.0971657729051857,-0.880043823293051,0.378835569708766,0.419896644479958
"AWJ11_10535",75.4082849071326,-0.208722044456885,0.238621919616613,-0.874697700832484,0.381738411457467,0.422952129692921
"AWJ11_03625",1762.14935149227,-0.073371897152194,0.0850164326775025,-0.863031943842194,0.388119904029452,0.429858018469664
"AWJ11_04225",14.2281027202161,0.41084999526793,0.476209296219868,0.862750892368633,0.388274444449303,0.429864668032243
"AWJ11_11435",39.1752794791061,-0.265547755061207,0.310133477360945,-0.856236989701544,0.391866706252043,0.433675811813924
"oppD",78.3460602602724,-0.189217935791748,0.222064613659865,-0.852085042606437,0.394166893049962,0.436054659207412
"AWJ11_02715",15.8025046773972,0.395417704922432,0.464337217009366,0.851574438657276,0.394450331765822,0.436201475021127
"AWJ11_08745",95.9394245574735,-0.16707914963073,0.200372429249759,-0.83384301051953,0.404369454855325,0.446999695321356
"AWJ11_14570",1493.06977017959,0.0859597655134191,0.103513599363724,0.83042002250714,0.406301348962394,0.44896376628376
"AWJ11_01835",720.320396087608,0.0820270595856364,0.0990743097064768,0.82793470707648,0.407707478050041,0.45034558834993
"AWJ11_14935",16.0209469586549,0.375511306460265,0.458776481786772,0.818506007539406,0.413068313096857,0.456092979054675
"AWJ11_01285",21.5104511051826,0.324663376488323,0.39726020523731,0.817256227047408,0.4137820162138,0.45670677151897
"AWJ11_15390",592.47785599246,-0.102327230476635,0.125626845425996,-0.814533152764022,0.415339587849819,0.458251150300182
"AWJ11_03515",26.0569482946426,0.285035373412115,0.355176389753699,0.802517795762765,0.422253498543999,0.465701838714303
"AWJ11_12735",51.6068969258732,-0.208617490595951,0.261746851880034,-0.797020056201352,0.425439383319507,0.469036790600629
"AWJ11_02790",20.1044997707113,0.327974576231285,0.412538437022338,0.795015801675533,0.426604310406153,0.470141993265578
"AWJ11_16345",14.855193551402,0.405398300442457,0.511221312458896,0.792999608119921,0.427778051099329,0.47125606390615
"AWJ11_01290",125.282438151279,-0.142762738710161,0.180317645177576,-0.791729165326938,0.428518612639305,0.471892262168245
"AWJ11_13550",36.3312206058858,-0.251641440272029,0.318862965115788,-0.789183655055867,0.430004673657062,0.47334862136308
"AWJ11_16800",5962.64043101041,-0.0617630088891557,0.0785298701915734,-0.78649065302776,0.43158009287822,0.474902201060672
"AWJ11_10205",553.258077555442,0.0795242006381563,0.101315069150646,0.78491976864677,0.432500610651322,0.475734233076749
"AWJ11_14490",187.72175071457,0.122079267676654,0.15567075405125,0.784214532913893,0.43291423903723,0.476008285628322
"AWJ11_05135",54.0828441559458,0.198198081711224,0.253968751153135,0.780403418969117,0.435153456070373,0.478288682820988
"AWJ11_02005",34.476561871541,-0.251041785299074,0.325297608004295,-0.771729576615143,0.440274609366194,0.483733758354504
"AWJ11_11370",5915.2541984042,0.0612693783004402,0.0795373870210234,0.770321739187201,0.441109064016637,0.484172978085441
"AWJ11_13900",585.103377419582,-0.0992139383807702,0.128784406501787,-0.770387821598521,0.441069875332979,0.484172978085441
"AWJ11_14850",297.145675298291,0.0996100123098027,0.129328648007752,0.770208409693046,0.441176276161474,0.484172978085441
"AWJ11_01980",33.6693445802754,-0.25204533042093,0.328637052883171,-0.766941305643134,0.443116413551714,0.486117854745512
"AWJ11_02510",88.1072337035211,0.155808625828071,0.20400298991644,0.763756579704497,0.445012316487028,0.48801274873568
"AWJ11_03200",62.4161206681781,-0.18678342213889,0.244993590221977,-0.762401261068319,0.445820553830684,0.488617898647099
"AWJ11_09125",16.4362634063386,-0.349092206881082,0.457966951219937,-0.762265062907196,0.445901821121973,0.488617898647099
"AWJ11_05635",9.08095789139393,-0.495395216212491,0.655890244787625,-0.755302003878557,0.450067796607569,0.492996291969078
"AWJ11_05650",26.1952311468642,0.270095766636884,0.357987625251112,0.754483528438796,0.450558932315798,0.493347540719606
"AWJ11_01090",899.594336940238,0.076754528370278,0.101899473828459,0.753237730152459,0.451307070345401,0.493979826618604
"AWJ11_04565",956.482594429427,-0.0719356717304144,0.0958372836996546,-0.750602155585443,0.452892123482174,0.495527336619059
"AWJ11_13935",555.221080490221,-0.0764539953158769,0.102610110931348,-0.745092219684168,0.456215972226212,0.498975443545978
"AWJ11_12465",177.241307319714,0.123232838927397,0.165694356438492,0.743735885616257,0.457036274807048,0.499683785149828
"AWJ11_05045",298.792244503229,-0.0928124487866767,0.125186310894548,-0.741394551236982,0.458454247268857,0.501044785345949
"AWJ11_16635",5.78208746571658,-0.590395517035945,0.800563739637679,-0.737474716632992,0.460833713115495,0.503455177710926
"AWJ11_06590",940.48420352608,0.0724064454065124,0.0983337252160659,0.736333798474693,0.461527582197046,0.504022952029529
"AWJ11_05640",8.82235632158885,0.453592347299811,0.623478649626839,0.727518652918256,0.466908292931607,0.509706752072452
"AWJ11_06685",988.828460013102,0.0662680327391688,0.0912875720610715,0.725926117246665,0.46788406465778,0.5101946055462
"AWJ11_09675",170.405709232962,0.112314774024357,0.154676458523655,0.726127137228063,0.467760834275773,0.5101946055462
"AWJ11_12265",1637.61581874222,0.0593605365777181,0.081767936172076,0.725963493230369,0.467861150864213,0.5101946055462
"AWJ11_01140",108.565209094093,0.144595088961013,0.199648974195225,0.724246591017401,0.468914359718972,0.511125482872581
"AWJ11_13770",329.444958481638,0.0959325877095424,0.13339280298842,0.719173640259065,0.472033938666504,0.514332160580144
"AWJ11_04310",8.96914873078754,0.452570134745436,0.632281643713497,0.715773009141014,0.474131521111859,0.51642326763181
"AWJ11_02695",33.5322804367553,0.22444944192675,0.314171360748473,0.714417257486576,0.474969203813499,0.517141036808227
"AWJ11_16270",713.989718434621,0.0718368690063454,0.100609218556068,0.714018755312284,0.475215582054021,0.517214702694373
"AWJ11_02215",2265.02490193212,-0.0692561601243492,0.0972581197251202,-0.712086150956726,0.476411429591893,0.518321307232684
"AWJ11_03310",62.3614354622867,-0.174188638475297,0.245109413177166,-0.710656666414494,0.47729701877139,0.519089655138821
"AWJ11_01085",1867.33956912086,-0.0595137400003746,0.0840674072426181,-0.707928815130675,0.478989464434882,0.520707999803968
"AWJ11_07440",652.658207715072,0.0721861383804595,0.102016357333636,0.70759376503104,0.479197565883585,0.520707999803968
"AWJ11_07760",12.8505398918153,0.383212740415796,0.541728537047751,0.707388875070501,0.479324848471932,0.520707999803968
"AWJ11_09140",99.9904142127664,0.13796993983463,0.196417619424908,0.702431585509449,0.482410053293032,0.523862924664178
"AWJ11_06740",6.71776050386248,-0.501235895204192,0.714764624490687,-0.701260076436145,0.483140723961323,0.52445958557542
"AWJ11_12070",172.260727883275,-0.114670030437994,0.163870742638491,-0.699759020992314,0.484077810424424,0.525279783790132
"AWJ11_12460",37.3788884749925,-0.211624079871536,0.304365734710446,-0.695295349434988,0.486870228126697,0.528111859144926
"AWJ11_13090",172.762368577303,-0.107631859944801,0.15521057925982,-0.693456982494906,0.488022812946423,0.529163739478062
"AWJ11_02970",128.391046048596,-0.125730708661408,0.182450194150002,-0.689123457758771,0.490745579264757,0.531791438316269
"AWJ11_16775",16.5245418668165,-0.320910846952461,0.46575295685474,-0.689015157562484,0.490813729005789,0.531791438316269
"AWJ11_06795",408.705169720839,-0.0829688229910112,0.12086166467144,-0.686477579276774,0.492411998004394,0.533323473886496
"AWJ11_06310",23.9194561910893,-0.261390781111813,0.380982310054934,-0.686096897974406,0.492652006928295,0.533383803984469
"AWJ11_08325",94.5723788637589,0.141101843628122,0.205770006681747,0.68572600012769,0.49288590795551,0.533437478542725
"AWJ11_09640",20.4810244016243,-0.290341180197245,0.423747386481113,-0.685175152602825,0.493233401275165,0.533614004968347
"AWJ11_06210",6.96763329261058,-0.495043486282941,0.724783806991184,-0.683022277136722,0.494592765887068,0.534884702719423
"AWJ11_12340",18.7676015162449,-0.292983201735433,0.429401857811203,-0.68230538924275,0.495045866024701,0.535174724047622
"AWJ11_07075",224.52419498119,-0.0964718101453917,0.142614368012379,-0.676452250147882,0.498753552917545,0.538981621412762
"AWJ11_12450",305.823961838629,-0.0860246004995392,0.127256935484394,-0.675991451248553,0.49904607272075,0.539096429434061
"AWJ11_09870",32.5239754750738,-0.230530811253214,0.341682431546908,-0.6746931945243,0.499870709189103,0.539785758355695
"AWJ11_08355",239.951999658264,-0.0959401822053918,0.142415959158279,-0.67366173547141,0.500526394281151,0.540292198824935
"AWJ11_07225",13.6911217255316,0.32140717441813,0.480144099970261,0.669397321425041,0.503242059833957,0.543021074257819
"AWJ11_08500",111.860310804832,0.125266992587174,0.187643918525344,0.667578217144592,0.504402866132477,0.543868068028088
"AWJ11_08865",11.6406618434998,-0.371194054067456,0.555829097045509,-0.667820479425288,0.504248192332979,0.543868068028088
"AWJ11_04300",8.72482759233311,-0.416242361823271,0.624021360575919,-0.667032233382387,0.50475154444077,0.544041329464279
"AWJ11_06985",54.7758299518126,-0.179062184576513,0.269732199963874,-0.663851718854829,0.506785220222431,0.546029943158494
"AWJ11_07210",4.30160469725284,-0.618540195852249,0.935927425221279,-0.660884785704414,0.508686203754505,0.547874162138272
"AWJ11_08940",5.8644501988109,-0.506274498882196,0.767195437820017,-0.659902905993254,0.509316139243682,0.548348551700601
"AWJ11_10170",26.4254328032464,0.243985698990633,0.3713784093242,0.656973299645006,0.511198084850657,0.550170047436892
"AWJ11_08390",2994.6997508727,-0.0594630108074744,0.0913804389593545,-0.650719251129043,0.515227733768668,0.554300766366738
"AWJ11_11185",1675.02091333299,-0.060378280335219,0.0930016189279136,-0.649217519342526,0.516197789366945,0.555138016509825
"AWJ11_14885",2101.98208773164,-0.0574504607119107,0.0892466264182883,-0.643726973416868,0.519752495597024,0.558753240066043
"AWJ11_08135",9.70546448485692,0.374091005473816,0.582092172891566,0.642666269871838,0.52044067210787,0.559285297096241
"AWJ11_04770",21.6772159004101,0.249532517230168,0.389664285985511,0.640378208126178,0.521926746767911,0.560674092481936
"AWJ11_16955",16.0112070084647,-0.30456772815324,0.477440738877765,-0.63791734419047,0.523527486796026,0.562184989531614
"fusA",31092.6179185307,0.0550191234297953,0.0866407696630416,0.635025792635182,0.525411593176553,0.563998943120529
"mutL",1438.24915573623,-0.0598120095652033,0.0944132511138655,-0.633512868792836,0.526398779871409,0.56484911714789
"AWJ11_09090",638.064330155792,0.0685777857429617,0.108307306947077,0.633177831450201,0.526617520672995,0.564874390225221
"AWJ11_07070",173.533522200245,0.0967002864331703,0.154056965134508,0.627691752519859,0.530205889229989,0.568512724502256
"AWJ11_07270",460.145633045848,0.0684780896409684,0.111874237878752,0.612098825783147,0.540472374389477,0.579306315364128
"AWJ11_16405",19.8051654497533,-0.250835885754612,0.41477248510728,-0.604755365317287,0.54534155490779,0.584308944799387
"AWJ11_05790",11.5658163591102,0.314273490498372,0.520518818967702,0.603769698704923,0.545996767790074,0.584794465575305
"AWJ11_01645",33.6700847350941,0.188357779456447,0.315082387240072,0.597804850681581,0.549970153688758,0.588832269617191
"AWJ11_14140",3029.77588825047,-0.0495625998019835,0.0830555161894512,-0.596740614903053,0.550680571668049,0.589374842606263
"AWJ11_09955",493.575147473668,0.0686176258656689,0.115435895244277,0.594421914608669,0.552229954675689,0.590814598458944
"AWJ11_06610",398.385673267731,-0.0735973204503387,0.124231166336665,-0.592422357614279,0.553567798560439,0.592027054336256
"AWJ11_11135",22.80536811856,-0.224662784174308,0.386282437767561,-0.581602377453917,0.560834541157626,0.599577082419716
"AWJ11_11850",2113.83721488035,0.0471645170480616,0.0823256836743471,0.572901613968111,0.566711311735908,0.605636091640959
"AWJ11_04435",498.864992245586,0.0694480345839637,0.122198609983497,0.568320986575403,0.569817031211802,0.608505715249799
"AWJ11_09710",12.1433960222245,-0.30301583419759,0.532927633565318,-0.568587206053467,0.56963630925686,0.608505715249799
"AWJ11_10700",43.021502523637,-0.162311281903332,0.286122155000511,-0.567279670821164,0.570524186546178,0.6090361474971
"AWJ11_09875",17.9729707864994,0.265020016624691,0.471790158436496,0.561732821012974,0.574298068952423,0.612838721072387
"AWJ11_07160",7.77986761206055,-0.368627123699083,0.657916579158204,-0.560294626061463,0.5752784923235,0.613658664498419
"AWJ11_05840",129.614131999328,-0.100464585769449,0.180826219139562,-0.555586387015647,0.578493639611253,0.61686094069085
"AWJ11_08040",517.518585029159,-0.0736118286779711,0.132739698910686,-0.554557749355006,0.579197195039404,0.617383676774967
"AWJ11_09535",371.112852612482,0.0723174944611299,0.130481400996317,0.554236036009235,0.579417319167441,0.617390913722597
"AWJ11_00380",983.543433076185,-0.0591418400575473,0.107029503099557,-0.552575115690618,0.5805543855073,0.618374822104574
"AWJ11_03545",27.5786027985262,0.194765606251928,0.355090040513402,0.5484963925497,0.583351105613087,0.621125128640277
"AWJ11_01950",105.3864927151,-0.102690760160945,0.188234189382784,-0.545547865123047,0.585376769834006,0.623052729643109
"AWJ11_02320",33.3671674345998,-0.174561425720684,0.323348690218233,-0.539855057408365,0.589296993972482,0.626994669322192
"AWJ11_15305",88.2010811611618,-0.118557533806146,0.219801609972156,-0.539384283041259,0.58962172358516,0.627109617072934
"AWJ11_12890",25.0939310552852,-0.202730640325158,0.377748024704309,-0.536682198361857,0.591487154585408,0.628862536873685
"AWJ11_13725",65.9912797204603,0.124872627134777,0.233717120885313,0.534289600444176,0.593141186138795,0.630389494192315
"AWJ11_03890",370.85932816056,-0.0707078285303347,0.133237510638107,-0.53069010514905,0.595633543960416,0.632805975118005
"AWJ11_09255",97.2820223268629,0.104039700205296,0.198417073467437,0.524348527005012,0.600036150582712,0.637023365847264
"AWJ11_11490",520.520967859264,0.0599143014691389,0.11426655175786,0.524338054727528,0.600043433068293,0.637023365847264
"AWJ11_04320",24.5158542147343,0.189011400418912,0.361709643181566,0.522550072915902,0.601287392286397,0.638109905858758
"AWJ11_12880",88.0791539396373,-0.11331607446313,0.217087467214733,-0.521983493183618,0.601681823656072,0.638294427294968
"AWJ11_05785",580.460592911755,-0.0627370496219401,0.120624918104303,-0.520100246349531,0.602993706710633,0.639451735881484
"AWJ11_14925",4329.22221504402,0.0471503678587074,0.0932711922291568,0.505519086138239,0.613194296491609,0.650030876940189
"AWJ11_00090",1384.41843798038,0.0413565284725442,0.0823502279271737,0.502202963046049,0.615524758877344,0.6522624138378
"AWJ11_07045",9.18070600658208,-0.306014479037997,0.611263711985174,-0.500625954130612,0.616634392955355,0.653199097076427
"AWJ11_08035",6.32686654251756,-0.384861269498397,0.771619307199286,-0.498770917092927,0.617940778161886,0.65434343651683
"AWJ11_07365",16.7821832589723,-0.236127704371886,0.476375383299888,-0.495675705860809,0.620123230105238,0.656414275027271
"AWJ11_17000",52.7585432226023,-0.128325700830282,0.259388715064076,-0.494723530276104,0.620795289514648,0.656885399581496
"AWJ11_14250",3574.19233715884,-0.0429970150923565,0.0877420863126593,-0.490038667865058,0.624106536756011,0.660147776817213
"AWJ11_16795",764.6488954474,-0.0461873897630569,0.0945825539248184,-0.488328849734489,0.625316929862475,0.661186406657656
"AWJ11_11345",14.7668943458645,-0.243267563837339,0.499490266514542,-0.487031640345802,0.626235908792732,0.661916260060689
"AWJ11_11600",20.4543391779701,0.194083916558434,0.401826732098607,0.483003994146428,0.629092900225638,0.664693265152609
"AWJ11_16750",18.4320455601779,0.209600137405052,0.435679967748586,0.481087387350349,0.630454391786505,0.665888689719031
"AWJ11_13825",12.6717650323414,0.260152893209016,0.548228614630019,0.474533591035894,0.635119449968372,0.67057121058317
"AWJ11_10195",12.6303529562775,-0.244190502469843,0.522120776505735,-0.467689686865316,0.640006517294061,0.675484632038297
"AWJ11_05620",14.9905395077616,0.215602958318448,0.463868298248438,0.464793475071616,0.642079360870338,0.677425326415879
"AWJ11_00800",160.386852637245,0.0774792417858997,0.16745341419632,0.462691323182363,0.643585638596795,0.678767069278106
"AWJ11_05205",381.391154234157,-0.0543803808697646,0.117719389770983,-0.461949224979492,0.644117732612348,0.679080771650322
"AWJ11_00715",33.3471000608003,0.150781272827527,0.327476209117408,0.460434280810515,0.645204533311324,0.679898720471398
"AWJ11_12705",12.4519478326734,0.23791809737158,0.517341968515941,0.459885553174967,0.645598370371597,0.679898720471398
"AWJ11_16025",152.762647840368,-0.0816888888057799,0.177595588589261,-0.459971384732467,0.64553676011926,0.679898720471398
"AWJ11_12970",10.3557926259656,-0.259492622213874,0.568004583690782,-0.456849521403053,0.647779208507451,0.681947264249023
"AWJ11_04220",219.375801247205,-0.0663506610316864,0.145626421986603,-0.455622407847047,0.648661526880522,0.682627803197175
"AWJ11_03920",68.7114523224372,-0.107729420892792,0.237411209943002,-0.453767203826038,0.649996391028357,0.683783916988755
"AWJ11_09905",5.74773348098774,-0.344474263445487,0.765568586661769,-0.44995872276781,0.652740203962536,0.686420839486765
"AWJ11_08140",237.587122904191,-0.0623470404366188,0.140395781399993,-0.444080582870148,0.656984324313592,0.690632994756097
"AWJ11_14385",2604.85351926889,-0.0405223812415309,0.0931696442201071,-0.434931157897302,0.663612397628424,0.697347232656739
"AWJ11_09990",885.564908673151,0.0427182579195721,0.100357313071119,0.425661634536782,0.670354421763485,0.704176296400554
"AWJ11_05625",18.9046272961439,-0.183612900118347,0.436964650719536,-0.420200809873288,0.674338763181509,0.7078477985663
"AWJ11_13375",9.5663320801186,0.248868394063304,0.591873025395738,0.4204759862082,0.674137768475317,0.7078477985663
"AWJ11_14150",2976.71172557044,-0.0408938668409303,0.0977813717329833,-0.418217356907217,0.675788206598716,0.709112063051735
"AWJ11_15835",190.400339016673,-0.0641322079041105,0.153992847646308,-0.41646225058069,0.677071784899912,0.710201430047244
"AWJ11_14910",75.3555684895409,-0.095905744392554,0.23105409589273,-0.415079178847708,0.67808394104935,0.71100540775247
"AWJ11_01080",3081.1936322591,0.0384438089938004,0.0935519254379068,0.410935518578041,0.68111981712155,0.713671524529242
"AWJ11_07745",36.1692952252199,-0.127337108160966,0.309773618039036,-0.411065051204327,0.681024835746572,0.713671524529242
"AWJ11_02535",794.142411535401,0.0413377901851041,0.100704015447593,0.410488002900108,0.681448002339147,0.713756973857941
"AWJ11_10685",127.624130120849,-0.0738294249606211,0.184693887705461,-0.399739405985974,0.68934846476932,0.721770787641973
"AWJ11_08515",102.542829029192,-0.0832932957153722,0.209203816022027,-0.39814424659731,0.690523860554425,0.722600907624015
"AWJ11_15615",11.0646227389483,-0.225804237976063,0.567367614932088,-0.397985771540892,0.690640673976512,0.722600907624015
"AWJ11_13450",7.67796029100778,-0.258061863246237,0.652887535127588,-0.395262352796804,0.692649280170835,0.724178835554335
"AWJ11_13865",774.767106721842,-0.0436012910885076,0.11024048756106,-0.395510688070551,0.692466035338857,0.724178835554335
"AWJ11_15655",206.327699077921,-0.0560665326981778,0.142465325627284,-0.393545113179738,0.693916910809481,0.725242159582029
"AWJ11_00400",14.9716048104908,-0.188782339508904,0.482292567523247,-0.391427013852551,0.695481627809468,0.726615101400939
"AWJ11_07840",76.8017550717439,-0.0872631540196542,0.224673152830328,-0.388400451590916,0.697719710085758,0.728427431813919
"AWJ11_11890",46.5762379303936,0.106194593096481,0.273262147267976,0.388618014453135,0.697558738676966,0.728427431813919
"AWJ11_09605",23.8837393337759,0.142656465675113,0.376669313277451,0.378731318550587,0.704887394027522,0.735645192324431
"AWJ11_04980",39.3010525429532,-0.124288034917104,0.330462598879408,-0.376103181838316,0.706840188932218,0.737417269924239
"AWJ11_10985",44.9067158363717,-0.117689010123931,0.314526882414336,-0.374177905623009,0.708271960801644,0.73864470434593
"AWJ11_05210",1255.73849941143,-0.0345059495016838,0.0924230683750797,-0.373347802754705,0.708889602749957,0.739022518140626
"AWJ11_07420",196.599523574626,0.0572742563343566,0.154538870975615,0.37061391721565,0.710925114722085,0.740877667268892
"AWJ11_10765",15080.5812968355,-0.0278567876235584,0.0771964975908839,-0.360855589215851,0.718207404405999,0.748197346418632
"AWJ11_16495",73.9711482787898,0.0780691767736939,0.219354391950398,0.355904324866892,0.72191221682487,0.751786238032089
"AWJ11_01075",1542.52749991534,0.033694728820536,0.0947855800991552,0.355483701057565,0.722227253290226,0.751843766554645
"AWJ11_06600",1855.99046509173,-0.0385315361754148,0.110715500994913,-0.348022958205149,0.727822941842976,0.757396473820055
"AWJ11_02930",152.020938072997,0.0543197094878983,0.160838886922723,0.337727464590058,0.735568575853502,0.765181688900085
"AWJ11_07460",325.412922687204,-0.0415795997238975,0.123431401233752,-0.336864033854359,0.736219399096715,0.765583521734062
"AWJ11_14055",377.962582045915,0.0379027889533473,0.114082860151796,0.332239119030806,0.73970870708181,0.768935703410473
"AWJ11_07645",870.690687521353,0.0325207406327473,0.0989984862695252,0.328497352416167,0.742535645793442,0.771597184533652
"AWJ11_08920",82.7124961859982,-0.0693892118331427,0.211464018048578,-0.328137204965067,0.742807924462049,0.771603062955194
"AWJ11_10215",301.225190259709,-0.0460659109588244,0.142590644404869,-0.323064049195443,0.746646736172209,0.775312398450798
"AWJ11_13875",1728.30431015458,0.0273302349267857,0.0851651335311357,0.320908730998397,0.748279557221659,0.776729210401536
"AWJ11_16675",28.8711533327527,-0.110376079120106,0.344584952940865,-0.3203160154792,0.748728783642929,0.776916851868998
"AWJ11_12275",36.9627936909696,0.0965754185123616,0.301840260176368,0.319955391159323,0.749002147019416,0.77692194031333
"AWJ11_05190",37.8182152209667,0.0989776726311868,0.310244080922859,0.319031622897577,0.749702533155633,0.777366820006463
"AWJ11_09725",8.80749283329957,-0.196986711928642,0.619011400880753,-0.318227922213326,0.750312053955095,0.777366820006463
"AWJ11_10485",34.6716151057416,0.0991778972953152,0.311906759444302,0.317972901491498,0.750505492431948,0.777366820006463
"purN",730.713197033212,-0.0317962601733141,0.0998698390613848,-0.318377004230182,0.750198979440715,0.777366820006463
"AWJ11_00965",43.7611575704697,-0.0917367872677029,0.291237557010425,-0.314989550830559,0.752769587571282,0.779432982623002
"AWJ11_01495",22.5413496229127,-0.120688951826571,0.395407484371213,-0.305226776418998,0.760193440201887,0.786275845584082
"AWJ11_08420",8.52878701557122,-0.189035978572456,0.619308336171356,-0.305237258295441,0.760185457530882,0.786275845584082
"AWJ11_14045",10.3639197653579,-0.178641051244649,0.584574778495384,-0.305591444954993,0.759915735007182,0.786275845584082
"AWJ11_12840",15.9494635667892,-0.136529238286574,0.458930798941528,-0.297494172545104,0.76608925635842,0.792090856699274
"AWJ11_09055",7.04185706072865,-0.202828244387714,0.693935752553046,-0.292286776753457,0.770067368229437,0.79591962987714
"AWJ11_07100",170.538964232909,0.0456732651824996,0.156718615661549,0.291434843204179,0.770718769460995,0.796308503684441
"AWJ11_08970",25.4794075018266,0.110378105207106,0.381057604446752,0.28966251800003,0.772074433796591,0.797424486583631
"AWJ11_15130",10.3417654859116,-0.163975825014311,0.581306587508971,-0.282081484259424,0.777881030393819,0.803135105943529
"rpmA",2735.26420528945,-0.0332232492388087,0.120737489624431,-0.275169289523526,0.783186179947384,0.808324110116879
"AWJ11_03935",161.559729608985,-0.0446212082153483,0.163074892720056,-0.273624023116469,0.784373570539931,0.809261002902874
"AWJ11_06230",332.308339393598,-0.0346414949272068,0.12696344653214,-0.272846207892108,0.784971437888977,0.809589216411511
"AWJ11_07505",856.300509018828,0.0290174393115109,0.10730496171001,0.270420294169903,0.786836929011286,0.811224108499701
"AWJ11_16265",223.41014625434,-0.0376611488647942,0.14090910001768,-0.267272652086125,0.789259241551537,0.813431711200195
"AWJ11_09890",24.9576070538094,-0.0990595237476477,0.371340167207035,-0.266762210220093,0.789652252015586,0.813547033582451
"AWJ11_09585",22.3024313043069,0.105359512735616,0.396402264829129,0.265789381352379,0.790401421618221,0.814029079773357
"AWJ11_02495",26.3071496122003,0.101239577707142,0.387528608611659,0.26124413903231,0.793904241577818,0.817345739995093
"AWJ11_06990",29.5360142136887,0.110852355319066,0.425295266170708,0.260647987731355,0.794363979551644,0.817528220776123
"AWJ11_02645",2309.09638546764,-0.0287641382935518,0.111612234552435,-0.257714921745773,0.796626929133636,0.819565706687787
"AWJ11_01910",47.0298169650436,0.0664583411117985,0.269040806845492,0.247019557705851,0.804893088148132,0.827635745950796
"AWJ11_05520",22.4564219485645,-0.0952002003411445,0.38569797238461,-0.246825773422041,0.805043063182962,0.827635745950796
"AWJ11_11195",13.1174419583451,-0.123302679254695,0.505898273002844,-0.243730184178751,0.807439794606426,0.829804959371803
"AWJ11_02975",415.173157638966,-0.0278953080817073,0.115231721297583,-0.242080112729274,0.808718087709409,0.830823622943213
"AWJ11_14435",63.1778016922065,-0.0571261199651876,0.239109843803812,-0.238911619264237,0.811174115559326,0.833051061188321
"AWJ11_08205",193.487312813918,0.0359925283834541,0.151016245116209,0.238335474145562,0.811620909545307,0.833214229238779
"AWJ11_15425",19.0952609780405,-0.101326556970399,0.426815636428432,-0.237401229763495,0.812345535785861,0.833662404455419
"AWJ11_13885",174.997219698057,-0.0359303202726474,0.152344478713437,-0.2358491792816,0.813549704851657,0.834602214052001
"AWJ11_01800",304.500215508494,-0.0297775389359959,0.126812811959468,-0.234814909281512,0.814352395313635,0.835129635732693
"AWJ11_00745",567.510707123653,0.0276389430865386,0.119187881062256,0.231893904314834,0.816620419149285,0.837158871065544
"AWJ11_14430",328.678253270999,-0.030037847111237,0.130199189284754,-0.230706867502396,0.817542537948435,0.837807402557638
"AWJ11_04490",135.325424546943,0.0378572686787115,0.169401051353973,0.223477176653447,0.823164144376472,0.843269746486906
"AWJ11_15150",38.1307837145565,0.070539568801548,0.317050499502343,0.222486855918127,0.823934904332849,0.843760655746379
"AWJ11_11000",9.36519593347289,-0.131468015888573,0.601827167942938,-0.218448124131607,0.827079973152438,0.846681797772605
"AWJ11_12370",677.633631952017,0.0296789008991994,0.137817576021565,0.21534917211543,0.8294950950217,0.848853891440169
"AWJ11_00495",62.8367030431136,0.0521083046218245,0.24647646382679,0.211412902525424,0.832565089514907,0.851694368701358
"AWJ11_02420",56.5977566289789,0.0528123819216659,0.251592356056637,0.209912505886216,0.833735961396862,0.852590767590996
"AWJ11_04150",568.068132016035,0.0230906509262492,0.114667392418743,0.201370681230166,0.840408738617942,0.859110875860234
"AWJ11_05260",1635.45276868109,0.0165201118485814,0.0841221644991394,0.196382391572324,0.844310877407034,0.862795084468911
"AWJ11_05165",8.12273610701445,-0.125666312736048,0.644661673873121,-0.194933742502554,0.845444818173512,0.863344143893488
"AWJ11_12540",7.14553866603324,-0.137132422651584,0.703105029824569,-0.195038318365891,0.845362949891089,0.863344143893488
"AWJ11_00970",51.7249773394045,-0.0512901928084693,0.266017211209448,-0.192807798319809,0.847109495910419,0.864501965721074
"AWJ11_16970",676.133487956846,0.0266862464973392,0.138469599146948,0.192722782919441,0.847176079746015,0.864501965721074
"AWJ11_12165",223.640410945447,-0.0272433824385875,0.147757365013406,-0.18437918432097,0.85371599837311,0.870868558086634
"AWJ11_12950",9.61091968800655,-0.109034489239213,0.605798544418002,-0.179984732951056,0.857164553809396,0.874078301171386
"AWJ11_10470",41.668108321698,-0.0519672463133554,0.291573722452222,-0.178230211818457,0.858542183959811,0.875174737717398
"AWJ11_04465",1006.4834112097,0.0161250332076465,0.0925778862809599,0.174178023018472,0.861725556616055,0.877801394173483
"AWJ11_12435",958.791487963312,0.0179362589763014,0.102794316215244,0.174486874728989,0.861482844992905,0.877801394173483
"AWJ11_03900",10.0435452168738,-0.10100207311716,0.582520041654868,-0.173388151299011,0.862346337945423,0.878124666437035
"AWJ11_15935",9.85343418705357,0.0984747890492683,0.574147240287676,0.171514869600222,0.863818939432367,0.879314812070795
"AWJ11_05680",10.8632798517468,0.095670671479021,0.563061987184373,0.169911437206813,0.865079786322682,0.880288643325542
"AWJ11_00830",57.9225421588543,-0.0413837101285026,0.245774296597743,-0.168380952367183,0.866283591966909,0.8812037663101
"AWJ11_06070",42.4695305623325,0.0462500280501808,0.286043235936533,0.161688941529254,0.871550813330509,0.88625019458134
"AWJ11_14330",446.730880320784,-0.0186069950567584,0.117611037050984,-0.158207898878507,0.874292979738935,0.888726337676318
"AWJ11_10405",30.0307477041983,0.0526730367258753,0.334573857412037,0.157433211110117,0.874903441116454,0.889034606246846
"AWJ11_16880",86.8683387428108,0.033116390905831,0.214473476843221,0.154407861490672,0.877288155423881,0.891144935695581
"AWJ11_05845",2568.67092310532,0.013441636508715,0.0899131782067543,0.149495733292911,0.881162475875977,0.894766387784237
"AWJ11_10030",58.9353666666676,0.0341278955424531,0.243378848955667,0.140225396286058,0.888481906809097,0.901882370503516
"AWJ11_00935",1631.72680096556,-0.0109396611589011,0.0817378137768372,-0.133838436011622,0.893530333060526,0.906053533243574
"AWJ11_03455",478.966121102496,0.015162228407905,0.11319762026298,0.133944762908267,0.893446253504527,0.906053533243574
"AWJ11_03970",724.283304705646,-0.0127578543581408,0.0951176359500421,-0.134127117760176,0.893302056514085,0.906053533243574
"AWJ11_00750",310.325641748609,-0.0169347295216411,0.129158170830914,-0.131116207458613,0.89568338014939,0.907626988777525
"AWJ11_08535",46.9307061633747,-0.0394769902230408,0.302072802966017,-0.130687006031066,0.896022911865027,0.907626988777525
"AWJ11_12780",802.813118503561,0.0135475229941684,0.103431725816,0.130980343673939,0.89579085690764,0.907626988777525
"AWJ11_13730",18.0419986348092,0.056166827021419,0.433446668553355,0.129581863459415,0.896897253111396,0.908194769245759
"trkA",1008.70553330439,-0.0107152912248372,0.0939995192405117,-0.113993042851852,0.909243308494391,0.920374303876449
"AWJ11_02620",123.433551056561,0.0195712974896118,0.180108141317021,0.108664146698194,0.91346888020131,0.924328300455452
"AWJ11_00130",9.18141123117836,-0.0639775038679757,0.603298882124855,-0.106046117046733,0.915545762337848,0.925916574015434
"AWJ11_16375",13.2996010914804,0.052368691529789,0.494609008203623,0.105878968359245,0.915678381075387,0.925916574015434
"AWJ11_15740",76.3477740665546,-0.0246835074372988,0.237061533403419,-0.104122786531097,0.917071908105127,0.927001782066447
"AWJ11_15060",1185.93759283682,0.011720131573616,0.120344648147242,0.0973880579988598,0.922418227984282,0.932054157810961
"AWJ11_16680",7.76146110207159,0.0650326491392682,0.670334368585707,0.0970152392401961,0.922714292373325,0.932054157810961
"AWJ11_16660",22.1419275288789,0.0374222634765261,0.387753532379291,0.0965104385945878,0.923115183827774,0.932133755058471
"AWJ11_14460",129.997950459651,0.0164785043570732,0.17159366688738,0.096032124355081,0.923495058914453,0.93219208248986
"AWJ11_14405",538.501616391682,-0.0096149038002099,0.109470482846207,-0.0878310166377697,0.930010985308022,0.938442047238987
"AWJ11_04995",1190.27361755461,0.00706141176780571,0.0853165589585835,0.0827671890896776,0.934036658896331,0.942175702630178
"AWJ11_03510",12.4691613229426,-0.0435481048207259,0.529483206306409,-0.0822464325630091,0.934450750644202,0.94226497294924
"AWJ11_03300",7.57543074609203,0.0483255585937753,0.677046739300139,0.0713769903740017,0.94309772191442,0.950653015402415
"AWJ11_03445",25.5016913336612,0.0262087292157374,0.372213179518198,0.0704132219328254,0.943864767789257,0.951094929659509
"AWJ11_11985",262.946818629982,-0.0101819886215892,0.15654271612941,-0.0650428769433895,0.948139861646831,0.955070226107181
"AWJ11_00150",749.718928596211,-0.00765924580805031,0.126605348306391,-0.0604970162043595,0.951759792223146,0.958383033644323
"AWJ11_10345",21.8104668078428,0.0234402126947743,0.395689606960832,0.0592388889736358,0.952761835093196,0.958724878567354
"AWJ11_10625",31.4119044967645,0.0197188191391241,0.332834430194048,0.0592451301616474,0.952756864076478,0.958724878567354
"AWJ11_10160",24.1215680012515,0.0208633580053817,0.374673962525423,0.0556840348999861,0.955593518071742,0.961240056065215
"AWJ11_08935",36.4342256826426,-0.0165914193967158,0.309721347707411,-0.0535688596201945,0.957278667296881,0.96260057788644
"AWJ11_16510",14.5642456054947,-0.0231301618062419,0.473433362181332,-0.0488562143142392,0.961033883079173,0.965705575566363
"groEL",68146.1296979816,-0.00400993542335448,0.0815519653052358,-0.0491703101003874,0.960783571743906,0.965705575566363
"AWJ11_09300",17.1774506448356,-0.0201188882393406,0.440172997412493,-0.0457067751943149,0.963543963630855,0.967891784362268
"AWJ11_01480",17.0591849774403,0.0195999893419124,0.457843927174729,0.0428093247034209,0.965853530766938,0.969875127702817
"AWJ11_15560",876.385991280805,-0.00341358360743741,0.0927727657851649,-0.0367951044527689,0.970648377487773,0.974351857249259
"AWJ11_06720",11.7853815554114,0.0179752048459834,0.534566793029998,0.033625741591799,0.97317559505022,0.976549990317384
"AWJ11_01435",773.304066405607,-0.0029757159333549,0.0957000682608478,-0.0310941882010372,0.975194424573819,0.978236625551693
"AWJ11_08375",17.0805231928158,0.00820211810836564,0.447852872300519,0.0183143139536724,0.985388108498296,0.988119607066552
"AWJ11_00375",389.196423277893,-0.00179986365425114,0.120516395275437,-0.0149345958293691,0.988084359515913,0.990480130391081
"AWJ11_11170",4549.40066019728,-0.000596237303453046,0.0876748870040751,-0.0068005482964048,0.994573989332536,0.996424547220356
"AWJ11_15970",7.82530095049683,0.00457325659091509,0.688863948404136,0.00663883862918037,0.994703012066209,0.996424547220356
"AWJ11_13295",107.238283480796,-0.000956259837927259,0.192622045351349,-0.00496443611209199,0.996038969343423,0.997417569993033
"AWJ11_01065",12858.5761649331,-0.000362947162225294,0.0802991197004484,-0.00451993949098383,0.996393622344013,0.997427583211198
"AWJ11_16710",34.3877535242326,-0.00106683625554335,0.312544180159612,-0.00341339344408375,0.997276511359698,0.997966190828134
"AWJ11_09260",9.90631391225531,0.00113901409470851,0.584185074714774,0.00194974870808644,0.998444326594026,0.998444326594026
"AWJ11_09365",13.3150923950426,-0.00119500057230341,0.505848972789411,-0.00236236631205121,0.998115106145848,0.998444326594026
